ISO-10303-21;
HEADER;
FILE_DESCRIPTION (( 'STEP AP203' ),
    '1' );
FILE_NAME ('case.STEP',
    '2026-06-27T09:49:56',
    ( '' ),
    ( '' ),
    'SwSTEP 2.0',
    'SolidWorks 2025',
    '' );
FILE_SCHEMA (( 'CONFIG_CONTROL_DESIGN' ));
ENDSEC;

DATA;
#1 = ORIENTED_EDGE ( 'NONE', *, *, #4408, .F. ) ;
#2 = DIRECTION ( 'NONE',  ( 0.000000000000000000, 0.000000000000000000, -1.000000000000000000 ) ) ;
#3 = CYLINDRICAL_SURFACE ( 'NONE', #104, 1.939569763764970034 ) ;
#4 = DIRECTION ( 'NONE',  ( -1.000000000000000000, 0.000000000000000000, 0.000000000000000000 ) ) ;
#5 = ADVANCED_FACE ( 'NONE', ( #4937 ), #3795, .F. ) ;
#6 = CARTESIAN_POINT ( 'NONE',  ( -36.97721736514306201, 19.32163583045519317, 1016.913962591252925 ) ) ;
#7 = LOCAL_TIME ( 17, 49, 56.00000000000000000, #4581 ) ;
#8 = EDGE_LOOP ( 'NONE', ( #1915, #1876, #3907, #4590, #2231, #364, #648, #308, #4473, #3698, #1944, #2100, #565, #3006, #1027, #2575, #4068, #2552, #2229, #165, #4341, #329, #2664, #4413, #4504, #1016, #566, #13, #1365, #1844, #641, #2500, #4891, #389, #819, #3938, #1771, #3188, #1044, #2483, #2695, #4292, #3960, #3330 ) ) ;
#9 = DIRECTION ( 'NONE',  ( -0.000000000000000000, -0.000000000000000000, -1.000000000000000000 ) ) ;
#10 = CARTESIAN_POINT ( 'NONE',  ( -41.97721736514307622, -14.23259327800181495, 1005.450119563566773 ) ) ;
#11 = EDGE_CURVE ( 'NONE', #449, #4469, #3654, .T. ) ;
#12 = ORIENTED_EDGE ( 'NONE', *, *, #803, .F. ) ;
#13 = ORIENTED_EDGE ( 'NONE', *, *, #2549, .F. ) ;
#14 = VECTOR ( 'NONE', #2165, 1000.000000000000000 ) ;
#15 = FACE_OUTER_BOUND ( 'NONE', #4631, .T. ) ;
#16 = DIRECTION ( 'NONE',  ( 0.000000000000000000, 0.000000000000000000, 1.000000000000000000 ) ) ;
#17 = CARTESIAN_POINT ( 'NONE',  ( 31.42847732750292522, -21.65303777888381731, 1001.913962591253039 ) ) ;
#18 = VERTEX_POINT ( 'NONE', #3361 ) ;
#19 = CIRCLE ( 'NONE', #4289, 4.500000000000003553 ) ;
#20 = AXIS2_PLACEMENT_3D ( 'NONE', #1648, #3183, #3204 ) ;
#21 = DIRECTION ( 'NONE',  ( -1.000000000000000000, 0.000000000000000000, 0.000000000000000000 ) ) ;
#22 = CARTESIAN_POINT ( 'NONE',  ( -28.32357194782614584, 17.32163583045519317, 1001.913962591253039 ) ) ;
#23 = LINE ( 'NONE', #2360, #3026 ) ;
#24 = ORIENTED_EDGE ( 'NONE', *, *, #3730, .F. ) ;
#25 = VERTEX_POINT ( 'NONE', #3418 ) ;
#26 = EDGE_CURVE ( 'NONE', #1269, #4834, #4171, .T. ) ;
#27 = DIRECTION ( 'NONE',  ( -1.000000000000000000, 0.000000000000000000, 0.000000000000000000 ) ) ;
#28 = CARTESIAN_POINT ( 'NONE',  ( 35.07158772934652546, 8.577967428120430782, 1016.713962591252880 ) ) ;
#29 = PLANE ( 'NONE',  #1446 ) ;
#30 = DIRECTION ( 'NONE',  ( 0.000000000000000000, 0.000000000000000000, -1.000000000000000000 ) ) ;
#31 = VERTEX_POINT ( 'NONE', #665 ) ;
#32 = AXIS2_PLACEMENT_3D ( 'NONE', #4178, #4555, #3753 ) ;
#33 = VECTOR ( 'NONE', #407, 1000.000000000000000 ) ;
#34 = UNCERTAINTY_MEASURE_WITH_UNIT (LENGTH_MEASURE( 1.000000000000000082E-05 ), #1345, 'distance_accuracy_value', 'NONE');
#35 = AXIS2_PLACEMENT_3D ( 'NONE', #2692, #489, #2022 ) ;
#36 = CARTESIAN_POINT ( 'NONE',  ( -36.97721736514306201, -21.65303777888381731, 1014.913962591252925 ) ) ;
#37 = DIRECTION ( 'NONE',  ( 1.000000000000000000, -0.000000000000000000, -0.000000000000000000 ) ) ;
#38 = ORIENTED_EDGE ( 'NONE', *, *, #1425, .T. ) ;
#39 = AXIS2_PLACEMENT_3D ( 'NONE', #2811, #456, #4743 ) ;
#40 = ORIENTED_EDGE ( 'NONE', *, *, #3834, .F. ) ;
#41 = PRODUCT_RELATED_PRODUCT_CATEGORY ( 'detail', '', ( #1153 ) ) ;
#42 = EDGE_CURVE ( 'NONE', #2904, #3791, #4967, .T. ) ;
#43 = VECTOR ( 'NONE', #2487, 1000.000000000000000 ) ;
#44 = DIRECTION ( 'NONE',  ( 1.000000000000000000, 0.000000000000000000, -0.000000000000000000 ) ) ;
#45 = FACE_OUTER_BOUND ( 'NONE', #3861, .T. ) ;
#46 = CARTESIAN_POINT ( 'NONE',  ( -38.32824403722000994, 18.65931137067387979, 1016.913962591252925 ) ) ;
#47 = ORIENTED_EDGE ( 'NONE', *, *, #3367, .T. ) ;
#48 = EDGE_CURVE ( 'NONE', #341, #4618, #3034, .T. ) ;
#49 = CARTESIAN_POINT ( 'NONE',  ( -41.47721736514306201, 6.093707644691781944, 1014.913962591252925 ) ) ;
#50 = DIRECTION ( 'NONE',  ( 1.000000000000000000, 0.000000000000000000, 0.000000000000000000 ) ) ;
#51 = VECTOR ( 'NONE', #2783, 1000.000000000000000 ) ;
#52 = DIRECTION ( 'NONE',  ( 1.000000000000000000, -0.000000000000000000, -0.000000000000000000 ) ) ;
#53 = ORIENTED_EDGE ( 'NONE', *, *, #1146, .F. ) ;
#54 = VERTEX_POINT ( 'NONE', #3472 ) ;
#55 = AXIS2_PLACEMENT_3D ( 'NONE', #2404, #3649, #2126 ) ;
#56 = CARTESIAN_POINT ( 'NONE',  ( 26.64700021722460477, 9.315031817249179724, 1001.913962591253039 ) ) ;
#57 = DIRECTION ( 'NONE',  ( -0.000000000000000000, 0.000000000000000000, -1.000000000000000000 ) ) ;
#58 = FACE_OUTER_BOUND ( 'NONE', #1621, .T. ) ;
#59 = DIRECTION ( 'NONE',  ( -0.000000000000000000, -0.000000000000000000, -1.000000000000000000 ) ) ;
#60 = ORIENTED_EDGE ( 'NONE', *, *, #3520, .F. ) ;
#61 = DIRECTION ( 'NONE',  ( -1.000000000000000000, 0.000000000000000000, 0.000000000000000000 ) ) ;
#62 = LINE ( 'NONE', #2793, #2033 ) ;
#63 = AXIS2_PLACEMENT_3D ( 'NONE', #4501, #1850, #2583 ) ;
#64 = ORIENTED_EDGE ( 'NONE', *, *, #3148, .F. ) ;
#65 = EDGE_CURVE ( 'NONE', #4391, #2300, #507, .T. ) ;
#66 = ORIENTED_EDGE ( 'NONE', *, *, #2282, .T. ) ;
#67 = CARTESIAN_POINT ( 'NONE',  ( -28.34051892185214072, -14.54443224168383253, 1001.913962591253039 ) ) ;
#68 = CARTESIAN_POINT ( 'NONE',  ( -36.97721736514306201, -18.65303777888382086, 1014.913962591252925 ) ) ;
#69 = ORIENTED_EDGE ( 'NONE', *, *, #2683, .F. ) ;
#70 = EDGE_CURVE ( 'NONE', #900, #2538, #3416, .T. ) ;
#71 = CARTESIAN_POINT ( 'NONE',  ( -36.97721736514306201, 16.32163583045519673, 1014.913962591252925 ) ) ;
#72 = DIRECTION ( 'NONE',  ( -1.000000000000000000, 0.000000000000000000, 0.000000000000000000 ) ) ;
#73 = FACE_OUTER_BOUND ( 'NONE', #3774, .T. ) ;
#74 = ORIENTED_EDGE ( 'NONE', *, *, #4918, .F. ) ;
#75 = ADVANCED_FACE ( 'NONE', ( #1946 ), #3131, .F. ) ;
#76 = EDGE_LOOP ( 'NONE', ( #4923, #3236, #2065, #4181 ) ) ;
#77 = DIRECTION ( 'NONE',  ( -0.000000000000000000, -0.000000000000000000, -1.000000000000000000 ) ) ;
#78 = CARTESIAN_POINT ( 'NONE',  ( -41.47721736514306201, -18.65303777888382086, 1014.913962591252925 ) ) ;
#79 = DIRECTION ( 'NONE',  ( 1.000000000000000000, -0.000000000000000000, -0.000000000000000000 ) ) ;
#80 = DIRECTION ( 'NONE',  ( 0.000000000000000000, 0.000000000000000000, 1.000000000000000000 ) ) ;
#81 = DIRECTION ( 'NONE',  ( 1.000000000000000000, 0.000000000000000000, -0.000000000000000000 ) ) ;
#82 = FACE_OUTER_BOUND ( 'NONE', #3650, .T. ) ;
#83 = ORIENTED_EDGE ( 'NONE', *, *, #1611, .F. ) ;
#84 = ORIENTED_EDGE ( 'NONE', *, *, #2452, .T. ) ;
#85 = EDGE_CURVE ( 'NONE', #752, #2681, #4699, .T. ) ;
#86 = CARTESIAN_POINT ( 'NONE',  ( 34.42847732750292522, 11.87306331331018860, 1007.260119513240056 ) ) ;
#87 = ORIENTED_EDGE ( 'NONE', *, *, #1495, .F. ) ;
#88 = AXIS2_PLACEMENT_3D ( 'NONE', #4435, #3691, #2185 ) ;
#89 = VECTOR ( 'NONE', #3495, 1000.000000000000000 ) ;
#90 = DIRECTION ( 'NONE',  ( 0.000000000000000000, 0.000000000000000000, -1.000000000000000000 ) ) ;
#91 = DIRECTION ( 'NONE',  ( -0.000000000000000000, -0.000000000000000000, -1.000000000000000000 ) ) ;
#92 = CYLINDRICAL_SURFACE ( 'NONE', #3098, 3.000000000000002665 ) ;
#93 = VERTEX_POINT ( 'NONE', #1643 ) ;
#94 = ORIENTED_EDGE ( 'NONE', *, *, #3232, .F. ) ;
#95 = AXIS2_PLACEMENT_3D ( 'NONE', #2991, #1492, #2213 ) ;
#96 = AXIS2_PLACEMENT_3D ( 'NONE', #1451, #2979, #4153 ) ;
#97 = EDGE_CURVE ( 'NONE', #2951, #4892, #866, .T. ) ;
#98 = DIRECTION ( 'NONE',  ( 0.000000000000000000, -1.000000000000000000, 0.000000000000000000 ) ) ;
#99 = DIRECTION ( 'NONE',  ( -1.000000000000000000, 0.000000000000000000, 0.000000000000000000 ) ) ;
#100 = CARTESIAN_POINT ( 'NONE',  ( 32.42847732750293233, 11.87306331331018860, 1004.850119513241111 ) ) ;
#101 = CARTESIAN_POINT ( 'NONE',  ( 31.42847732750292522, 19.32163583045519317, 1001.913962591253039 ) ) ;
#102 = VECTOR ( 'NONE', #2466, 1000.000000000000000 ) ;
#103 = EDGE_CURVE ( 'NONE', #2804, #1976, #3198, .T. ) ;
#104 = AXIS2_PLACEMENT_3D ( 'NONE', #2105, #2511, #548 ) ;
#105 = CARTESIAN_POINT ( 'NONE',  ( 37.28571615137083484, 2.758971105582985750, 1009.553211086712963 ) ) ;
#106 = CARTESIAN_POINT ( 'NONE',  ( 29.99463058461726916, 12.31503181724918150, 1001.913962591253039 ) ) ;
#107 = ORIENTED_EDGE ( 'NONE', *, *, #1763, .F. ) ;
#108 = ORIENTED_EDGE ( 'NONE', *, *, #2594, .T. ) ;
#109 = CIRCLE ( 'NONE', #4784, 1.488739370277492036 ) ;
#110 = AXIS2_PLACEMENT_3D ( 'NONE', #1956, #2734, #90 ) ;
#111 = DIRECTION ( 'NONE',  ( -1.000000000000000000, 0.000000000000000000, 0.000000000000000000 ) ) ;
#112 = CIRCLE ( 'NONE', #919, 1.749999999999918288 ) ;
#113 = AXIS2_PLACEMENT_3D ( 'NONE', #3463, #2, #1496 ) ;
#114 = ORIENTED_EDGE ( 'NONE', *, *, #3159, .T. ) ;
#115 = EDGE_CURVE ( 'NONE', #4725, #4002, #109, .T. ) ;
#116 = CARTESIAN_POINT ( 'NONE',  ( 34.42847732750292522, 5.433063313312188392, 1004.850119513241111 ) ) ;
#117 = DIRECTION ( 'NONE',  ( 1.000000000000000000, 0.000000000000000000, 0.000000000000000000 ) ) ;
#118 = LINE ( 'NONE', #2337, #51 ) ;
#119 = VECTOR ( 'NONE', #241, 1000.000000000000000 ) ;
#120 = ORIENTED_EDGE ( 'NONE', *, *, #2581, .F. ) ;
#121 = ORIENTED_EDGE ( 'NONE', *, *, #1056, .F. ) ;
#122 = EDGE_CURVE ( 'NONE', #1749, #3749, #1263, .T. ) ;
#123 = DIRECTION ( 'NONE',  ( 1.000000000000000000, 0.000000000000000000, 0.000000000000000000 ) ) ;
#124 = CARTESIAN_POINT ( 'NONE',  ( 31.42847732750292522, -18.65303777888382086, 1014.913962591252925 ) ) ;
#125 = CYLINDRICAL_SURFACE ( 'NONE', #4832, 0.3000000000000016542 ) ;
#126 = DIRECTION ( 'NONE',  ( -0.000000000000000000, 1.000000000000000000, -0.000000000000000000 ) ) ;
#127 = ADVANCED_FACE ( 'NONE', ( #884 ), #2747, .T. ) ;
#128 = DIRECTION ( 'NONE',  ( 0.000000000000000000, 0.000000000000000000, -1.000000000000000000 ) ) ;
#129 = CARTESIAN_POINT ( 'NONE',  ( 24.64700021722460122, -21.65303777888381731, 996.9139625912529254 ) ) ;
#130 = ORIENTED_EDGE ( 'NONE', *, *, #4684, .T. ) ;
#131 = EDGE_CURVE ( 'NONE', #3316, #4168, #4294, .T. ) ;
#132 = ORIENTED_EDGE ( 'NONE', *, *, #1152, .F. ) ;
#133 = CARTESIAN_POINT ( 'NONE',  ( -33.92590926252307781, -21.65303777888381731, 1009.913962591253039 ) ) ;
#134 = EDGE_CURVE ( 'NONE', #1777, #4050, #62, .T. ) ;
#135 = ORIENTED_EDGE ( 'NONE', *, *, #2525, .T. ) ;
#136 = CARTESIAN_POINT ( 'NONE',  ( -20.87579369198157053, 19.82163583045519317, 1016.713962591252880 ) ) ;
#137 = CARTESIAN_POINT ( 'NONE',  ( -31.34051892185216204, -11.54443224168380766, 996.9139625912529254 ) ) ;
#138 = PERSON_AND_ORGANIZATION ( #512, #561 ) ;
#139 = VERTEX_POINT ( 'NONE', #844 ) ;
#140 = ORIENTED_EDGE ( 'NONE', *, *, #1236, .T. ) ;
#141 = ORIENTED_EDGE ( 'NONE', *, *, #1012, .T. ) ;
#142 = CARTESIAN_POINT ( 'NONE',  ( 34.42847732750292522, -18.65303777888382086, 1016.913962591252925 ) ) ;
#143 = EDGE_CURVE ( 'NONE', #414, #660, #3889, .T. ) ;
#144 = EDGE_CURVE ( 'NONE', #1777, #1808, #2012, .T. ) ;
#145 = DIRECTION ( 'NONE',  ( -1.000000000000000000, 0.000000000000000000, 0.000000000000000000 ) ) ;
#146 = CARTESIAN_POINT ( 'NONE',  ( 34.42847732750292522, 16.32163583045519673, 1014.913962591252925 ) ) ;
#147 = FACE_OUTER_BOUND ( 'NONE', #387, .T. ) ;
#148 = DIRECTION ( 'NONE',  ( 1.000000000000000000, -0.000000000000000000, 0.000000000000000000 ) ) ;
#149 = FACE_OUTER_BOUND ( 'NONE', #691, .T. ) ;
#150 = LINE ( 'NONE', #224, #102 ) ;
#151 = DIRECTION ( 'NONE',  ( -0.000000000000000000, -0.000000000000000000, 1.000000000000000000 ) ) ;
#152 = DIRECTION ( 'NONE',  ( -0.000000000000000000, -0.000000000000000000, -1.000000000000000000 ) ) ;
#153 = ORIENTED_EDGE ( 'NONE', *, *, #4591, .F. ) ;
#154 = ORIENTED_EDGE ( 'NONE', *, *, #611, .T. ) ;
#155 = ORIENTED_EDGE ( 'NONE', *, *, #2551, .F. ) ;
#156 = EDGE_CURVE ( 'NONE', #3387, #2629, #2705, .T. ) ;
#157 = CYLINDRICAL_SURFACE ( 'NONE', #249, 1.999999999999998224 ) ;
#158 = ORIENTED_EDGE ( 'NONE', *, *, #3021, .F. ) ;
#159 = EDGE_LOOP ( 'NONE', ( #4521, #1458, #3555, #3860 ) ) ;
#160 = EDGE_CURVE ( 'NONE', #2878, #3772, #3246, .T. ) ;
#161 = FACE_OUTER_BOUND ( 'NONE', #2351, .T. ) ;
#162 = DIRECTION ( 'NONE',  ( 0.000000000000000000, 0.000000000000000000, 1.000000000000000000 ) ) ;
#163 = ORIENTED_EDGE ( 'NONE', *, *, #365, .F. ) ;
#164 = ORIENTED_EDGE ( 'NONE', *, *, #1061, .F. ) ;
#165 = ORIENTED_EDGE ( 'NONE', *, *, #143, .F. ) ;
#166 = AXIS2_PLACEMENT_3D ( 'NONE', #4194, #406, #3081 ) ;
#167 = DIRECTION ( 'NONE',  ( 0.000000000000000000, -1.000000000000000000, 0.000000000000000000 ) ) ;
#168 = CARTESIAN_POINT ( 'NONE',  ( -33.92590926252407257, 16.58075571869518683, 1001.913962591253039 ) ) ;
#169 = DIRECTION ( 'NONE',  ( -0.000000000000000000, -0.000000000000000000, -1.000000000000000000 ) ) ;
#170 = FACE_OUTER_BOUND ( 'NONE', #4094, .T. ) ;
#171 = LINE ( 'NONE', #4848, #4947 ) ;
#172 = ADVANCED_FACE ( 'NONE', ( #3496 ), #3523, .T. ) ;
#173 = DIRECTION ( 'NONE',  ( 0.000000000000000000, 0.000000000000000000, 1.000000000000000000 ) ) ;
#174 = CIRCLE ( 'NONE', #1472, 1.065469383577623885 ) ;
#175 = CARTESIAN_POINT ( 'NONE',  ( 35.62847732750292806, -1.622572957961810891, 1006.950127645755060 ) ) ;
#176 = DIRECTION ( 'NONE',  ( -0.000000000000000000, 1.000000000000000000, -0.000000000000000000 ) ) ;
#177 = ORIENTED_EDGE ( 'NONE', *, *, #4571, .T. ) ;
#178 = ORIENTED_EDGE ( 'NONE', *, *, #3367, .F. ) ;
#179 = EDGE_CURVE ( 'NONE', #2422, #1151, #3317, .T. ) ;
#180 = DIRECTION ( 'NONE',  ( 0.000000000000000000, 0.000000000000000000, 1.000000000000000000 ) ) ;
#181 = ORIENTED_EDGE ( 'NONE', *, *, #2739, .T. ) ;
#182 = VECTOR ( 'NONE', #3560, 1000.000000000000000 ) ;
#183 = ORIENTED_EDGE ( 'NONE', *, *, #3948, .T. ) ;
#184 = ADVANCED_FACE ( 'NONE', ( #82 ), #4723, .T. ) ;
#185 = CIRCLE ( 'NONE', #3004, 2.000000000000001776 ) ;
#186 = AXIS2_PLACEMENT_3D ( 'NONE', #959, #2491, #1357 ) ;
#187 = DIRECTION ( 'NONE',  ( 0.000000000000000000, 1.000000000000000000, 0.000000000000000000 ) ) ;
#188 = CARTESIAN_POINT ( 'NONE',  ( 26.64700021722460477, 9.315031817249179724, 1001.913962591253039 ) ) ;
#189 = EDGE_LOOP ( 'NONE', ( #774, #1158, #231, #1227, #4609, #1404 ) ) ;
#190 = AXIS2_PLACEMENT_3D ( 'NONE', #1149, #4580, #4364 ) ;
#191 = ORIENTED_EDGE ( 'NONE', *, *, #2761, .T. ) ;
#192 = ORIENTED_EDGE ( 'NONE', *, *, #4382, .F. ) ;
#193 = EDGE_CURVE ( 'NONE', #719, #3281, #477, .T. ) ;
#194 = CARTESIAN_POINT ( 'NONE',  ( 26.64700021722460832, -21.65303777888381731, 1001.913962591253039 ) ) ;
#195 = CIRCLE ( 'NONE', #4069, 0.9842597834286564984 ) ;
#196 = CARTESIAN_POINT ( 'NONE',  ( 34.42847732750292522, -1.622572957961810891, 1006.950127645755060 ) ) ;
#197 = LINE ( 'NONE', #3194, #4219 ) ;
#198 = CARTESIAN_POINT ( 'NONE',  ( -34.56089783250507708, -14.31558395544890772, 996.9139625912529254 ) ) ;
#199 = CARTESIAN_POINT ( 'NONE',  ( 29.57421773772592033, -18.39474720230881033, 996.9139625912529254 ) ) ;
#200 = DIRECTION ( 'NONE',  ( 1.000000000000000000, 0.000000000000000000, 0.000000000000000000 ) ) ;
#201 = DIRECTION ( 'NONE',  ( -0.000000000000000000, -0.000000000000000000, -1.000000000000000000 ) ) ;
#202 = CARTESIAN_POINT ( 'NONE',  ( -41.47721736514306201, -10.40936937654906558, 1014.913962591252925 ) ) ;
#203 = DIRECTION ( 'NONE',  ( 1.000000000000000000, 0.000000000000000000, -0.000000000000000000 ) ) ;
#204 = VERTEX_POINT ( 'NONE', #2136 ) ;
#205 = EDGE_LOOP ( 'NONE', ( #4282, #4073, #1546, #3470 ) ) ;
#206 = CIRCLE ( 'NONE', #4979, 1.250000000000001110 ) ;
#207 = CARTESIAN_POINT ( 'NONE',  ( 31.42847732750292522, 19.32163583045519317, 1001.913962591253039 ) ) ;
#208 = ORIENTED_EDGE ( 'NONE', *, *, #2976, .F. ) ;
#209 = EDGE_CURVE ( 'NONE', #1325, #1955, #1721, .T. ) ;
#210 = ORIENTED_EDGE ( 'NONE', *, *, #1299, .F. ) ;
#211 = EDGE_CURVE ( 'NONE', #1143, #4394, #4466, .T. ) ;
#212 = CARTESIAN_POINT ( 'NONE',  ( 35.62847732750292806, 5.433063313312188392, 1007.260119513240056 ) ) ;
#213 = DIRECTION ( 'NONE',  ( -0.000000000000000000, -1.000000000000000000, -0.000000000000000000 ) ) ;
#214 = ORIENTED_EDGE ( 'NONE', *, *, #950, .T. ) ;
#215 = ORIENTED_EDGE ( 'NONE', *, *, #1824, .F. ) ;
#216 = ORIENTED_EDGE ( 'NONE', *, *, #1244, .F. ) ;
#217 = EDGE_CURVE ( 'NONE', #31, #2144, #4388, .T. ) ;
#218 = DIRECTION ( 'NONE',  ( 0.000000000000000000, 0.000000000000000000, 1.000000000000000000 ) ) ;
#219 = CARTESIAN_POINT ( 'NONE',  ( -28.32357194782614584, 12.33987306693118668, 996.9139625912529254 ) ) ;
#220 = CARTESIAN_POINT ( 'NONE',  ( 31.42847732750292522, -18.65303777888382086, 1014.913962591252925 ) ) ;
#221 = CARTESIAN_POINT ( 'NONE',  ( 35.62847732750292806, 5.433063313312188392, 1003.100119513241225 ) ) ;
#222 = ADVANCED_FACE ( 'NONE', ( #4410 ), #3664, .F. ) ;
#223 = LINE ( 'NONE', #2886, #1890 ) ;
#224 = CARTESIAN_POINT ( 'NONE',  ( 32.42847732750293233, 22.32163583045519317, 1016.913962591252925 ) ) ;
#225 = CARTESIAN_POINT ( 'NONE',  ( -33.92590926252307781, 19.32163583045519317, 1001.913962591253039 ) ) ;
#226 = DIRECTION ( 'NONE',  ( 0.000000000000000000, 0.000000000000000000, -1.000000000000000000 ) ) ;
#227 = ORIENTED_EDGE ( 'NONE', *, *, #372, .T. ) ;
#228 = VERTEX_POINT ( 'NONE', #2865 ) ;
#229 = DIRECTION ( 'NONE',  ( 1.000000000000000000, 0.000000000000000000, -0.000000000000000000 ) ) ;
#230 = ORIENTED_EDGE ( 'NONE', *, *, #1412, .T. ) ;
#231 = ORIENTED_EDGE ( 'NONE', *, *, #2463, .T. ) ;
#232 = ORIENTED_EDGE ( 'NONE', *, *, #4978, .T. ) ;
#233 = EDGE_CURVE ( 'NONE', #3679, #3166, #3005, .T. ) ;
#234 = DIRECTION ( 'NONE',  ( -0.000000000000000000, -0.000000000000000000, 1.000000000000000000 ) ) ;
#235 = FACE_OUTER_BOUND ( 'NONE', #927, .T. ) ;
#236 = PERSON_AND_ORGANIZATION_ROLE ( 'design_owner' ) ;
#237 = ORIENTED_EDGE ( 'NONE', *, *, #2334, .T. ) ;
#238 = AXIS2_PLACEMENT_3D ( 'NONE', #658, #1039, #2137 ) ;
#239 = ORIENTED_EDGE ( 'NONE', *, *, #3232, .T. ) ;
#240 = ORIENTED_EDGE ( 'NONE', *, *, #1683, .T. ) ;
#241 = DIRECTION ( 'NONE',  ( 0.000000000000000000, -1.000000000000000000, 0.000000000000000000 ) ) ;
#242 = CARTESIAN_POINT ( 'NONE',  ( -40.62032776698665515, 6.577967428120441440, 1016.713962591252880 ) ) ;
#243 = DIRECTION ( 'NONE',  ( 0.000000000000000000, 0.000000000000000000, -1.000000000000000000 ) ) ;
#244 = DIRECTION ( 'NONE',  ( 1.000000000000000000, 0.000000000000000000, 0.000000000000000000 ) ) ;
#245 = VECTOR ( 'NONE', #4091, 1000.000000000000000 ) ;
#246 = ADVANCED_FACE ( 'NONE', ( #3635 ), #2993, .T. ) ;
#247 = FACE_OUTER_BOUND ( 'NONE', #459, .T. ) ;
#248 = DIRECTION ( 'NONE',  ( 1.000000000000000000, 0.000000000000000000, 0.000000000000000000 ) ) ;
#249 = AXIS2_PLACEMENT_3D ( 'NONE', #1690, #3228, #111 ) ;
#250 = ORIENTED_EDGE ( 'NONE', *, *, #642, .F. ) ;
#251 = ORIENTED_EDGE ( 'NONE', *, *, #2272, .F. ) ;
#252 = ADVANCED_FACE ( 'NONE', ( #4361 ), #910, .F. ) ;
#253 = AXIS2_PLACEMENT_3D ( 'NONE', #3540, #3174, #80 ) ;
#254 = DIRECTION ( 'NONE',  ( -0.000000000000000000, 0.000000000000000000, -1.000000000000000000 ) ) ;
#255 = VERTEX_POINT ( 'NONE', #936 ) ;
#256 = ORIENTED_EDGE ( 'NONE', *, *, #3283, .T. ) ;
#257 = ORIENTED_EDGE ( 'NONE', *, *, #2549, .T. ) ;
#258 = AXIS2_PLACEMENT_3D ( 'NONE', #2055, #1349, #3603 ) ;
#259 = CARTESIAN_POINT ( 'NONE',  ( 32.22847732750289396, -21.65303777888381731, 1001.913962591253039 ) ) ;
#260 = DIRECTION ( 'NONE',  ( 1.000000000000000000, -0.000000000000000000, -0.000000000000000000 ) ) ;
#261 = ORIENTED_EDGE ( 'NONE', *, *, #4712, .T. ) ;
#262 = ORIENTED_EDGE ( 'NONE', *, *, #179, .T. ) ;
#263 = ORIENTED_EDGE ( 'NONE', *, *, #740, .T. ) ;
#264 = VECTOR ( 'NONE', #128, 1000.000000000000000 ) ;
#265 = VECTOR ( 'NONE', #1224, 1000.000000000000000 ) ;
#266 = CARTESIAN_POINT ( 'NONE',  ( 28.50874835414829889, -18.39474720230881033, 996.9139625912529254 ) ) ;
#267 = DIRECTION ( 'NONE',  ( 0.000000000000000000, 0.000000000000000000, -1.000000000000000000 ) ) ;
#268 = EDGE_CURVE ( 'NONE', #3721, #1800, #174, .T. ) ;
#269 = CARTESIAN_POINT ( 'NONE',  ( 37.42847732750293233, 15.22306331331012252, 1004.850119513241111 ) ) ;
#270 = CIRCLE ( 'NONE', #357, 1.939569763764970034 ) ;
#271 = FACE_OUTER_BOUND ( 'NONE', #1834, .T. ) ;
#272 = AXIS2_PLACEMENT_3D ( 'NONE', #3173, #2032, #2058 ) ;
#273 = AXIS2_PLACEMENT_3D ( 'NONE', #472, #1186, #3193 ) ;
#274 = LINE ( 'NONE', #4115, #4044 ) ;
#275 = CARTESIAN_POINT ( 'NONE',  ( -38.02824403722000568, 18.65931137067387979, 1001.913962591253039 ) ) ;
#276 = EDGE_CURVE ( 'NONE', #4976, #3316, #150, .T. ) ;
#277 = CARTESIAN_POINT ( 'NONE',  ( -41.47721736514306201, -8.425109593120406970, 1016.713962591252880 ) ) ;
#278 = VERTEX_POINT ( 'NONE', #1765 ) ;
#279 = ORIENTED_EDGE ( 'NONE', *, *, #4325, .F. ) ;
#280 = CARTESIAN_POINT ( 'NONE',  ( 12.57705365434141598, -23.15303777888381731, 1016.713962591252880 ) ) ;
#281 = ORIENTED_EDGE ( 'NONE', *, *, #3175, .T. ) ;
#282 = EDGE_CURVE ( 'NONE', #3528, #3891, #4033, .T. ) ;
#283 = EDGE_LOOP ( 'NONE', ( #949, #649, #2897, #942, #2451, #2527, #1591, #4022, #2073, #3566, #130, #3473, #1361 ) ) ;
#284 = VERTEX_POINT ( 'NONE', #2110 ) ;
#285 = CARTESIAN_POINT ( 'NONE',  ( -33.97721736514307622, -14.23259327800181495, 1005.450119563566773 ) ) ;
#286 = EDGE_CURVE ( 'NONE', #4618, #3781, #2765, .T. ) ;
#287 = CARTESIAN_POINT ( 'NONE',  ( 15.32705365434141775, -22.15303777888381376, 1016.713962591252880 ) ) ;
#288 = DIRECTION ( 'NONE',  ( 1.156482317317869161E-15, -1.000000000000000000, 0.000000000000000000 ) ) ;
#289 = SHAPE_DEFINITION_REPRESENTATION ( #2388, #2490 ) ;
#290 = EDGE_LOOP ( 'NONE', ( #1218, #3815, #533, #3306, #3184, #1590, #38, #4560, #3059, #2777, #1732, #1254, #1567, #1901, #3305, #519 ) ) ;
#291 = EDGE_LOOP ( 'NONE', ( #3640, #1138, #3614, #3855 ) ) ;
#292 = EDGE_LOOP ( 'NONE', ( #2224, #1422, #4018, #1264 ) ) ;
#293 = CARTESIAN_POINT ( 'NONE',  ( 35.92847732750292522, 16.32163583045519673, 1014.913962591252925 ) ) ;
#294 = DIRECTION ( 'NONE',  ( -0.000000000000000000, -0.000000000000000000, -1.000000000000000000 ) ) ;
#295 = CARTESIAN_POINT ( 'NONE',  ( -32.42590672252307371, -18.84873628028381276, 1009.913962591253039 ) ) ;
#296 = LINE ( 'NONE', #4956, #4770 ) ;
#297 = CIRCLE ( 'NONE', #458, 0.9842597834286564984 ) ;
#298 = EDGE_CURVE ( 'NONE', #4168, #1482, #4057, .T. ) ;
#299 = EDGE_CURVE ( 'NONE', #2878, #4096, #1884, .T. ) ;
#300 = CARTESIAN_POINT ( 'NONE',  ( 29.07081667092342769, 16.56833509385418779, 1009.913962591253039 ) ) ;
#301 = DIRECTION ( 'NONE',  ( -0.000000000000000000, -0.000000000000000000, 1.000000000000000000 ) ) ;
#302 = DIRECTION ( 'NONE',  ( -1.000000000000000000, 0.000000000000000000, 0.000000000000000000 ) ) ;
#303 = DIRECTION ( 'NONE',  ( 0.000000000000000000, 2.102695122399332711E-14, 1.000000000000000000 ) ) ;
#304 = ORIENTED_EDGE ( 'NONE', *, *, #3256, .F. ) ;
#305 = VECTOR ( 'NONE', #467, 1000.000000000000000 ) ;
#306 = DIRECTION ( 'NONE',  ( -1.000000000000000000, 0.000000000000000000, 0.000000000000000000 ) ) ;
#307 = EDGE_LOOP ( 'NONE', ( #2372, #2896, #1665, #4340 ) ) ;
#308 = ORIENTED_EDGE ( 'NONE', *, *, #4083, .T. ) ;
#309 = EDGE_LOOP ( 'NONE', ( #4283, #2406, #3924, #1601 ) ) ;
#310 = VECTOR ( 'NONE', #2240, 1000.000000000000000 ) ;
#311 = EDGE_CURVE ( 'NONE', #4349, #1419, #995, .T. ) ;
#312 = CARTESIAN_POINT ( 'NONE',  ( -19.37579369198156698, 20.82163583045519673, 1016.713962591252880 ) ) ;
#313 = CARTESIAN_POINT ( 'NONE',  ( 32.42847732750293233, 11.87306331331018860, 1005.510119513240056 ) ) ;
#314 = CARTESIAN_POINT ( 'NONE',  ( -39.97721736514306912, -14.23259327800181495, 1003.810549799801720 ) ) ;
#315 = COORDINATED_UNIVERSAL_TIME_OFFSET ( 8, 0, .AHEAD. ) ;
#316 = VERTEX_POINT ( 'NONE', #3690 ) ;
#317 = ORIENTED_EDGE ( 'NONE', *, *, #3770, .T. ) ;
#318 = VERTEX_POINT ( 'NONE', #1383 ) ;
#319 = EDGE_CURVE ( 'NONE', #1996, #1287, #2917, .T. ) ;
#320 = LOCAL_TIME ( 17, 49, 56.00000000000000000, #4868 ) ;
#321 = DIRECTION ( 'NONE',  ( -0.000000000000000000, -0.000000000000000000, -1.000000000000000000 ) ) ;
#322 = DIRECTION ( 'NONE',  ( 1.000000000000000000, 0.000000000000000000, 0.000000000000000000 ) ) ;
#323 = DIRECTION ( 'NONE',  ( 1.000000000000000000, 0.000000000000000000, 0.000000000000000000 ) ) ;
#324 = CARTESIAN_POINT ( 'NONE',  ( -33.92590926252307781, -18.84873628028381276, 1009.913962591253039 ) ) ;
#325 = CYLINDRICAL_SURFACE ( 'NONE', #113, 0.3000000000000016542 ) ;
#326 = DIRECTION ( 'NONE',  ( -1.000000000000000000, 0.000000000000000000, 0.000000000000000000 ) ) ;
#327 = CARTESIAN_POINT ( 'NONE',  ( -38.02824403722000568, 12.33987306693120978, 996.9139625912529254 ) ) ;
#328 = DIRECTION ( 'NONE',  ( 1.000000000000000000, 0.000000000000000000, 0.000000000000000000 ) ) ;
#329 = ORIENTED_EDGE ( 'NONE', *, *, #2849, .F. ) ;
#330 = LINE ( 'NONE', #3447, #89 ) ;
#331 = ORIENTED_EDGE ( 'NONE', *, *, #1716, .F. ) ;
#332 = EDGE_CURVE ( 'NONE', #2300, #2349, #4090, .T. ) ;
#333 = ORIENTED_EDGE ( 'NONE', *, *, #1640, .T. ) ;
#334 = ORIENTED_EDGE ( 'NONE', *, *, #1184, .F. ) ;
#335 = DIRECTION ( 'NONE',  ( -0.000000000000000000, -0.000000000000000000, -1.000000000000000000 ) ) ;
#336 = CARTESIAN_POINT ( 'NONE',  ( 37.12847732750292806, 11.87306331331018860, 1005.510119513240056 ) ) ;
#337 = CARTESIAN_POINT ( 'NONE',  ( -41.47721736514306201, 6.093707644691781944, 1016.713962591252880 ) ) ;
#338 = AXIS2_PLACEMENT_3D ( 'NONE', #4963, #301, #2996 ) ;
#339 = ORIENTED_EDGE ( 'NONE', *, *, #4558, .F. ) ;
#340 = EDGE_CURVE ( 'NONE', #2977, #4618, #4771, .T. ) ;
#341 = VERTEX_POINT ( 'NONE', #4189 ) ;
#342 = AXIS2_PLACEMENT_3D ( 'NONE', #2391, #1210, #451 ) ;
#343 = CARTESIAN_POINT ( 'NONE',  ( 29.07081667092392507, 19.32163583045519317, 1001.913962591253039 ) ) ;
#344 = CARTESIAN_POINT ( 'NONE',  ( -21.62579369198158474, -23.15303777888382086, 1016.713962591252880 ) ) ;
#345 = PLANE ( 'NONE',  #1156 ) ;
#346 = DIRECTION ( 'NONE',  ( 1.000000000000000000, 0.000000000000000000, -0.000000000000000000 ) ) ;
#347 = EDGE_CURVE ( 'NONE', #2043, #2456, #274, .T. ) ;
#348 = VECTOR ( 'NONE', #3532, 1000.000000000000000 ) ;
#349 = AXIS2_PLACEMENT_3D ( 'NONE', #818, #3105, #1599 ) ;
#350 = VECTOR ( 'NONE', #4755, 1000.000000000000000 ) ;
#351 = VECTOR ( 'NONE', #1864, 1000.000000000000000 ) ;
#352 = DIRECTION ( 'NONE',  ( 0.000000000000000000, 0.000000000000000000, 1.000000000000000000 ) ) ;
#353 = CARTESIAN_POINT ( 'NONE',  ( 0.000000000000000000, 0.000000000000000000, 1003.413962591253039 ) ) ;
#354 = PLANE ( 'NONE',  #4010 ) ;
#355 = CARTESIAN_POINT ( 'NONE',  ( 32.65069954972511113, -21.39277733575893592, 1016.913962591252925 ) ) ;
#356 = VERTEX_POINT ( 'NONE', #3788 ) ;
#357 = AXIS2_PLACEMENT_3D ( 'NONE', #1307, #1740, #4089 ) ;
#358 = B_SPLINE_CURVE_WITH_KNOTS ( 'NONE', 3,
 ( #4269, #4677, #105, #2011, #817, #2746 ),
 .UNSPECIFIED., .F., .F.,
 ( 4, 2, 4 ),
 ( 0.000000000000000000, 0.0002352196101518579921, 0.0004704392203037159842 ),
 .UNSPECIFIED. ) ;
#359 = DIRECTION ( 'NONE',  ( -1.000000000000000000, 0.000000000000000000, 0.000000000000000000 ) ) ;
#360 = DIRECTION ( 'NONE',  ( -0.000000000000000000, -0.000000000000000000, 1.000000000000000000 ) ) ;
#361 = VECTOR ( 'NONE', #2945, 1000.000000000000000 ) ;
#362 = AXIS2_PLACEMENT_3D ( 'NONE', #1302, #4821, #4456 ) ;
#363 = EDGE_LOOP ( 'NONE', ( #3082, #738, #262, #261 ) ) ;
#364 = ORIENTED_EDGE ( 'NONE', *, *, #2720, .F. ) ;
#365 = EDGE_CURVE ( 'NONE', #25, #2382, #2239, .T. ) ;
#366 = ADVANCED_FACE ( 'NONE', ( #3410 ), #3812, .F. ) ;
#367 = DIRECTION ( 'NONE',  ( -1.000000000000000000, 0.000000000000000000, 0.000000000000000000 ) ) ;
#368 = CARTESIAN_POINT ( 'NONE',  ( 32.42847732750293233, 3.683063313312188392, 1004.850119513241111 ) ) ;
#369 = CARTESIAN_POINT ( 'NONE',  ( 32.22847732750289396, -18.66656377578255288, 1003.413962591253039 ) ) ;
#370 = ORIENTED_EDGE ( 'NONE', *, *, #1662, .T. ) ;
#371 = ORIENTED_EDGE ( 'NONE', *, *, #4559, .T. ) ;
#372 = EDGE_CURVE ( 'NONE', #596, #820, #1486, .T. ) ;
#373 = LINE ( 'NONE', #293, #3985 ) ;
#374 = CARTESIAN_POINT ( 'NONE',  ( -41.47721736514306201, -10.40936937654906558, 1016.713962591252880 ) ) ;
#375 = DIRECTION ( 'NONE',  ( -0.000000000000000000, -0.000000000000000000, -1.000000000000000000 ) ) ;
#376 = DIRECTION ( 'NONE',  ( -0.000000000000000000, -0.000000000000000000, 1.000000000000000000 ) ) ;
#377 = ORIENTED_EDGE ( 'NONE', *, *, #3547, .F. ) ;
#378 = EDGE_CURVE ( 'NONE', #1370, #1105, #590, .T. ) ;
#379 = LINE ( 'NONE', #711, #3332 ) ;
#380 = PLANE ( 'NONE',  #2117 ) ;
#381 = CARTESIAN_POINT ( 'NONE',  ( 31.42847732750292522, -21.65303777888381731, 1016.913962591252925 ) ) ;
#382 = CARTESIAN_POINT ( 'NONE',  ( -26.34051892185214427, -21.65303777888381731, 1001.913962591253039 ) ) ;
#383 = VERTEX_POINT ( 'NONE', #2184 ) ;
#384 = AXIS2_PLACEMENT_3D ( 'NONE', #1309, #3221, #2416 ) ;
#385 = ADVANCED_FACE ( 'NONE', ( #712 ), #380, .T. ) ;
#386 = CYLINDRICAL_SURFACE ( 'NONE', #4519, 2.987305054610003285 ) ;
#387 = EDGE_LOOP ( 'NONE', ( #4872, #2496, #4782, #898 ) ) ;
#388 = ORIENTED_EDGE ( 'NONE', *, *, #655, .T. ) ;
#389 = ORIENTED_EDGE ( 'NONE', *, *, #3750, .F. ) ;
#390 = LINE ( 'NONE', #1147, #1622 ) ;
#391 = CARTESIAN_POINT ( 'NONE',  ( -41.19464900133603180, -10.90936937654906558, 1014.913962591252925 ) ) ;
#392 = DIRECTION ( 'NONE',  ( -1.000000000000000000, 2.312964634635740689E-15, 0.000000000000000000 ) ) ;
#393 = ORIENTED_EDGE ( 'NONE', *, *, #3383, .T. ) ;
#394 = EDGE_CURVE ( 'NONE', #2982, #2387, #4568, .T. ) ;
#395 = CARTESIAN_POINT ( 'NONE',  ( -42.97721736514308333, -7.232593278003813353, 1007.389689327331780 ) ) ;
#396 = CARTESIAN_POINT ( 'NONE',  ( -26.34051892185214427, -19.65303777888381731, 1001.913962591253039 ) ) ;
#397 = DIRECTION ( 'NONE',  ( 1.000000000000000000, 0.000000000000000000, 0.000000000000000000 ) ) ;
#398 = EDGE_LOOP ( 'NONE', ( #3211, #3623, #1341, #2507 ) ) ;
#399 = ORIENTED_EDGE ( 'NONE', *, *, #42, .F. ) ;
#400 = DIRECTION ( 'NONE',  ( -0.000000000000000000, -0.000000000000000000, -1.000000000000000000 ) ) ;
#401 = CARTESIAN_POINT ( 'NONE',  ( 35.07158772934651836, -8.909369376549079789, 1016.713962591252880 ) ) ;
#402 = CARTESIAN_POINT ( 'NONE',  ( 28.64700021722461898, -11.54443224168380944, 996.9139625912529254 ) ) ;
#403 = DIRECTION ( 'NONE',  ( -0.000000000000000000, -0.000000000000000000, -1.000000000000000000 ) ) ;
#404 = ADVANCED_FACE ( 'NONE', ( #2966 ), #4594, .F. ) ;
#405 = ORIENTED_EDGE ( 'NONE', *, *, #1290, .F. ) ;
#406 = DIRECTION ( 'NONE',  ( -0.000000000000000000, -0.000000000000000000, -1.000000000000000000 ) ) ;
#407 = DIRECTION ( 'NONE',  ( 0.000000000000000000, -2.036985899824353436E-14, -1.000000000000000000 ) ) ;
#408 = ORIENTED_EDGE ( 'NONE', *, *, #2272, .T. ) ;
#409 = EDGE_CURVE ( 'NONE', #460, #2738, #1038, .T. ) ;
#410 = ORIENTED_EDGE ( 'NONE', *, *, #513, .T. ) ;
#411 = DIRECTION ( 'NONE',  ( 1.000000000000000000, 0.000000000000000000, 0.000000000000000000 ) ) ;
#412 = DIRECTION ( 'NONE',  ( 1.000000000000000000, 0.000000000000000000, 0.000000000000000000 ) ) ;
#413 = DIRECTION ( 'NONE',  ( -0.000000000000000000, -0.000000000000000000, -1.000000000000000000 ) ) ;
#414 = VERTEX_POINT ( 'NONE', #3380 ) ;
#415 = CIRCLE ( 'NONE', #1067, 1.250000000000002887 ) ;
#416 = DIRECTION ( 'NONE',  ( 1.000000000000000000, -0.000000000000000000, 0.000000000000000000 ) ) ;
#417 = PLANE ( 'NONE',  #4458 ) ;
#418 = DIRECTION ( 'NONE',  ( -1.000000000000000000, 0.000000000000000000, 0.000000000000000000 ) ) ;
#419 = VERTEX_POINT ( 'NONE', #4985 ) ;
#420 = ORIENTED_EDGE ( 'NONE', *, *, #217, .F. ) ;
#421 = ADVANCED_FACE ( 'NONE', ( #3028 ), #4142, .F. ) ;
#422 = EDGE_CURVE ( 'NONE', #2418, #3528, #4884, .T. ) ;
#423 = DIRECTION ( 'NONE',  ( 0.000000000000000000, -1.000000000000000000, 0.000000000000000000 ) ) ;
#424 = DIRECTION ( 'NONE',  ( -0.000000000000000000, -1.000000000000000000, -0.000000000000000000 ) ) ;
#425 = AXIS2_PLACEMENT_3D ( 'NONE', #4005, #1760, #602 ) ;
#426 = DIRECTION ( 'NONE',  ( -1.000000000000000000, 0.000000000000000000, 0.000000000000000000 ) ) ;
#427 = FACE_OUTER_BOUND ( 'NONE', #1483, .T. ) ;
#428 = ORIENTED_EDGE ( 'NONE', *, *, #746, .T. ) ;
#429 = CIRCLE ( 'NONE', #1237, 1.749999999999918288 ) ;
#430 = VECTOR ( 'NONE', #4339, 1000.000000000000000 ) ;
#431 = CIRCLE ( 'NONE', #2559, 1.749999999999918288 ) ;
#432 = EDGE_CURVE ( 'NONE', #3225, #1185, #2523, .T. ) ;
#433 = DIRECTION ( 'NONE',  ( 1.000000000000000000, 0.000000000000000000, 0.000000000000000000 ) ) ;
#434 = CARTESIAN_POINT ( 'NONE',  ( 32.22847732750289396, -21.65303777888381731, 996.9139625912529254 ) ) ;
#435 = CIRCLE ( 'NONE', #3248, 0.5743212343493758754 ) ;
#436 = ORIENTED_EDGE ( 'NONE', *, *, #1623, .F. ) ;
#437 = VECTOR ( 'NONE', #2432, 1000.000000000000000 ) ;
#438 = ORIENTED_EDGE ( 'NONE', *, *, #2651, .T. ) ;
#439 = CIRCLE ( 'NONE', #1405, 2.999999999999999112 ) ;
#440 = VECTOR ( 'NONE', #3629, 1000.000000000000000 ) ;
#441 = EDGE_CURVE ( 'NONE', #2550, #1903, #3823, .T. ) ;
#442 = PLANE ( 'NONE',  #896 ) ;
#443 = PLANE ( 'NONE',  #4636 ) ;
#444 = ORIENTED_EDGE ( 'NONE', *, *, #3168, .F. ) ;
#445 = CARTESIAN_POINT ( 'NONE',  ( 37.12847732750292806, -1.167094277858411688, 1006.650127645755106 ) ) ;
#446 = CARTESIAN_POINT ( 'NONE',  ( 14.82705365434141775, -23.15303777888381376, 1016.713962591252880 ) ) ;
#447 = CARTESIAN_POINT ( 'NONE',  ( -36.97721736514306201, -18.65303777888382086, 1016.913962591252925 ) ) ;
#448 = ORIENTED_EDGE ( 'NONE', *, *, #2463, .F. ) ;
#449 = VERTEX_POINT ( 'NONE', #1467 ) ;
#450 = CARTESIAN_POINT ( 'NONE',  ( -32.42590672252307371, 16.58075571869518683, 1009.913962591253039 ) ) ;
#451 = DIRECTION ( 'NONE',  ( 0.000000000000000000, 0.000000000000000000, 1.000000000000000000 ) ) ;
#452 = CARTESIAN_POINT ( 'NONE',  ( 35.62847732750292806, 5.433063313312188392, 1012.796278708578711 ) ) ;
#453 = CARTESIAN_POINT ( 'NONE',  ( 31.42847732750292522, -23.15303777888382086, 1014.913962591252925 ) ) ;
#454 = VERTEX_POINT ( 'NONE', #2943 ) ;
#455 = ADVANCED_FACE ( 'NONE', ( #4214 ), #4541, .F. ) ;
#456 = DIRECTION ( 'NONE',  ( 0.000000000000000000, 0.000000000000000000, 1.000000000000000000 ) ) ;
#457 = DIRECTION ( 'NONE',  ( -1.000000000000000000, 0.000000000000000000, -0.000000000000000000 ) ) ;
#458 = AXIS2_PLACEMENT_3D ( 'NONE', #1148, #3611, #777 ) ;
#459 = EDGE_LOOP ( 'NONE', ( #2950, #2877, #987, #4911 ) ) ;
#460 = VERTEX_POINT ( 'NONE', #2623 ) ;
#461 = CARTESIAN_POINT ( 'NONE',  ( -38.47835811189522559, 18.91905309736484497, 1001.913962591253039 ) ) ;
#462 = EDGE_LOOP ( 'NONE', ( #2362, #4226, #3347, #1394 ) ) ;
#463 = CIRCLE ( 'NONE', #1433, 0.9842597834286564984 ) ;
#464 = EDGE_CURVE ( 'NONE', #4271, #2075, #765, .T. ) ;
#465 = CARTESIAN_POINT ( 'NONE',  ( 32.22847732750289396, -18.66656377578255288, 1003.413962591253039 ) ) ;
#466 = CYLINDRICAL_SURFACE ( 'NONE', #2115, 4.999999999999997335 ) ;
#467 = DIRECTION ( 'NONE',  ( 1.156482317317869161E-15, -1.000000000000000000, 0.000000000000000000 ) ) ;
#468 = ORIENTED_EDGE ( 'NONE', *, *, #3021, .T. ) ;
#469 = EDGE_LOOP ( 'NONE', ( #1099, #3201, #4844, #4893 ) ) ;
#470 = ADVANCED_FACE ( 'NONE', ( #2320 ), #2788, .F. ) ;
#471 = VECTOR ( 'NONE', #79, 1000.000000000000000 ) ;
#472 = CARTESIAN_POINT ( 'NONE',  ( 26.64700021722458345, 12.31503181724917795, 1001.913962591253039 ) ) ;
#473 = LINE ( 'NONE', #2722, #1230 ) ;
#474 = FACE_BOUND ( 'NONE', #4992, .T. ) ;
#475 = CARTESIAN_POINT ( 'NONE',  ( 28.50874835414829889, -12.21471164223880734, 996.9139625912529254 ) ) ;
#476 = FACE_OUTER_BOUND ( 'NONE', #2207, .T. ) ;
#477 = LINE ( 'NONE', #3610, #1704 ) ;
#478 = CC_DESIGN_APPROVAL ( #3769, ( #814 ) ) ;
#479 = EDGE_CURVE ( 'NONE', #556, #1756, #835, .T. ) ;
#480 = ORIENTED_EDGE ( 'NONE', *, *, #4671, .F. ) ;
#481 = ORIENTED_EDGE ( 'NONE', *, *, #2880, .T. ) ;
#482 = CARTESIAN_POINT ( 'NONE',  ( -39.97721736514306912, -18.65303777888382086, 1003.810549799801720 ) ) ;
#483 = ADVANCED_FACE ( 'NONE', ( #3074, #2700 ), #3863, .T. ) ;
#484 = EDGE_CURVE ( 'NONE', #1325, #4725, #3933, .T. ) ;
#485 = EDGE_LOOP ( 'NONE', ( #3671, #3097, #2398, #2166, #1700, #4332, #585, #4344, #1047, #1127, #616, #3122, #715, #2754 ) ) ;
#486 = VECTOR ( 'NONE', #2518, 1000.000000000000000 ) ;
#487 = VECTOR ( 'NONE', #741, 1000.000000000000000 ) ;
#488 = EDGE_CURVE ( 'NONE', #556, #2422, #3124, .T. ) ;
#489 = DIRECTION ( 'NONE',  ( -0.000000000000000000, -0.000000000000000000, -1.000000000000000000 ) ) ;
#490 = DIRECTION ( 'NONE',  ( 1.000000000000000000, 0.000000000000000000, -0.000000000000000000 ) ) ;
#491 = DIRECTION ( 'NONE',  ( 0.000000000000000000, 1.000000000000000000, 0.000000000000000000 ) ) ;
#492 = ORIENTED_EDGE ( 'NONE', *, *, #3742, .F. ) ;
#493 = ORIENTED_EDGE ( 'NONE', *, *, #1694, .F. ) ;
#494 = VECTOR ( 'NONE', #1268, 1000.000000000000000 ) ;
#495 = EDGE_CURVE ( 'NONE', #1725, #4976, #3411, .T. ) ;
#496 = CARTESIAN_POINT ( 'NONE',  ( 30.01021976972992178, -16.66573272427380914, 1003.413962591253039 ) ) ;
#497 = LINE ( 'NONE', #1735, #2600 ) ;
#498 = CARTESIAN_POINT ( 'NONE',  ( 32.42847732750293233, 5.433063313312188392, 1003.100119513241225 ) ) ;
#499 = DIRECTION ( 'NONE',  ( -0.000000000000000000, -0.000000000000000000, -1.000000000000000000 ) ) ;
#500 = VECTOR ( 'NONE', #1713, 1000.000000000000000 ) ;
#501 = DIRECTION ( 'NONE',  ( 0.000000000000000000, 0.000000000000000000, -1.000000000000000000 ) ) ;
#502 = CARTESIAN_POINT ( 'NONE',  ( 31.42847732750292522, 19.32163583045519317, 1016.913962591252925 ) ) ;
#503 = PLANE ( 'NONE',  #384 ) ;
#504 = ORIENTED_EDGE ( 'NONE', *, *, #574, .T. ) ;
#505 = ORIENTED_EDGE ( 'NONE', *, *, #1086, .T. ) ;
#506 = CIRCLE ( 'NONE', #4781, 1.065469383577623885 ) ;
#507 = CIRCLE ( 'NONE', #2436, 1.639569763765003074 ) ;
#508 = DIRECTION ( 'NONE',  ( -1.000000000000000000, -0.000000000000000000, -0.000000000000000000 ) ) ;
#509 = CIRCLE ( 'NONE', #3331, 1.999999999999998224 ) ;
#510 = VECTOR ( 'NONE', #787, 1000.000000000000000 ) ;
#511 = VERTEX_POINT ( 'NONE', #78 ) ;
#512 = PERSON ( '未', '未', '未', ('未'), ('未'), ('未') ) ;
#513 = EDGE_CURVE ( 'NONE', #1286, #4260, #473, .T. ) ;
#514 = CARTESIAN_POINT ( 'NONE',  ( 16.07705365434144795, 20.82163583045518962, 1016.713962591252880 ) ) ;
#515 = CARTESIAN_POINT ( 'NONE',  ( 37.42847732750293233, 17.32163583045519317, 1016.913962591252925 ) ) ;
#516 = CIRCLE ( 'NONE', #3016, 1.749999999999918288 ) ;
#517 = CARTESIAN_POINT ( 'NONE',  ( 31.42847732750292522, 19.32163583045519317, 1016.913962591252925 ) ) ;
#518 = VECTOR ( 'NONE', #4159, 1000.000000000000000 ) ;
#519 = ORIENTED_EDGE ( 'NONE', *, *, #156, .F. ) ;
#520 = ORIENTED_EDGE ( 'NONE', *, *, #809, .F. ) ;
#521 = EDGE_CURVE ( 'NONE', #876, #1364, #1542, .T. ) ;
#522 = VECTOR ( 'NONE', #3460, 1000.000000000000000 ) ;
#523 = CARTESIAN_POINT ( 'NONE',  ( -20.87579369198158474, -22.15303777888381731, 1016.713962591252880 ) ) ;
#524 = CARTESIAN_POINT ( 'NONE',  ( 34.42847732750292522, -18.65303777888382086, 996.9139625912529254 ) ) ;
#525 = FACE_OUTER_BOUND ( 'NONE', #469, .T. ) ;
#526 = CARTESIAN_POINT ( 'NONE',  ( -39.97721736514306912, 16.32163583045519673, 1016.913962591252925 ) ) ;
#527 = DIRECTION ( 'NONE',  ( 0.000000000000000000, 1.000000000000000000, 0.000000000000000000 ) ) ;
#528 = EDGE_CURVE ( 'NONE', #752, #4807, #4692, .T. ) ;
#529 = DIRECTION ( 'NONE',  ( -0.000000000000000000, -0.000000000000000000, -1.000000000000000000 ) ) ;
#530 = DIRECTION ( 'NONE',  ( 1.000000000000000000, -0.000000000000000000, -0.000000000000000000 ) ) ;
#531 = DIRECTION ( 'NONE',  ( -1.000000000000000000, 0.000000000000000000, 0.000000000000000000 ) ) ;
#532 = DIRECTION ( 'NONE',  ( 1.000000000000000000, 0.000000000000000000, 0.000000000000000000 ) ) ;
#533 = ORIENTED_EDGE ( 'NONE', *, *, #1716, .T. ) ;
#534 = ORIENTED_EDGE ( 'NONE', *, *, #4825, .T. ) ;
#535 = EDGE_CURVE ( 'NONE', #1822, #1749, #3911, .T. ) ;
#536 = CARTESIAN_POINT ( 'NONE',  ( -38.01129706319400015, -21.00042597840437253, 996.9139625912529254 ) ) ;
#537 = VERTEX_POINT ( 'NONE', #4650 ) ;
#538 = ORIENTED_EDGE ( 'NONE', *, *, #1652, .F. ) ;
#539 = LINE ( 'NONE', #3285, #3693 ) ;
#540 = PLANE ( 'NONE',  #2284 ) ;
#541 = CARTESIAN_POINT ( 'NONE',  ( -33.97721736514307622, -14.23259327800181495, 1007.089689327331826 ) ) ;
#542 = ADVANCED_FACE ( 'NONE', ( #1187 ), #3952, .F. ) ;
#543 = ORIENTED_EDGE ( 'NONE', *, *, #3878, .F. ) ;
#544 = ORIENTED_EDGE ( 'NONE', *, *, #4813, .F. ) ;
#545 = ORIENTED_EDGE ( 'NONE', *, *, #286, .T. ) ;
#546 = PLANE ( 'NONE',  #2986 ) ;
#547 = CARTESIAN_POINT ( 'NONE',  ( 31.42847732750292522, 19.32163583045519673, 1014.913962591252925 ) ) ;
#548 = DIRECTION ( 'NONE',  ( 0.000000000000000000, 0.000000000000000000, 1.000000000000000000 ) ) ;
#549 = DIRECTION ( 'NONE',  ( 1.000000000000000000, 0.000000000000000000, 0.000000000000000000 ) ) ;
#550 = DIRECTION ( 'NONE',  ( -0.000000000000000000, -0.000000000000000000, 1.000000000000000000 ) ) ;
#551 = CARTESIAN_POINT ( 'NONE',  ( 35.62847732750292806, 11.87306331331018683, 1008.560119513240124 ) ) ;
#552 = CARTESIAN_POINT ( 'NONE',  ( 16.07705365434141953, -23.15303777888381376, 1016.713962591252880 ) ) ;
#553 = ADVANCED_FACE ( 'NONE', ( #1232 ), #2008, .F. ) ;
#554 = DIRECTION ( 'NONE',  ( 1.000000000000000000, -1.156482317317870344E-15, 0.000000000000000000 ) ) ;
#555 = VERTEX_POINT ( 'NONE', #2410 ) ;
#556 = VERTEX_POINT ( 'NONE', #860 ) ;
#557 = FACE_OUTER_BOUND ( 'NONE', #291, .T. ) ;
#558 = ORIENTED_EDGE ( 'NONE', *, *, #4205, .F. ) ;
#559 = ADVANCED_FACE ( 'NONE', ( #1594 ), #4673, .F. ) ;
#560 = ORIENTED_EDGE ( 'NONE', *, *, #1937, .T. ) ;
#561 = ORGANIZATION ( '未', '未', '' ) ;
#562 = DIRECTION ( 'NONE',  ( 1.000000000000000000, -0.000000000000000000, 0.000000000000000000 ) ) ;
#563 = CARTESIAN_POINT ( 'NONE',  ( 12.57705365434144262, 20.82163583045519317, 1016.713962591252880 ) ) ;
#564 = DIRECTION ( 'NONE',  ( 1.000000000000000000, 0.000000000000000000, 0.000000000000000000 ) ) ;
#565 = ORIENTED_EDGE ( 'NONE', *, *, #4345, .F. ) ;
#566 = ORIENTED_EDGE ( 'NONE', *, *, #3435, .F. ) ;
#567 = ORIENTED_EDGE ( 'NONE', *, *, #4715, .F. ) ;
#568 = DIRECTION ( 'NONE',  ( 0.000000000000000000, 0.000000000000000000, 1.000000000000000000 ) ) ;
#569 = CARTESIAN_POINT ( 'NONE',  ( 13.82705365434141598, -23.15303777888381376, 1016.713962591252880 ) ) ;
#570 = LINE ( 'NONE', #3657, #2913 ) ;
#571 = DIRECTION ( 'NONE',  ( -0.000000000000000000, -0.000000000000000000, -1.000000000000000000 ) ) ;
#572 = CARTESIAN_POINT ( 'NONE',  ( 34.42847732750292522, 13.62306331331018860, 1005.510119513240056 ) ) ;
#573 = CIRCLE ( 'NONE', #2420, 3.000000000000002665 ) ;
#574 = EDGE_CURVE ( 'NONE', #2617, #4892, #2741, .T. ) ;
#575 = EDGE_CURVE ( 'NONE', #2114, #3593, #1988, .T. ) ;
#576 = CIRCLE ( 'NONE', #3726, 3.936159195338628791 ) ;
#577 = DIRECTION ( 'NONE',  ( -0.000000000000000000, 1.000000000000000000, -0.000000000000000000 ) ) ;
#578 = AXIS2_PLACEMENT_3D ( 'NONE', #3543, #4655, #2727 ) ;
#579 = CARTESIAN_POINT ( 'NONE',  ( 26.64700021722460477, -19.65303777888381376, 1003.413962591253039 ) ) ;
#580 = LINE ( 'NONE', #1794, #3662 ) ;
#581 = VERTEX_POINT ( 'NONE', #1919 ) ;
#582 = ORIENTED_EDGE ( 'NONE', *, *, #2891, .F. ) ;
#583 = ADVANCED_FACE ( 'NONE', ( #3464 ), #3, .F. ) ;
#584 = CARTESIAN_POINT ( 'NONE',  ( -33.17590799252307221, -18.84873628028381276, 1001.913962591253039 ) ) ;
#585 = ORIENTED_EDGE ( 'NONE', *, *, #2364, .F. ) ;
#586 = VECTOR ( 'NONE', #571, 1000.000000000000000 ) ;
#587 = AXIS2_PLACEMENT_3D ( 'NONE', #2962, #4160, #4135 ) ;
#588 = VERTEX_POINT ( 'NONE', #2808 ) ;
#589 = VECTOR ( 'NONE', #1252, 1000.000000000000000 ) ;
#590 = CIRCLE ( 'NONE', #338, 0.3000000000000016542 ) ;
#591 = CARTESIAN_POINT ( 'NONE',  ( 24.64700021722460122, -19.65303777888381731, 996.9139625912529254 ) ) ;
#592 = CARTESIAN_POINT ( 'NONE',  ( -33.97721736514307622, -7.232593278003813353, 1003.810549799801720 ) ) ;
#593 = FACE_OUTER_BOUND ( 'NONE', #4438, .T. ) ;
#594 = ORIENTED_EDGE ( 'NONE', *, *, #928, .F. ) ;
#595 = VECTOR ( 'NONE', #3275, 1000.000000000000000 ) ;
#596 = VERTEX_POINT ( 'NONE', #3215 ) ;
#597 = CIRCLE ( 'NONE', #4793, 3.000000000000002665 ) ;
#598 = ORIENTED_EDGE ( 'NONE', *, *, #2169, .F. ) ;
#599 = VECTOR ( 'NONE', #1843, 1000.000000000000000 ) ;
#600 = AXIS2_PLACEMENT_3D ( 'NONE', #1987, #98, #1257 ) ;
#601 = DIRECTION ( 'NONE',  ( 0.000000000000000000, 0.000000000000000000, -1.000000000000000000 ) ) ;
#602 = DIRECTION ( 'NONE',  ( 0.000000000000000000, 0.000000000000000000, 1.000000000000000000 ) ) ;
#603 = FACE_OUTER_BOUND ( 'NONE', #1141, .T. ) ;
#604 = DIRECTION ( 'NONE',  ( 0.000000000000000000, 0.000000000000000000, 1.000000000000000000 ) ) ;
#605 = CARTESIAN_POINT ( 'NONE',  ( -28.34051892185214072, -19.65303777888381731, 1001.913962591253039 ) ) ;
#606 = DIRECTION ( 'NONE',  ( 0.000000000000000000, 0.000000000000000000, 1.000000000000000000 ) ) ;
#607 = DIRECTION ( 'NONE',  ( 0.000000000000000000, 0.000000000000000000, -1.000000000000000000 ) ) ;
#608 = CARTESIAN_POINT ( 'NONE',  ( 35.62847732750292806, 5.433063313312188392, 1004.850119513241111 ) ) ;
#609 = EDGE_CURVE ( 'NONE', #1769, #596, #3292, .T. ) ;
#610 = ORIENTED_EDGE ( 'NONE', *, *, #4883, .T. ) ;
#611 = EDGE_CURVE ( 'NONE', #1757, #2339, #506, .T. ) ;
#612 = ORIENTED_EDGE ( 'NONE', *, *, #2054, .T. ) ;
#613 = AXIS2_PLACEMENT_3D ( 'NONE', #1698, #3998, #2852 ) ;
#614 = CARTESIAN_POINT ( 'NONE',  ( -28.32357194782614584, 12.33987306693118668, 1001.913962591253039 ) ) ;
#615 = ORIENTED_EDGE ( 'NONE', *, *, #1904, .T. ) ;
#616 = ORIENTED_EDGE ( 'NONE', *, *, #3175, .F. ) ;
#617 = ORIENTED_EDGE ( 'NONE', *, *, #3091, .F. ) ;
#618 = CARTESIAN_POINT ( 'NONE',  ( 37.12847732750292806, 11.87306331331018860, 1004.850119513241111 ) ) ;
#619 = CARTESIAN_POINT ( 'NONE',  ( 30.63968712130354533, -12.21471164223880734, 996.9139625912529254 ) ) ;
#620 = CC_DESIGN_PERSON_AND_ORGANIZATION_ASSIGNMENT ( #4922, #1455, ( #814 ) ) ;
#621 = CARTESIAN_POINT ( 'NONE',  ( -35.01129706319400015, -14.54443224168380233, 1001.913962591253039 ) ) ;
#622 = ORIENTED_EDGE ( 'NONE', *, *, #975, .F. ) ;
#623 = ADVANCED_FACE ( 'NONE', ( #2057, #2542 ), #4405, .F. ) ;
#624 = VERTEX_POINT ( 'NONE', #3606 ) ;
#625 = VERTEX_POINT ( 'NONE', #146 ) ;
#626 = AXIS2_PLACEMENT_3D ( 'NONE', #591, #234, #4786 ) ;
#627 = CARTESIAN_POINT ( 'NONE',  ( 13.82705365434144440, 20.82163583045518962, 1016.713962591252880 ) ) ;
#628 = DIRECTION ( 'NONE',  ( 0.000000000000000000, -1.000000000000000000, 0.000000000000000000 ) ) ;
#629 = LINE ( 'NONE', #1786, #683 ) ;
#630 = DIRECTION ( 'NONE',  ( 0.000000000000000000, 0.000000000000000000, -1.000000000000000000 ) ) ;
#631 = EDGE_CURVE ( 'NONE', #4223, #2419, #4427, .T. ) ;
#632 = DIRECTION ( 'NONE',  ( -1.000000000000000000, 0.000000000000000000, 0.000000000000000000 ) ) ;
#633 = DIRECTION ( 'NONE',  ( 0.000000000000000000, 0.000000000000000000, 1.000000000000000000 ) ) ;
#634 = PLANE ( 'NONE',  #3628 ) ;
#635 = DIRECTION ( 'NONE',  ( 0.000000000000000000, 0.000000000000000000, 1.000000000000000000 ) ) ;
#636 = EDGE_LOOP ( 'NONE', ( #1810, #4668, #4965, #3014 ) ) ;
#637 = EDGE_LOOP ( 'NONE', ( #2091, #240, #4748, #3454, #1699, #3224 ) ) ;
#638 = DIRECTION ( 'NONE',  ( -0.000000000000000000, -0.000000000000000000, -1.000000000000000000 ) ) ;
#639 = ORIENTED_EDGE ( 'NONE', *, *, #1861, .F. ) ;
#640 = ORIENTED_EDGE ( 'NONE', *, *, #1605, .T. ) ;
#641 = ORIENTED_EDGE ( 'NONE', *, *, #2683, .T. ) ;
#642 = EDGE_CURVE ( 'NONE', #3135, #3225, #570, .T. ) ;
#643 = EDGE_CURVE ( 'NONE', #1325, #3930, #903, .T. ) ;
#644 = CARTESIAN_POINT ( 'NONE',  ( 21.64700021722458345, 17.32163583045519317, 1001.913962591253039 ) ) ;
#645 = LINE ( 'NONE', #2252, #2690 ) ;
#646 = CARTESIAN_POINT ( 'NONE',  ( 27.57081413091892585, 19.32163583045519317, 1001.913962591253039 ) ) ;
#647 = VERTEX_POINT ( 'NONE', #2486 ) ;
#648 = ORIENTED_EDGE ( 'NONE', *, *, #1464, .F. ) ;
#649 = ORIENTED_EDGE ( 'NONE', *, *, #3337, .F. ) ;
#650 = DIRECTION ( 'NONE',  ( -0.000000000000000000, -0.000000000000000000, -1.000000000000000000 ) ) ;
#651 = DIRECTION ( 'NONE',  ( -0.000000000000000000, -0.000000000000000000, 1.000000000000000000 ) ) ;
#652 = CYLINDRICAL_SURFACE ( 'NONE', #4795, 1.250000000000002887 ) ;
#653 = DIRECTION ( 'NONE',  ( -1.000000000000000000, 0.000000000000000000, 0.000000000000000000 ) ) ;
#654 = AXIS2_PLACEMENT_3D ( 'NONE', #1140, #1924, #1871 ) ;
#655 = EDGE_CURVE ( 'NONE', #1207, #4075, #1159, .T. ) ;
#656 = DIRECTION ( 'NONE',  ( 1.000000000000000000, 0.000000000000000000, 0.000000000000000000 ) ) ;
#657 = DIRECTION ( 'NONE',  ( 1.000000000000000000, 0.000000000000000000, -0.000000000000000000 ) ) ;
#658 = CARTESIAN_POINT ( 'NONE',  ( -20.87579369198157053, 19.82163583045519317, 1016.713962591252880 ) ) ;
#659 = DIRECTION ( 'NONE',  ( 0.000000000000000000, -0.000000000000000000, -1.000000000000000000 ) ) ;
#660 = VERTEX_POINT ( 'NONE', #2859 ) ;
#661 = ORIENTED_EDGE ( 'NONE', *, *, #3890, .T. ) ;
#662 = EDGE_CURVE ( 'NONE', #555, #1688, #978, .T. ) ;
#663 = VECTOR ( 'NONE', #1914, 1000.000000000000000 ) ;
#664 = CARTESIAN_POINT ( 'NONE',  ( 26.64700021722460477, 9.315031817249179724, 996.9139625912529254 ) ) ;
#665 = CARTESIAN_POINT ( 'NONE',  ( 35.62847732750292806, 11.87306331331018683, 1008.560119513240124 ) ) ;
#666 = EDGE_LOOP ( 'NONE', ( #237, #3071, #1098, #2142 ) ) ;
#667 = ORIENTED_EDGE ( 'NONE', *, *, #1702, .F. ) ;
#668 = FACE_OUTER_BOUND ( 'NONE', #1132, .T. ) ;
#669 = FACE_OUTER_BOUND ( 'NONE', #398, .T. ) ;
#670 = DIRECTION ( 'NONE',  ( 0.000000000000000000, 0.000000000000000000, -1.000000000000000000 ) ) ;
#671 = EDGE_LOOP ( 'NONE', ( #4611, #3189, #2636, #4556 ) ) ;
#672 = ORIENTED_EDGE ( 'NONE', *, *, #4883, .F. ) ;
#673 = EDGE_CURVE ( 'NONE', #4271, #2565, #197, .T. ) ;
#674 = CIRCLE ( 'NONE', #2430, 4.500000000000003553 ) ;
#675 = ORIENTED_EDGE ( 'NONE', *, *, #2158, .T. ) ;
#676 = VECTOR ( 'NONE', #4449, 1000.000000000000000 ) ;
#677 = CARTESIAN_POINT ( 'NONE',  ( 35.92847732750292522, -8.425109593120421181, 1016.713962591252880 ) ) ;
#678 = CARTESIAN_POINT ( 'NONE',  ( -41.47721736514306201, 8.077967428120443216, 1014.913962591252925 ) ) ;
#679 = CIRCLE ( 'NONE', #4791, 2.987305054610006394 ) ;
#680 = CARTESIAN_POINT ( 'NONE',  ( 35.07158772934651836, -8.909369376549079789, 1014.913962591252925 ) ) ;
#681 = VECTOR ( 'NONE', #2465, 1000.000000000000000 ) ;
#682 = CARTESIAN_POINT ( 'NONE',  ( 29.57421773772592033, -12.21471164223880734, 996.9139625912529254 ) ) ;
#683 = VECTOR ( 'NONE', #4429, 1000.000000000000000 ) ;
#684 = VECTOR ( 'NONE', #3076, 1000.000000000000000 ) ;
#685 = CIRCLE ( 'NONE', #4714, 3.249244658438010802 ) ;
#686 = DIRECTION ( 'NONE',  ( 1.000000000000000000, 0.000000000000000000, 0.000000000000000000 ) ) ;
#687 = DIRECTION ( 'NONE',  ( 0.000000000000000000, 0.000000000000000000, 1.000000000000000000 ) ) ;
#688 = CARTESIAN_POINT ( 'NONE',  ( -37.97721736514308333, -24.65303777888381731, 1016.913962591252925 ) ) ;
#689 = CARTESIAN_POINT ( 'NONE',  ( -33.17590799252307221, 16.58075571869518683, 1001.913962591253039 ) ) ;
#690 = EDGE_CURVE ( 'NONE', #4303, #1725, #497, .T. ) ;
#691 = EDGE_LOOP ( 'NONE', ( #4935, #2670, #4497, #1459 ) ) ;
#692 = CARTESIAN_POINT ( 'NONE',  ( -41.97721736514307622, -7.232593278003813353, 1003.510549799801765 ) ) ;
#693 = EDGE_LOOP ( 'NONE', ( #2086, #2273, #480, #1970 ) ) ;
#694 = VERTEX_POINT ( 'NONE', #1375 ) ;
#695 = ADVANCED_FACE ( 'NONE', ( #1680 ), #4764, .F. ) ;
#696 = VERTEX_POINT ( 'NONE', #219 ) ;
#697 = LINE ( 'NONE', #2076, #3486 ) ;
#698 = CYLINDRICAL_SURFACE ( 'NONE', #3685, 0.7500012700000016075 ) ;
#699 = DIRECTION ( 'NONE',  ( -1.000000000000000000, 0.000000000000000000, 0.000000000000000000 ) ) ;
#700 = PERSON_AND_ORGANIZATION ( #512, #561 ) ;
#701 = VERTEX_POINT ( 'NONE', #2883 ) ;
#702 = EDGE_LOOP ( 'NONE', ( #2052, #158, #1274, #1449, #4480, #1097, #3887, #1986 ) ) ;
#703 = ORIENTED_EDGE ( 'NONE', *, *, #1179, .T. ) ;
#704 = ADVANCED_FACE ( 'NONE', ( #525 ), #2831, .F. ) ;
#705 = DIRECTION ( 'NONE',  ( 0.000000000000000000, 0.000000000000000000, 1.000000000000000000 ) ) ;
#706 = LINE ( 'NONE', #1489, #2828 ) ;
#707 = AXIS2_PLACEMENT_3D ( 'NONE', #1074, #1906, #3799 ) ;
#708 = LINE ( 'NONE', #3438, #4644 ) ;
#709 = CARTESIAN_POINT ( 'NONE',  ( 31.42847732750292522, -21.65303777888382086, 1003.413962591253039 ) ) ;
#710 = EDGE_CURVE ( 'NONE', #4419, #4303, #3968, .T. ) ;
#711 = CARTESIAN_POINT ( 'NONE',  ( 35.92847732750292522, -9.409369376549079789, 1016.713962591252880 ) ) ;
#712 = FACE_OUTER_BOUND ( 'NONE', #3479, .T. ) ;
#713 = CARTESIAN_POINT ( 'NONE',  ( -40.62032776698665515, -10.90936937654906558, 1014.913962591252925 ) ) ;
#714 = LINE ( 'NONE', #1866, #4150 ) ;
#715 = ORIENTED_EDGE ( 'NONE', *, *, #1547, .T. ) ;
#716 = ADVANCED_FACE ( 'NONE', ( #1008 ), #2030, .F. ) ;
#717 = LINE ( 'NONE', #2652, #739 ) ;
#718 = DIRECTION ( 'NONE',  ( -1.000000000000000000, -0.000000000000000000, -0.000000000000000000 ) ) ;
#719 = VERTEX_POINT ( 'NONE', #4737 ) ;
#720 = ORIENTED_EDGE ( 'NONE', *, *, #934, .F. ) ;
#721 = AXIS2_PLACEMENT_3D ( 'NONE', #2217, #3765, #861 ) ;
#722 = ADVANCED_FACE ( 'NONE', ( #3807 ), #3349, .F. ) ;
#723 = CARTESIAN_POINT ( 'NONE',  ( 23.64700021722458345, 12.31503181724919926, 996.9139625912529254 ) ) ;
#724 = CARTESIAN_POINT ( 'NONE',  ( 26.64700021722460477, -21.65303777888381731, 1001.913962591253039 ) ) ;
#725 = CARTESIAN_POINT ( 'NONE',  ( 37.42847732750293233, -19.65303777888381731, 1016.913962591252925 ) ) ;
#726 = ORIENTED_EDGE ( 'NONE', *, *, #4370, .F. ) ;
#727 = ORIENTED_EDGE ( 'NONE', *, *, #143, .T. ) ;
#728 = LINE ( 'NONE', #2256, #2118 ) ;
#729 = LINE ( 'NONE', #3437, #1710 ) ;
#730 = CARTESIAN_POINT ( 'NONE',  ( -36.04963720278257000, -14.31558395544890772, 1001.913962591253039 ) ) ;
#731 = DIRECTION ( 'NONE',  ( 0.000000000000000000, 1.000000000000000000, 0.000000000000000000 ) ) ;
#732 = CARTESIAN_POINT ( 'NONE',  ( 34.42847732750292522, -18.65303777888382086, 1014.913962591252925 ) ) ;
#733 = CARTESIAN_POINT ( 'NONE',  ( 31.42847732750292522, -21.65303777888381731, 1014.913962591252925 ) ) ;
#734 = DIRECTION ( 'NONE',  ( 1.000000000000000000, -0.000000000000000000, -0.000000000000000000 ) ) ;
#735 = LINE ( 'NONE', #1166, #3432 ) ;
#736 = AXIS2_PLACEMENT_3D ( 'NONE', #2701, #4165, #2997 ) ;
#737 = VECTOR ( 'NONE', #4310, 1000.000000000000000 ) ;
#738 = ORIENTED_EDGE ( 'NONE', *, *, #488, .T. ) ;
#739 = VECTOR ( 'NONE', #2324, 1000.000000000000000 ) ;
#740 = EDGE_CURVE ( 'NONE', #3717, #3450, #2434, .T. ) ;
#741 = DIRECTION ( 'NONE',  ( 1.000000000000000000, -0.000000000000000000, -0.000000000000000000 ) ) ;
#742 = AXIS2_PLACEMENT_3D ( 'NONE', #3987, #909, #1642 ) ;
#743 = ORIENTED_EDGE ( 'NONE', *, *, #2856, .F. ) ;
#744 = EDGE_LOOP ( 'NONE', ( #2174, #558, #121, #4683 ) ) ;
#745 = EDGE_LOOP ( 'NONE', ( #4298, #2266, #53, #3592 ) ) ;
#746 = EDGE_CURVE ( 'NONE', #2550, #4725, #2589, .T. ) ;
#747 = LINE ( 'NONE', #3501, #1947 ) ;
#748 = FACE_OUTER_BOUND ( 'NONE', #1360, .T. ) ;
#749 = CARTESIAN_POINT ( 'NONE',  ( -33.92590926252307781, -21.65303777888381731, 1001.913962591253039 ) ) ;
#750 = AXIS2_PLACEMENT_3D ( 'NONE', #2341, #4242, #3538 ) ;
#751 = APPROVAL_DATE_TIME ( #3430, #3769 ) ;
#752 = VERTEX_POINT ( 'NONE', #1435 ) ;
#753 = VERTEX_POINT ( 'NONE', #1058 ) ;
#754 = ADVANCED_FACE ( 'NONE', ( #4085 ), #4509, .F. ) ;
#755 = CARTESIAN_POINT ( 'NONE',  ( -18.87579369198156698, 19.82163583045519317, 1016.713962591252880 ) ) ;
#756 = LINE ( 'NONE', #3459, #4704 ) ;
#757 = DIRECTION ( 'NONE',  ( 0.000000000000000000, 0.000000000000000000, 1.000000000000000000 ) ) ;
#758 = LINE ( 'NONE', #1131, #3156 ) ;
#759 = VERTEX_POINT ( 'NONE', #678 ) ;
#760 = EDGE_CURVE ( 'NONE', #449, #3133, #2619, .T. ) ;
#761 = VECTOR ( 'NONE', #2774, 1000.000000000000000 ) ;
#762 = AXIS2_PLACEMENT_3D ( 'NONE', #2899, #260, #3725 ) ;
#763 = CIRCLE ( 'NONE', #2365, 3.000000000000002665 ) ;
#764 = DIRECTION ( 'NONE',  ( 1.000000000000000000, -0.000000000000000000, -0.000000000000000000 ) ) ;
#765 = LINE ( 'NONE', #2297, #4695 ) ;
#766 = LINE ( 'NONE', #3843, #310 ) ;
#767 = LINE ( 'NONE', #2299, #599 ) ;
#768 = VERTEX_POINT ( 'NONE', #2209 ) ;
#769 = CIRCLE ( 'NONE', #3980, 2.999999999999999112 ) ;
#770 = LINE ( 'NONE', #2301, #2983 ) ;
#771 = ORIENTED_EDGE ( 'NONE', *, *, #1139, .T. ) ;
#772 = AXIS2_PLACEMENT_3D ( 'NONE', #3666, #152, #1687 ) ;
#773 = EDGE_CURVE ( 'NONE', #4277, #1600, #4563, .T. ) ;
#774 = ORIENTED_EDGE ( 'NONE', *, *, #1512, .T. ) ;
#775 = ORIENTED_EDGE ( 'NONE', *, *, #609, .T. ) ;
#776 = FACE_OUTER_BOUND ( 'NONE', #745, .T. ) ;
#777 = DIRECTION ( 'NONE',  ( 1.000000000000000000, 0.000000000000000000, 0.000000000000000000 ) ) ;
#778 = DIRECTION ( 'NONE',  ( 1.000000000000000000, 0.000000000000000000, -0.000000000000000000 ) ) ;
#779 = ORIENTED_EDGE ( 'NONE', *, *, #432, .T. ) ;
#780 = EDGE_CURVE ( 'NONE', #846, #3781, #706, .T. ) ;
#781 = FACE_OUTER_BOUND ( 'NONE', #2744, .T. ) ;
#782 = FACE_OUTER_BOUND ( 'NONE', #4635, .T. ) ;
#783 = CARTESIAN_POINT ( 'NONE',  ( 35.64590896369590212, 8.577967428120430782, 1016.713962591252880 ) ) ;
#784 = EDGE_LOOP ( 'NONE', ( #1674, #2707, #1042, #2818 ) ) ;
#785 = ORIENTED_EDGE ( 'NONE', *, *, #2344, .F. ) ;
#786 = EDGE_CURVE ( 'NONE', #2144, #4323, #3893, .T. ) ;
#787 = DIRECTION ( 'NONE',  ( -1.000000000000000000, -0.000000000000000000, -0.000000000000000000 ) ) ;
#788 = DIRECTION ( 'NONE',  ( 0.000000000000000000, 1.000000000000000000, -0.000000000000000000 ) ) ;
#789 = LINE ( 'NONE', #1092, #1354 ) ;
#790 = CARTESIAN_POINT ( 'NONE',  ( 35.64590896369588791, -10.90936937654907801, 1016.713962591252880 ) ) ;
#791 = ORIENTED_EDGE ( 'NONE', *, *, #1280, .F. ) ;
#792 = AXIS2_PLACEMENT_3D ( 'NONE', #799, #3088, #4745 ) ;
#793 = DIRECTION ( 'NONE',  ( 0.000000000000000000, 0.000000000000000000, 1.000000000000000000 ) ) ;
#794 = DIRECTION ( 'NONE',  ( -0.000000000000000000, -0.000000000000000000, -1.000000000000000000 ) ) ;
#795 = AXIS2_PLACEMENT_3D ( 'NONE', #4374, #3233, #4754 ) ;
#796 = ORIENTED_EDGE ( 'NONE', *, *, #3091, .T. ) ;
#797 = ORIENTED_EDGE ( 'NONE', *, *, #3964, .T. ) ;
#798 = PLANE ( 'NONE',  #4613 ) ;
#799 = CARTESIAN_POINT ( 'NONE',  ( -41.47721736514306201, -8.425109593120406970, 1016.713962591252880 ) ) ;
#800 = CARTESIAN_POINT ( 'NONE',  ( -42.97721736514308333, -14.23259327800181495, 1007.389689327331780 ) ) ;
#801 = EDGE_LOOP ( 'NONE', ( #448, #1431, #2842, #3497, #2718, #2554, #2018, #1326, #4232, #4451, #493, #853, #331 ) ) ;
#802 = EDGE_CURVE ( 'NONE', #4098, #2617, #3709, .T. ) ;
#803 = EDGE_CURVE ( 'NONE', #3695, #974, #4299, .T. ) ;
#804 = CYLINDRICAL_SURFACE ( 'NONE', #2524, 0.7500012700010008082 ) ;
#805 = CARTESIAN_POINT ( 'NONE',  ( -28.32357194782614584, 12.33987306693120978, 1001.913962591253039 ) ) ;
#806 = CARTESIAN_POINT ( 'NONE',  ( 26.64700021722460477, -19.65303777888381376, 1001.913962591253039 ) ) ;
#807 = ORIENTED_EDGE ( 'NONE', *, *, #1886, .F. ) ;
#808 = EDGE_LOOP ( 'NONE', ( #1103, #2187, #3063, #2310 ) ) ;
#809 = EDGE_CURVE ( 'NONE', #4700, #1757, #4587, .T. ) ;
#810 = CARTESIAN_POINT ( 'NONE',  ( 34.42847732750292522, 11.87306331331118869, 1003.100119513241225 ) ) ;
#811 = CARTESIAN_POINT ( 'NONE',  ( 35.62847732750292806, 11.87306331331018860, 1004.850119513241111 ) ) ;
#812 = PLANE ( 'NONE',  #2755 ) ;
#813 = CARTESIAN_POINT ( 'NONE',  ( 35.07158772934652546, 8.577967428120430782, 1014.913962591252925 ) ) ;
#814 = SECURITY_CLASSIFICATION ( '', '', #4179 ) ;
#815 = ORIENTED_EDGE ( 'NONE', *, *, #2557, .T. ) ;
#816 = EDGE_CURVE ( 'NONE', #3103, #3695, #729, .T. ) ;
#817 = CARTESIAN_POINT ( 'NONE',  ( 37.42847732750294654, 2.897093133983380753, 1009.684854305640215 ) ) ;
#818 = CARTESIAN_POINT ( 'NONE',  ( -41.47721736514306201, -8.425109593120406970, 1014.913962591252925 ) ) ;
#819 = ORIENTED_EDGE ( 'NONE', *, *, #2060, .F. ) ;
#820 = VERTEX_POINT ( 'NONE', #1515 ) ;
#821 = AXIS2_PLACEMENT_3D ( 'NONE', #2243, #2679, #1945 ) ;
#822 = CYLINDRICAL_SURFACE ( 'NONE', #825, 0.2999999999999669598 ) ;
#823 = DIRECTION ( 'NONE',  ( -1.000000000000000000, -0.000000000000000000, -0.000000000000000000 ) ) ;
#824 = ORIENTED_EDGE ( 'NONE', *, *, #3762, .T. ) ;
#825 = AXIS2_PLACEMENT_3D ( 'NONE', #4973, #4659, #1582 ) ;
#826 = AXIS2_PLACEMENT_3D ( 'NONE', #1463, #4536, #1085 ) ;
#827 = AXIS2_PLACEMENT_3D ( 'NONE', #3220, #4434, #983 ) ;
#828 = CARTESIAN_POINT ( 'NONE',  ( 28.74599643123054094, -11.54443224168380944, 996.9139625912529254 ) ) ;
#829 = CARTESIAN_POINT ( 'NONE',  ( 31.42847732750292522, -23.15303777888382086, 1014.913962591252925 ) ) ;
#830 = EDGE_CURVE ( 'NONE', #1833, #3120, #4484, .T. ) ;
#831 = DIRECTION ( 'NONE',  ( 1.000000000000000000, 0.000000000000000000, 0.000000000000000000 ) ) ;
#832 = EDGE_LOOP ( 'NONE', ( #4669, #3567, #3525, #4254 ) ) ;
#833 = ORIENTED_EDGE ( 'NONE', *, *, #3668, .F. ) ;
#834 = DIRECTION ( 'NONE',  ( -0.000000000000000000, -0.000000000000000000, -1.000000000000000000 ) ) ;
#835 = LINE ( 'NONE', #28, #2509 ) ;
#836 = AXIS2_PLACEMENT_3D ( 'NONE', #4902, #1461, #2989 ) ;
#837 = CARTESIAN_POINT ( 'NONE',  ( 31.42847732750292522, 19.32163583045519317, 996.9139625912529254 ) ) ;
#838 = ADVANCED_FACE ( 'NONE', ( #1813 ), #2233, .F. ) ;
#839 = CARTESIAN_POINT ( 'NONE',  ( -38.01129706319400015, -14.54443224168382187, 1001.913962591253039 ) ) ;
#840 = ORIENTED_EDGE ( 'NONE', *, *, #276, .F. ) ;
#841 = VECTOR ( 'NONE', #2385, 1000.000000000000000 ) ;
#842 = AXIS2_PLACEMENT_3D ( 'NONE', #2838, #2812, #1308 ) ;
#843 = LINE ( 'NONE', #1684, #3307 ) ;
#844 = CARTESIAN_POINT ( 'NONE',  ( -38.47835811189522559, 18.91905309736484497, 996.9139625912529254 ) ) ;
#845 = EDGE_CURVE ( 'NONE', #1298, #1395, #3000, .T. ) ;
#846 = VERTEX_POINT ( 'NONE', #3319 ) ;
#847 = VECTOR ( 'NONE', #3862, 1000.000000000000000 ) ;
#848 = EDGE_LOOP ( 'NONE', ( #2470, #192, #4835, #2090 ) ) ;
#849 = AXIS2_PLACEMENT_3D ( 'NONE', #4878, #2940, #2884 ) ;
#850 = VECTOR ( 'NONE', #4144, 1000.000000000000000 ) ;
#851 = FACE_OUTER_BOUND ( 'NONE', #2776, .T. ) ;
#852 = EDGE_CURVE ( 'NONE', #3153, #460, #4053, .T. ) ;
#853 = ORIENTED_EDGE ( 'NONE', *, *, #3086, .F. ) ;
#854 = CARTESIAN_POINT ( 'NONE',  ( -26.32357194782614940, 17.32163583045519317, 1001.913962591253039 ) ) ;
#855 = DIRECTION ( 'NONE',  ( -1.000000000000000000, -4.927793081368463797E-17, 0.000000000000000000 ) ) ;
#856 = CARTESIAN_POINT ( 'NONE',  ( -26.34051892185214427, -21.65303777888381731, 1001.913962591253039 ) ) ;
#857 = ORIENTED_EDGE ( 'NONE', *, *, #2143, .F. ) ;
#858 = ORIENTED_EDGE ( 'NONE', *, *, #3218, .F. ) ;
#859 = LINE ( 'NONE', #3537, #3670 ) ;
#860 = CARTESIAN_POINT ( 'NONE',  ( 35.07158772934652546, 8.577967428120430782, 1016.713962591252880 ) ) ;
#861 = DIRECTION ( 'NONE',  ( -1.000000000000000000, 0.000000000000000000, 0.000000000000000000 ) ) ;
#862 = CARTESIAN_POINT ( 'NONE',  ( -40.62032776698665515, -8.909369376549067354, 1014.913962591252925 ) ) ;
#863 = EDGE_CURVE ( 'NONE', #139, #2455, #1858, .T. ) ;
#864 = EDGE_CURVE ( 'NONE', #2419, #1539, #3733, .T. ) ;
#865 = DIRECTION ( 'NONE',  ( 1.000000000000000000, -0.000000000000000000, 0.000000000000000000 ) ) ;
#866 = LINE ( 'NONE', #1193, #4140 ) ;
#867 = ORIENTED_EDGE ( 'NONE', *, *, #1592, .T. ) ;
#868 = EDGE_LOOP ( 'NONE', ( #3493, #1070, #857, #4221 ) ) ;
#869 = EDGE_CURVE ( 'NONE', #3345, #3414, #3553, .T. ) ;
#870 = FACE_OUTER_BOUND ( 'NONE', #3534, .T. ) ;
#871 = ORIENTED_EDGE ( 'NONE', *, *, #3405, .T. ) ;
#872 = ADVANCED_FACE ( 'NONE', ( #2693 ), #2313, .F. ) ;
#873 = DIRECTION ( 'NONE',  ( 1.000000000000000000, 0.000000000000000000, 0.000000000000000000 ) ) ;
#874 = LINE ( 'NONE', #3597, #1720 ) ;
#875 = CARTESIAN_POINT ( 'NONE',  ( 26.64700021722460477, -19.65303777888381376, 1003.413962591253039 ) ) ;
#876 = VERTEX_POINT ( 'NONE', #4257 ) ;
#877 = ORIENTED_EDGE ( 'NONE', *, *, #1981, .F. ) ;
#878 = EDGE_CURVE ( 'NONE', #1821, #4173, #1225, .T. ) ;
#879 = DIRECTION ( 'NONE',  ( -0.000000000000000000, 0.000000000000000000, -1.000000000000000000 ) ) ;
#880 = DIRECTION ( 'NONE',  ( 0.000000000000000000, 0.000000000000000000, 1.000000000000000000 ) ) ;
#881 = DIRECTION ( 'NONE',  ( -1.000000000000000000, 4.927793081368463797E-17, 0.000000000000000000 ) ) ;
#882 = LINE ( 'NONE', #3955, #4130 ) ;
#883 = CARTESIAN_POINT ( 'NONE',  ( 27.57081413091892585, 17.32163583045618793, 1001.913962591253039 ) ) ;
#884 = FACE_OUTER_BOUND ( 'NONE', #3716, .T. ) ;
#885 = LOCAL_TIME ( 17, 49, 56.00000000000000000, #2934 ) ;
#886 = CARTESIAN_POINT ( 'NONE',  ( 37.12847732750292806, 11.87306331331018505, 1008.860119513240079 ) ) ;
#887 = EDGE_CURVE ( 'NONE', #3166, #4499, #2758, .T. ) ;
#888 = ORIENTED_EDGE ( 'NONE', *, *, #988, .F. ) ;
#889 = EDGE_LOOP ( 'NONE', ( #3802, #2978, #3364, #4997 ) ) ;
#890 = CARTESIAN_POINT ( 'NONE',  ( -41.47721736514306201, -18.65303777888382086, 1014.913962591252925 ) ) ;
#891 = ORIENTED_EDGE ( 'NONE', *, *, #3551, .F. ) ;
#892 = EDGE_CURVE ( 'NONE', #1448, #3396, #2031, .T. ) ;
#893 = VECTOR ( 'NONE', #4417, 1000.000000000000000 ) ;
#894 = CARTESIAN_POINT ( 'NONE',  ( -39.97721736514306201, 16.32163583045519673, 1014.913962591252925 ) ) ;
#895 = CARTESIAN_POINT ( 'NONE',  ( -41.47721736514306201, -10.40936937654906558, 1016.713962591252880 ) ) ;
#896 = AXIS2_PLACEMENT_3D ( 'NONE', #1978, #4778, #3594 ) ;
#897 = DIRECTION ( 'NONE',  ( -1.000000000000000000, 0.000000000000000000, 0.000000000000000000 ) ) ;
#898 = ORIENTED_EDGE ( 'NONE', *, *, #4740, .T. ) ;
#899 = EDGE_CURVE ( 'NONE', #1903, #4529, #3117, .T. ) ;
#900 = VERTEX_POINT ( 'NONE', #4666 ) ;
#901 = DIRECTION ( 'NONE',  ( 0.000000000000000000, 1.000000000000000000, 0.000000000000000000 ) ) ;
#902 = DIRECTION ( 'NONE',  ( 1.000000000000000000, 5.181944496840982175E-16, 0.000000000000000000 ) ) ;
#903 = LINE ( 'NONE', #4457, #3240 ) ;
#904 = DIRECTION ( 'NONE',  ( -1.000000000000000000, 0.000000000000000000, -0.000000000000000000 ) ) ;
#905 = LINE ( 'NONE', #2081, #1380 ) ;
#906 = VECTOR ( 'NONE', #9, 1000.000000000000000 ) ;
#907 = TOROIDAL_SURFACE ( 'NONE', #2027, 3.349999999999997868, 0.2999999999999999889 ) ;
#908 = AXIS2_PLACEMENT_3D ( 'NONE', #2433, #1330, #4055 ) ;
#909 = DIRECTION ( 'NONE',  ( 0.000000000000000000, 0.000000000000000000, 1.000000000000000000 ) ) ;
#910 = PLANE ( 'NONE',  #186 ) ;
#911 = CARTESIAN_POINT ( 'NONE',  ( -42.97721736514308333, -19.65303777888381731, 994.9139625912529254 ) ) ;
#912 = DIRECTION ( 'NONE',  ( -0.000000000000000000, -0.000000000000000000, -1.000000000000000000 ) ) ;
#913 = ORIENTED_EDGE ( 'NONE', *, *, #3282, .T. ) ;
#914 = ORIENTED_EDGE ( 'NONE', *, *, #484, .F. ) ;
#915 = CIRCLE ( 'NONE', #3737, 3.000000000000002665 ) ;
#916 = ADVANCED_FACE ( 'NONE', ( #782 ), #417, .F. ) ;
#917 = EDGE_CURVE ( 'NONE', #1287, #2382, #756, .T. ) ;
#918 = LINE ( 'NONE', #890, #4038 ) ;
#919 = AXIS2_PLACEMENT_3D ( 'NONE', #4477, #2981, #1851 ) ;
#920 = VECTOR ( 'NONE', #1382, 1000.000000000000000 ) ;
#921 = ORIENTED_EDGE ( 'NONE', *, *, #2249, .F. ) ;
#922 = DIRECTION ( 'NONE',  ( -1.000000000000000000, -0.000000000000000000, -0.000000000000000000 ) ) ;
#923 = CARTESIAN_POINT ( 'NONE',  ( -32.42590672252307371, 19.32163583045519317, 1009.913962591253039 ) ) ;
#924 = CALENDAR_DATE ( 2026, 27, 6 ) ;
#925 = EDGE_LOOP ( 'NONE', ( #257, #921, #4423, #926 ) ) ;
#926 = ORIENTED_EDGE ( 'NONE', *, *, #1752, .T. ) ;
#927 = EDGE_LOOP ( 'NONE', ( #1691, #963, #4647, #2205 ) ) ;
#928 = EDGE_CURVE ( 'NONE', #4443, #2878, #3876, .T. ) ;
#929 = CARTESIAN_POINT ( 'NONE',  ( -32.42590672252307371, -19.65303777888381376, 1001.913962591253039 ) ) ;
#930 = CARTESIAN_POINT ( 'NONE',  ( -41.97721736514307622, -14.23259327800181495, 1007.389689327331780 ) ) ;
#931 = CARTESIAN_POINT ( 'NONE',  ( 35.62847732750292806, 13.62306331331017439, 1004.850119513241111 ) ) ;
#932 = LINE ( 'NONE', #4800, #4295 ) ;
#933 = CARTESIAN_POINT ( 'NONE',  ( -36.97721736514306201, 16.32163583045519673, 1016.913962591252925 ) ) ;
#934 = EDGE_CURVE ( 'NONE', #3450, #2531, #3510, .T. ) ;
#935 = CARTESIAN_POINT ( 'NONE',  ( -41.47721736514306201, -18.65303777888382086, 1016.913962591252925 ) ) ;
#936 = CARTESIAN_POINT ( 'NONE',  ( -38.45952814075521076, -21.26124688946221042, 1001.913962591253039 ) ) ;
#937 = DIRECTION ( 'NONE',  ( 0.000000000000000000, 0.000000000000000000, 1.000000000000000000 ) ) ;
#938 = DIRECTION ( 'NONE',  ( -0.000000000000000000, 0.000000000000000000, -1.000000000000000000 ) ) ;
#939 = ORIENTED_EDGE ( 'NONE', *, *, #887, .T. ) ;
#940 = VERTEX_POINT ( 'NONE', #4280 ) ;
#941 = DIRECTION ( 'NONE',  ( 0.000000000000000000, 0.000000000000000000, 1.000000000000000000 ) ) ;
#942 = ORIENTED_EDGE ( 'NONE', *, *, #311, .F. ) ;
#943 = AXIS2_PLACEMENT_3D ( 'NONE', #3778, #4177, #3012 ) ;
#944 = ORIENTED_EDGE ( 'NONE', *, *, #144, .F. ) ;
#945 = CARTESIAN_POINT ( 'NONE',  ( 35.92847732750293943, 7.077967428120427229, 1014.913962591252925 ) ) ;
#946 = CARTESIAN_POINT ( 'NONE',  ( -39.97721736514306912, -18.65303777888382086, 1014.913962591252925 ) ) ;
#947 = PERSON_AND_ORGANIZATION_ROLE ( 'creator' ) ;
#948 = EDGE_LOOP ( 'NONE', ( #1219, #1604, #436, #1828 ) ) ;
#949 = ORIENTED_EDGE ( 'NONE', *, *, #1457, .F. ) ;
#950 = EDGE_CURVE ( 'NONE', #1580, #2982, #185, .T. ) ;
#951 = EDGE_LOOP ( 'NONE', ( #3421, #3706, #1673, #4679 ) ) ;
#952 = DIRECTION ( 'NONE',  ( 1.000000000000000000, -0.000000000000000000, 0.000000000000000000 ) ) ;
#953 = CARTESIAN_POINT ( 'NONE',  ( -37.97721736514308333, 22.32163583045519317, 994.9139625912529254 ) ) ;
#954 = DIRECTION ( 'NONE',  ( 0.000000000000000000, 2.102695122399332711E-14, 1.000000000000000000 ) ) ;
#955 = LINE ( 'NONE', #1352, #586 ) ;
#956 = CARTESIAN_POINT ( 'NONE',  ( -20.87579369198157053, 19.82163583045519317, 1016.713962591252880 ) ) ;
#957 = EDGE_CURVE ( 'NONE', #356, #3414, #4687, .T. ) ;
#958 = DIRECTION ( 'NONE',  ( -0.000000000000000000, -0.000000000000000000, -1.000000000000000000 ) ) ;
#959 = CARTESIAN_POINT ( 'NONE',  ( -33.92590926252307781, -19.65303777888381376, 1009.913962591253039 ) ) ;
#960 = LINE ( 'NONE', #4569, #1368 ) ;
#961 = DIRECTION ( 'NONE',  ( 1.000000000000000000, 0.000000000000000000, -0.000000000000000000 ) ) ;
#962 = EDGE_CURVE ( 'NONE', #278, #2339, #509, .T. ) ;
#963 = ORIENTED_EDGE ( 'NONE', *, *, #2880, .F. ) ;
#964 = EDGE_CURVE ( 'NONE', #1755, #4259, #3137, .T. ) ;
#965 = ORIENTED_EDGE ( 'NONE', *, *, #2863, .F. ) ;
#966 = DIRECTION ( 'NONE',  ( 0.000000000000000000, 0.000000000000000000, 1.000000000000000000 ) ) ;
#967 = ORIENTED_EDGE ( 'NONE', *, *, #422, .F. ) ;
#968 = EDGE_CURVE ( 'NONE', #1196, #3679, #3903, .T. ) ;
#969 = ORIENTED_EDGE ( 'NONE', *, *, #1215, .T. ) ;
#970 = CARTESIAN_POINT ( 'NONE',  ( 13.82705365434141775, -23.15303777888382086, 1016.713962591252880 ) ) ;
#971 = LINE ( 'NONE', #895, #1960 ) ;
#972 = ORIENTED_EDGE ( 'NONE', *, *, #160, .T. ) ;
#973 = ORIENTED_EDGE ( 'NONE', *, *, #4198, .F. ) ;
#974 = VERTEX_POINT ( 'NONE', #3067 ) ;
#975 = EDGE_CURVE ( 'NONE', #3639, #1448, #1588, .T. ) ;
#976 = ADVANCED_FACE ( 'NONE', ( #3928 ), #466, .T. ) ;
#977 = CARTESIAN_POINT ( 'NONE',  ( 15.32705365434141420, -22.15303777888381376, 1014.913962591252925 ) ) ;
#978 = LINE ( 'NONE', #1707, #3816 ) ;
#979 = DIRECTION ( 'NONE',  ( -0.000000000000000000, -9.724964941096913828E-14, -1.000000000000000000 ) ) ;
#980 = FACE_OUTER_BOUND ( 'NONE', #189, .T. ) ;
#981 = CIRCLE ( 'NONE', #96, 4.500000000000003553 ) ;
#982 = VECTOR ( 'NONE', #3711, 1000.000000000000000 ) ;
#983 = DIRECTION ( 'NONE',  ( -1.000000000000000000, 0.000000000000000000, 0.000000000000000000 ) ) ;
#984 = CARTESIAN_POINT ( 'NONE',  ( -35.01129706319397172, -11.54443224168380411, 996.9139625912529254 ) ) ;
#985 = CARTESIAN_POINT ( 'NONE',  ( 30.40897836413879674, -11.55259405152544261, 996.9139625912529254 ) ) ;
#986 = ORIENTED_EDGE ( 'NONE', *, *, #4813, .T. ) ;
#987 = ORIENTED_EDGE ( 'NONE', *, *, #2689, .F. ) ;
#988 = EDGE_CURVE ( 'NONE', #4245, #3803, #2666, .T. ) ;
#989 = DIRECTION ( 'NONE',  ( 0.000000000000000000, 0.000000000000000000, 1.000000000000000000 ) ) ;
#990 = ORIENTED_EDGE ( 'NONE', *, *, #3218, .T. ) ;
#991 = VECTOR ( 'NONE', #4355, 1000.000000000000000 ) ;
#992 = CLOSED_SHELL ( 'NONE', ( #1188, #2394, #2987, #2077, #421, #1385, #4014, #716, #4523, #872, #2036, #4337, #3108, #3352, #4843, #1848, #4857, #3536, #623, #4318, #4952, #4097, #3922, #252, #2644, #4176, #2796, #3916, #976, #2318, #1553, #4463, #483, #127, #916, #3701, #542, #2879, #2799, #4913, #3397, #4126, #172, #1355, #1477, #2350, #3259, #4217, #184, #2265, #1540, #1829, #1045, #1198, #4959, #1133, #4598, #1995, #3469, #1796, #3977, #2825, #1738, #4071, #3963, #2431, #722, #2616, #3943, #754, #3915, #3712, #4493, #4505, #3840, #4728, #2769, #4313, #4172, #4482, #4233, #2845, #3707, #704, #553, #3821, #4566, #2093, #2472, #4166, #2817, #246, #2255, #4753, #366, #2375, #1999, #695, #385, #470, #4239, #2745, #1376, #4430, #3057, #4926, #2677, #75, #2066, #1816, #1487, #2440, #4585, #3856, #4802, #2088, #2153, #2222, #3529, #1730, #2488, #1758, #404, #455, #4187, #4774, #838, #222, #559, #3909, #5, #3571, #4138, #4664, #1534, #2189, #2015, #1229, #2028, #4225, #1923, #2292, #4532, #4696, #4961, #4604, #1511, #1780, #1256, #583, #2053 ) ) ;
#993 = ORIENTED_EDGE ( 'NONE', *, *, #3032, .T. ) ;
#994 = VECTOR ( 'NONE', #50, 1000.000000000000000 ) ;
#995 = CIRCLE ( 'NONE', #3962, 0.7500012700025031620 ) ;
#996 = EDGE_CURVE ( 'NONE', #4075, #1744, #3997, .T. ) ;
#997 = CARTESIAN_POINT ( 'NONE',  ( 31.42847732750293233, 20.82163583045519673, 1016.913962591252925 ) ) ;
#998 = PLANE ( 'NONE',  #3502 ) ;
#999 = DIRECTION ( 'NONE',  ( -0.000000000000000000, -0.000000000000000000, -1.000000000000000000 ) ) ;
#1000 = VERTEX_POINT ( 'NONE', #2403 ) ;
#1001 = CIRCLE ( 'NONE', #190, 0.3000000000000016542 ) ;
#1002 = ORIENTED_EDGE ( 'NONE', *, *, #4465, .F. ) ;
#1003 = AXIS2_PLACEMENT_3D ( 'NONE', #1918, #2238, #686 ) ;
#1004 = ORIENTED_EDGE ( 'NONE', *, *, #3142, .F. ) ;
#1005 = AXIS2_PLACEMENT_3D ( 'NONE', #689, #3445, #4987 ) ;
#1006 = VECTOR ( 'NONE', #1350, 1000.000000000000000 ) ;
#1007 = LINE ( 'NONE', #930, #2532 ) ;
#1008 = FACE_OUTER_BOUND ( 'NONE', #1939, .T. ) ;
#1009 = LINE ( 'NONE', #1331, #3508 ) ;
#1010 = CARTESIAN_POINT ( 'NONE',  ( -41.47721736514306201, -10.40936937654906558, 1016.713962591252880 ) ) ;
#1011 = MANIFOLD_SOLID_BREP ( '\X2\52079664\X0\-\X2\62c94f38\X0\13', #992 ) ;
#1012 = EDGE_CURVE ( 'NONE', #4701, #2114, #2023, .T. ) ;
#1013 = CARTESIAN_POINT ( 'NONE',  ( 35.62847732750292806, 14.92306331331012359, 1004.850119513241111 ) ) ;
#1014 = DIRECTION ( 'NONE',  ( 1.000000000000000000, -0.000000000000000000, -0.000000000000000000 ) ) ;
#1015 = FACE_OUTER_BOUND ( 'NONE', #636, .T. ) ;
#1016 = ORIENTED_EDGE ( 'NONE', *, *, #3181, .F. ) ;
#1017 = ORIENTED_EDGE ( 'NONE', *, *, #464, .F. ) ;
#1018 = EDGE_CURVE ( 'NONE', #555, #4260, #2801, .T. ) ;
#1019 = CARTESIAN_POINT ( 'NONE',  ( -31.32357194782616716, 9.339873066931188461, 996.9139625912529254 ) ) ;
#1020 = ORIENTED_EDGE ( 'NONE', *, *, #1527, .T. ) ;
#1021 = ORIENTED_EDGE ( 'NONE', *, *, #934, .T. ) ;
#1022 = VERTEX_POINT ( 'NONE', #188 ) ;
#1023 = EDGE_CURVE ( 'NONE', #1221, #2538, #4347, .T. ) ;
#1024 = CARTESIAN_POINT ( 'NONE',  ( -33.17590799252307221, -18.84873628028381276, 1009.913962591253039 ) ) ;
#1025 = PLANE ( 'NONE',  #2438 ) ;
#1026 = DATE_AND_TIME ( #4478, #885 ) ;
#1027 = ORIENTED_EDGE ( 'NONE', *, *, #3521, .T. ) ;
#1028 = CIRCLE ( 'NONE', #3851, 1.250000000000001110 ) ;
#1029 = ORIENTED_EDGE ( 'NONE', *, *, #488, .F. ) ;
#1030 = VERTEX_POINT ( 'NONE', #3575 ) ;
#1031 = EDGE_CURVE ( 'NONE', #1214, #1821, #971, .T. ) ;
#1032 = DIRECTION ( 'NONE',  ( 1.000000000000000000, -0.000000000000000000, 0.000000000000000000 ) ) ;
#1033 = DIRECTION ( 'NONE',  ( -1.000000000000000000, 0.000000000000000000, 0.000000000000000000 ) ) ;
#1034 = CARTESIAN_POINT ( 'NONE',  ( 35.92847732750292522, 16.32163583045519673, 1016.913962591252925 ) ) ;
#1035 = CARTESIAN_POINT ( 'NONE',  ( -38.01129706319400015, -14.54443224168382187, 1001.913962591253039 ) ) ;
#1036 = AXIS2_PLACEMENT_3D ( 'NONE', #4019, #3647, #2124 ) ;
#1037 = DIRECTION ( 'NONE',  ( 1.000000000000000000, 0.000000000000000000, 0.000000000000000000 ) ) ;
#1038 = LINE ( 'NONE', #733, #3420 ) ;
#1039 = DIRECTION ( 'NONE',  ( 0.000000000000000000, 1.000000000000000000, 0.000000000000000000 ) ) ;
#1040 = DIRECTION ( 'NONE',  ( -1.000000000000000000, 0.000000000000000000, 0.000000000000000000 ) ) ;
#1041 = EDGE_LOOP ( 'NONE', ( #230, #4870, #2868, #4238 ) ) ;
#1042 = ORIENTED_EDGE ( 'NONE', *, *, #2540, .F. ) ;
#1043 = CARTESIAN_POINT ( 'NONE',  ( -36.97721736514306201, 19.32163583045519317, 1014.913962591252925 ) ) ;
#1044 = ORIENTED_EDGE ( 'NONE', *, *, #3834, .T. ) ;
#1045 = ADVANCED_FACE ( 'NONE', ( #2425 ), #2095, .T. ) ;
#1046 = ORIENTED_EDGE ( 'NONE', *, *, #3948, .F. ) ;
#1047 = ORIENTED_EDGE ( 'NONE', *, *, #1763, .T. ) ;
#1048 = LINE ( 'NONE', #1327, #3966 ) ;
#1049 = DIRECTION ( 'NONE',  ( -0.000000000000000000, -1.000000000000000000, -0.000000000000000000 ) ) ;
#1050 = LINE ( 'NONE', #4078, #1490 ) ;
#1051 = COORDINATED_UNIVERSAL_TIME_OFFSET ( 8, 0, .AHEAD. ) ;
#1052 = EDGE_LOOP ( 'NONE', ( #3831, #3833, #4377, #2175 ) ) ;
#1053 = ORIENTED_EDGE ( 'NONE', *, *, #3487, .T. ) ;
#1054 = ORIENTED_EDGE ( 'NONE', *, *, #830, .T. ) ;
#1055 = VECTOR ( 'NONE', #1936, 1000.000000000000000 ) ;
#1056 = EDGE_CURVE ( 'NONE', #2419, #2696, #4301, .T. ) ;
#1057 = LINE ( 'NONE', #3806, #1171 ) ;
#1058 = CARTESIAN_POINT ( 'NONE',  ( 32.99463058461726916, 12.31503181724918150, 996.9139625912529254 ) ) ;
#1059 = CARTESIAN_POINT ( 'NONE',  ( 32.42847732750293233, 3.683063313312202158, 1005.510119513240056 ) ) ;
#1060 = FACE_OUTER_BOUND ( 'NONE', #3358, .T. ) ;
#1061 = EDGE_CURVE ( 'NONE', #2602, #1769, #429, .T. ) ;
#1062 = CARTESIAN_POINT ( 'NONE',  ( -41.47721736514306201, -18.65303777888382086, 1014.913962591252925 ) ) ;
#1063 = DIRECTION ( 'NONE',  ( 1.000000000000000000, 0.000000000000000000, 0.000000000000000000 ) ) ;
#1064 = DIRECTION ( 'NONE',  ( -1.000000000000000000, 9.451529943690347701E-16, -0.000000000000000000 ) ) ;
#1065 = CARTESIAN_POINT ( 'NONE',  ( 34.42847732750292522, -1.622572957961810891, 1003.700882987317073 ) ) ;
#1066 = ORIENTED_EDGE ( 'NONE', *, *, #4547, .T. ) ;
#1067 = AXIS2_PLACEMENT_3D ( 'NONE', #280, #2925, #2526 ) ;
#1068 = LINE ( 'NONE', #614, #2593 ) ;
#1069 = ORIENTED_EDGE ( 'NONE', *, *, #1328, .F. ) ;
#1070 = ORIENTED_EDGE ( 'NONE', *, *, #1061, .T. ) ;
#1071 = EDGE_CURVE ( 'NONE', #1909, #596, #1696, .T. ) ;
#1072 = CARTESIAN_POINT ( 'NONE',  ( 23.64700021722458345, 17.32163583045519317, 996.9139625912529254 ) ) ;
#1073 = AXIS2_PLACEMENT_3D ( 'NONE', #3243, #4822, #4799 ) ;
#1074 = CARTESIAN_POINT ( 'NONE',  ( -31.32357194782614584, 12.33987306693118668, 1001.913962591253039 ) ) ;
#1075 = DIRECTION ( 'NONE',  ( 0.000000000000000000, 0.000000000000000000, -1.000000000000000000 ) ) ;
#1076 = DATE_AND_TIME ( #2228, #2972 ) ;
#1077 = EDGE_LOOP ( 'NONE', ( #1745, #3535, #1126, #4520 ) ) ;
#1078 = ORIENTED_EDGE ( 'NONE', *, *, #3890, .F. ) ;
#1079 = ORIENTED_EDGE ( 'NONE', *, *, #3557, .T. ) ;
#1080 = VECTOR ( 'NONE', #4643, 1000.000000000000000 ) ;
#1081 = DIRECTION ( 'NONE',  ( -0.000000000000000000, -1.000000000000000000, -0.000000000000000000 ) ) ;
#1082 = DIRECTION ( 'NONE',  ( 1.000000000000000000, -0.000000000000000000, -0.000000000000000000 ) ) ;
#1083 = DIRECTION ( 'NONE',  ( -0.000000000000000000, -0.000000000000000000, -1.000000000000000000 ) ) ;
#1084 = VECTOR ( 'NONE', #3149, 1000.000000000000000 ) ;
#1085 = DIRECTION ( 'NONE',  ( 1.000000000000000000, 0.000000000000000000, -0.000000000000000000 ) ) ;
#1086 = EDGE_CURVE ( 'NONE', #4716, #2349, #2503, .T. ) ;
#1087 = AXIS2_PLACEMENT_3D ( 'NONE', #100, #4674, #2009 ) ;
#1088 = VECTOR ( 'NONE', #2889, 1000.000000000000000 ) ;
#1089 = CIRCLE ( 'NONE', #2374, 2.987305054610006394 ) ;
#1090 = DIRECTION ( 'NONE',  ( -0.000000000000000000, 0.000000000000000000, -1.000000000000000000 ) ) ;
#1091 = DIRECTION ( 'NONE',  ( -1.000000000000000000, 0.000000000000000000, 0.000000000000000000 ) ) ;
#1092 = CARTESIAN_POINT ( 'NONE',  ( 35.62847732750292806, 5.433063313312188392, 1001.800119513241157 ) ) ;
#1093 = LINE ( 'NONE', #1113, #2771 ) ;
#1094 = ORIENTED_EDGE ( 'NONE', *, *, #2249, .T. ) ;
#1095 = EDGE_CURVE ( 'NONE', #2427, #2521, #3648, .T. ) ;
#1096 = CARTESIAN_POINT ( 'NONE',  ( 32.42847732750293233, 5.433063313312188392, 1005.510119513240056 ) ) ;
#1097 = ORIENTED_EDGE ( 'NONE', *, *, #340, .F. ) ;
#1098 = ORIENTED_EDGE ( 'NONE', *, *, #1173, .T. ) ;
#1099 = ORIENTED_EDGE ( 'NONE', *, *, #4369, .T. ) ;
#1100 = PLANE ( 'NONE',  #3311 ) ;
#1101 = CARTESIAN_POINT ( 'NONE',  ( -37.97721736514308333, 17.32163583045519317, 994.9139625912529254 ) ) ;
#1102 = CARTESIAN_POINT ( 'NONE',  ( 28.50874835414829889, -18.39474720230881033, 1001.913962591253039 ) ) ;
#1103 = ORIENTED_EDGE ( 'NONE', *, *, #2689, .T. ) ;
#1104 = ORIENTED_EDGE ( 'NONE', *, *, #2016, .F. ) ;
#1105 = VERTEX_POINT ( 'NONE', #2125 ) ;
#1106 = CARTESIAN_POINT ( 'NONE',  ( 26.64700021722460832, -21.65303777888381731, 1003.413962591253039 ) ) ;
#1107 = DIRECTION ( 'NONE',  ( -0.000000000000000000, -0.000000000000000000, 1.000000000000000000 ) ) ;
#1108 = DIRECTION ( 'NONE',  ( 1.000000000000000000, 0.000000000000000000, 0.000000000000000000 ) ) ;
#1109 = CYLINDRICAL_SURFACE ( 'NONE', #95, 0.5743212343493758754 ) ;
#1110 = CARTESIAN_POINT ( 'NONE',  ( 26.64700021722460477, -19.65303777888381376, 1001.913962591253039 ) ) ;
#1111 = DIRECTION ( 'NONE',  ( -0.000000000000000000, -1.000000000000000000, 0.000000000000000000 ) ) ;
#1112 = DIRECTION ( 'NONE',  ( -0.000000000000000000, 1.000000000000000000, -0.000000000000000000 ) ) ;
#1113 = CARTESIAN_POINT ( 'NONE',  ( 31.42847732750292522, -21.65303777888381731, 1016.913962591252925 ) ) ;
#1114 = VERTEX_POINT ( 'NONE', #515 ) ;
#1115 = CIRCLE ( 'NONE', #1036, 4.999999999999997335 ) ;
#1116 = CYLINDRICAL_SURFACE ( 'NONE', #4432, 4.999999999999997335 ) ;
#1117 = ORIENTED_EDGE ( 'NONE', *, *, #276, .T. ) ;
#1118 = EDGE_CURVE ( 'NONE', #1701, #5001, #4329, .T. ) ;
#1119 = VERTEX_POINT ( 'NONE', #2072 ) ;
#1120 = VERTEX_POINT ( 'NONE', #137 ) ;
#1121 = VECTOR ( 'NONE', #2768, 1000.000000000000000 ) ;
#1122 = DIRECTION ( 'NONE',  ( -0.000000000000000000, -0.000000000000000000, -1.000000000000000000 ) ) ;
#1123 = CARTESIAN_POINT ( 'NONE',  ( -41.47721736514306201, -18.65303777888382086, 1014.913962591252925 ) ) ;
#1124 = CARTESIAN_POINT ( 'NONE',  ( 12.57705365434144262, 20.82163583045519317, 1014.913962591252925 ) ) ;
#1125 = APPROVAL_ROLE ( '' ) ;
#1126 = ORIENTED_EDGE ( 'NONE', *, *, #3548, .T. ) ;
#1127 = ORIENTED_EDGE ( 'NONE', *, *, #2759, .F. ) ;
#1128 = DIRECTION ( 'NONE',  ( 0.000000000000000000, 0.000000000000000000, -1.000000000000000000 ) ) ;
#1129 = CARTESIAN_POINT ( 'NONE',  ( 24.64700021722460122, -19.65303777888381731, 1016.913962591252925 ) ) ;
#1130 = DIRECTION ( 'NONE',  ( 0.000000000000000000, 0.000000000000000000, -1.000000000000000000 ) ) ;
#1131 = CARTESIAN_POINT ( 'NONE',  ( -20.37579369198157053, 20.82163583045519673, 1016.713962591252880 ) ) ;
#1132 = EDGE_LOOP ( 'NONE', ( #3975, #4864, #2293, #1948 ) ) ;
#1133 = ADVANCED_FACE ( 'NONE', ( #1322 ), #540, .F. ) ;
#1134 = LINE ( 'NONE', #2671, #4146 ) ;
#1135 = CARTESIAN_POINT ( 'NONE',  ( 34.42847732750292522, 11.87306331331018860, 1004.850119513241111 ) ) ;
#1136 = CARTESIAN_POINT ( 'NONE',  ( 34.42847732750292522, -18.65303777888382086, 1016.913962591252925 ) ) ;
#1137 = DIRECTION ( 'NONE',  ( 1.000000000000000000, -0.000000000000000000, -0.000000000000000000 ) ) ;
#1138 = ORIENTED_EDGE ( 'NONE', *, *, #4938, .F. ) ;
#1139 = EDGE_CURVE ( 'NONE', #3434, #4168, #874, .T. ) ;
#1140 = CARTESIAN_POINT ( 'NONE',  ( 32.52847732750289111, -21.11880338007142299, 1003.413962591253039 ) ) ;
#1141 = EDGE_LOOP ( 'NONE', ( #2074, #3384, #2974, #3230 ) ) ;
#1142 = ORIENTED_EDGE ( 'NONE', *, *, #864, .F. ) ;
#1143 = VERTEX_POINT ( 'NONE', #1271 ) ;
#1144 = VECTOR ( 'NONE', #499, 1000.000000000000000 ) ;
#1145 = VECTOR ( 'NONE', #2474, 1000.000000000000000 ) ;
#1146 = EDGE_CURVE ( 'NONE', #1114, #1482, #2049, .T. ) ;
#1147 = CARTESIAN_POINT ( 'NONE',  ( 28.50874835414829889, -18.39474720230881033, 1001.913962591253039 ) ) ;
#1148 = CARTESIAN_POINT ( 'NONE',  ( 35.92847732750293943, 6.093707644691767733, 1014.913962591252925 ) ) ;
#1149 = CARTESIAN_POINT ( 'NONE',  ( 33.29463058461727343, 18.27291029115044196, 1001.913962591253039 ) ) ;
#1150 = EDGE_LOOP ( 'NONE', ( #135, #1046, #544, #1779 ) ) ;
#1151 = VERTEX_POINT ( 'NONE', #2822 ) ;
#1152 = EDGE_CURVE ( 'NONE', #1287, #31, #3165, .T. ) ;
#1153 = PRODUCT ( 'case', 'case', '', ( #3235 ) ) ;
#1154 = CARTESIAN_POINT ( 'NONE',  ( 26.64700021722460477, -19.65303777888381376, 1003.413962591253039 ) ) ;
#1155 = CARTESIAN_POINT ( 'NONE',  ( -20.37579369198158119, -23.15303777888382086, 1016.713962591252880 ) ) ;
#1156 = AXIS2_PLACEMENT_3D ( 'NONE', #2258, #4510, #4535 ) ;
#1157 = CARTESIAN_POINT ( 'NONE',  ( -18.12579369198156698, 20.82163583045519673, 1016.713962591252880 ) ) ;
#1158 = ORIENTED_EDGE ( 'NONE', *, *, #863, .T. ) ;
#1159 = CIRCLE ( 'NONE', #908, 1.639569763765003074 ) ;
#1160 = ORIENTED_EDGE ( 'NONE', *, *, #1910, .T. ) ;
#1161 = VECTOR ( 'NONE', #3022, 1000.000000000000000 ) ;
#1162 = VECTOR ( 'NONE', #4421, 1000.000000000000000 ) ;
#1163 = DIRECTION ( 'NONE',  ( 0.000000000000000000, 0.000000000000000000, -1.000000000000000000 ) ) ;
#1164 = CARTESIAN_POINT ( 'NONE',  ( -37.97721736514308333, 17.32163583045519317, 1016.913962591252925 ) ) ;
#1165 = LINE ( 'NONE', #2321, #4416 ) ;
#1166 = CARTESIAN_POINT ( 'NONE',  ( -41.47721736514306201, -18.65303777888382086, 1014.913962591252925 ) ) ;
#1167 = ORIENTED_EDGE ( 'NONE', *, *, #521, .F. ) ;
#1168 = AXIS2_PLACEMENT_3D ( 'NONE', #4314, #879, #3488 ) ;
#1169 = CARTESIAN_POINT ( 'NONE',  ( 32.65069954972511113, -21.39277733575893592, 996.9139625912529254 ) ) ;
#1170 = DIRECTION ( 'NONE',  ( 1.000000000000000000, 0.000000000000000000, 0.000000000000000000 ) ) ;
#1171 = VECTOR ( 'NONE', #1081, 1000.000000000000000 ) ;
#1172 = ORIENTED_EDGE ( 'NONE', *, *, #4059, .F. ) ;
#1173 = EDGE_CURVE ( 'NONE', #2004, #2984, #1803, .T. ) ;
#1174 = ORIENTED_EDGE ( 'NONE', *, *, #1781, .T. ) ;
#1175 = PLANE ( 'NONE',  #1789 ) ;
#1176 = DIRECTION ( 'NONE',  ( -0.000000000000000000, -0.000000000000000000, -1.000000000000000000 ) ) ;
#1177 = DIRECTION ( 'NONE',  ( -1.000000000000000000, 0.000000000000000000, 0.000000000000000000 ) ) ;
#1178 = VERTEX_POINT ( 'NONE', #1102 ) ;
#1179 = EDGE_CURVE ( 'NONE', #4439, #694, #2955, .T. ) ;
#1180 = DIRECTION ( 'NONE',  ( 0.000000000000000000, 0.000000000000000000, -1.000000000000000000 ) ) ;
#1181 = DIRECTION ( 'NONE',  ( -0.000000000000000000, -0.000000000000000000, -1.000000000000000000 ) ) ;
#1182 = CARTESIAN_POINT ( 'NONE',  ( 28.50874835414829889, -18.39474720230881033, 996.9139625912529254 ) ) ;
#1183 = ORIENTED_EDGE ( 'NONE', *, *, #1751, .T. ) ;
#1184 = EDGE_CURVE ( 'NONE', #4070, #25, #3822, .T. ) ;
#1185 = VERTEX_POINT ( 'NONE', #4155 ) ;
#1186 = DIRECTION ( 'NONE',  ( -0.000000000000000000, -0.000000000000000000, -1.000000000000000000 ) ) ;
#1187 = FACE_OUTER_BOUND ( 'NONE', #2929, .T. ) ;
#1188 = ADVANCED_FACE ( 'NONE', ( #4102 ), #1453, .F. ) ;
#1189 = LINE ( 'NONE', #2298, #4264 ) ;
#1190 = CYLINDRICAL_SURFACE ( 'NONE', #2992, 0.9842597834286564984 ) ;
#1191 = VERTEX_POINT ( 'NONE', #1775 ) ;
#1192 = FACE_OUTER_BOUND ( 'NONE', #2663, .T. ) ;
#1193 = CARTESIAN_POINT ( 'NONE',  ( -40.62032776698665515, 8.577967428120441440, 1016.713962591252880 ) ) ;
#1194 = AXIS2_PLACEMENT_3D ( 'NONE', #2502, #3702, #2533 ) ;
#1195 = VERTEX_POINT ( 'NONE', #3309 ) ;
#1196 = VERTEX_POINT ( 'NONE', #725 ) ;
#1197 = EDGE_CURVE ( 'NONE', #1909, #2418, #112, .T. ) ;
#1198 = ADVANCED_FACE ( 'NONE', ( #4526 ), #3394, .F. ) ;
#1199 = CARTESIAN_POINT ( 'NONE',  ( 28.50874835414829889, -18.39474720230881033, 996.9139625912529254 ) ) ;
#1200 = CARTESIAN_POINT ( 'NONE',  ( -18.87579369198158119, -22.15303777888381731, 1014.913962591252925 ) ) ;
#1201 = LINE ( 'NONE', #1285, #4304 ) ;
#1202 = ORIENTED_EDGE ( 'NONE', *, *, #4918, .T. ) ;
#1203 = CARTESIAN_POINT ( 'NONE',  ( 21.64700021722458345, 19.32163583045519317, 1001.913962591253039 ) ) ;
#1204 = CARTESIAN_POINT ( 'NONE',  ( -38.02824403722000568, 12.33987306693120978, 1001.913962591253039 ) ) ;
#1205 = DIRECTION ( 'NONE',  ( -0.000000000000000000, -0.000000000000000000, -1.000000000000000000 ) ) ;
#1206 = ORIENTED_EDGE ( 'NONE', *, *, #1683, .F. ) ;
#1207 = VERTEX_POINT ( 'NONE', #314 ) ;
#1208 = EDGE_CURVE ( 'NONE', #4811, #2114, #645, .T. ) ;
#1209 = DIRECTION ( 'NONE',  ( 0.000000000000000000, 0.000000000000000000, -1.000000000000000000 ) ) ;
#1210 = DIRECTION ( 'NONE',  ( 0.000000000000000000, 1.000000000000000000, -0.000000000000000000 ) ) ;
#1211 = PLANE ( 'NONE',  #3284 ) ;
#1212 = CARTESIAN_POINT ( 'NONE',  ( -33.17590799252307221, 16.58075571869518683, 1009.913962591253039 ) ) ;
#1213 =( GEOMETRIC_REPRESENTATION_CONTEXT ( 3 ) GLOBAL_UNCERTAINTY_ASSIGNED_CONTEXT ( ( #34 ) ) GLOBAL_UNIT_ASSIGNED_CONTEXT ( ( #1345, #2097, #3262 ) ) REPRESENTATION_CONTEXT ( 'NONE', 'WORKASPACE' ) );
#1214 = VERTEX_POINT ( 'NONE', #4946 ) ;
#1215 = EDGE_CURVE ( 'NONE', #4096, #3120, #3800, .T. ) ;
#1216 = CARTESIAN_POINT ( 'NONE',  ( -20.87579369198157053, 19.82163583045519317, 1014.913962591252925 ) ) ;
#1217 = CARTESIAN_POINT ( 'NONE',  ( -41.97721736514307622, -7.232593278003813353, 1007.389689327331780 ) ) ;
#1218 = ORIENTED_EDGE ( 'NONE', *, *, #1522, .F. ) ;
#1219 = ORIENTED_EDGE ( 'NONE', *, *, #786, .F. ) ;
#1220 = DIRECTION ( 'NONE',  ( -0.000000000000000000, -0.000000000000000000, -1.000000000000000000 ) ) ;
#1221 = VERTEX_POINT ( 'NONE', #3703 ) ;
#1222 = AXIS2_PLACEMENT_3D ( 'NONE', #1602, #1997, #1314 ) ;
#1223 = VECTOR ( 'NONE', #126, 1000.000000000000000 ) ;
#1224 = DIRECTION ( 'NONE',  ( -0.000000000000000000, -0.000000000000000000, 1.000000000000000000 ) ) ;
#1225 = LINE ( 'NONE', #374, #2277 ) ;
#1226 = DIRECTION ( 'NONE',  ( 0.000000000000000000, 0.000000000000000000, -1.000000000000000000 ) ) ;
#1227 = ORIENTED_EDGE ( 'NONE', *, *, #1624, .F. ) ;
#1228 = ORIENTED_EDGE ( 'NONE', *, *, #1297, .F. ) ;
#1229 = ADVANCED_FACE ( 'NONE', ( #1481 ), #1025, .F. ) ;
#1230 = VECTOR ( 'NONE', #788, 1000.000000000000000 ) ;
#1231 = DIRECTION ( 'NONE',  ( -0.000000000000000000, -0.000000000000000000, -1.000000000000000000 ) ) ;
#1232 = FACE_OUTER_BOUND ( 'NONE', #1959, .T. ) ;
#1233 = AXIS2_PLACEMENT_3D ( 'NONE', #124, #2909, #3684 ) ;
#1234 = DIRECTION ( 'NONE',  ( 0.000000000000000000, 0.000000000000000000, -1.000000000000000000 ) ) ;
#1235 = CARTESIAN_POINT ( 'NONE',  ( -33.92590926252307781, -21.65303777888381731, 1009.913962591253039 ) ) ;
#1236 = EDGE_CURVE ( 'NONE', #4469, #4133, #1569, .T. ) ;
#1237 = AXIS2_PLACEMENT_3D ( 'NONE', #1727, #490, #1651 ) ;
#1238 = VECTOR ( 'NONE', #577, 1000.000000000000000 ) ;
#1239 = AXIS2_PLACEMENT_3D ( 'NONE', #1251, #1587, #21 ) ;
#1240 = LINE ( 'NONE', #1262, #3579 ) ;
#1241 = DIRECTION ( 'NONE',  ( 0.000000000000000000, -1.000000000000000000, 0.000000000000000000 ) ) ;
#1242 = ORIENTED_EDGE ( 'NONE', *, *, #4436, .T. ) ;
#1243 = CIRCLE ( 'NONE', #3976, 4.500000000000003553 ) ;
#1244 = EDGE_CURVE ( 'NONE', #1423, #2339, #4837, .T. ) ;
#1245 = VERTEX_POINT ( 'NONE', #2933 ) ;
#1246 = AXIS2_PLACEMENT_3D ( 'NONE', #2080, #3734, #3320 ) ;
#1247 = VECTOR ( 'NONE', #1137, 1000.000000000000000 ) ;
#1248 = VECTOR ( 'NONE', #3932, 1000.000000000000000 ) ;
#1249 = DIRECTION ( 'NONE',  ( -0.000000000000000000, -0.000000000000000000, -1.000000000000000000 ) ) ;
#1250 = ORIENTED_EDGE ( 'NONE', *, *, #2380, .F. ) ;
#1251 = CARTESIAN_POINT ( 'NONE',  ( 32.42847732750293233, 17.32163583045519317, 1016.913962591252925 ) ) ;
#1252 = DIRECTION ( 'NONE',  ( 1.000000000000000000, -0.000000000000000000, -0.000000000000000000 ) ) ;
#1253 = LINE ( 'NONE', #1182, #2449 ) ;
#1254 = ORIENTED_EDGE ( 'NONE', *, *, #1118, .F. ) ;
#1255 = ORIENTED_EDGE ( 'NONE', *, *, #1478, .F. ) ;
#1256 = ADVANCED_FACE ( 'NONE', ( #235 ), #998, .F. ) ;
#1257 = DIRECTION ( 'NONE',  ( 0.000000000000000000, 0.000000000000000000, -1.000000000000000000 ) ) ;
#1258 = CARTESIAN_POINT ( 'NONE',  ( -40.62032776698665515, 6.577967428120441440, 1014.913962591252925 ) ) ;
#1259 = DIRECTION ( 'NONE',  ( 0.000000000000000000, 0.000000000000000000, 1.000000000000000000 ) ) ;
#1260 = PLANE ( 'NONE',  #2508 ) ;
#1261 = EDGE_CURVE ( 'NONE', #1207, #2300, #1050, .T. ) ;
#1262 = CARTESIAN_POINT ( 'NONE',  ( 34.42847732750292522, 16.32163583045519673, 1016.913962591252925 ) ) ;
#1263 = LINE ( 'NONE', #1217, #1801 ) ;
#1264 = ORIENTED_EDGE ( 'NONE', *, *, #1856, .T. ) ;
#1265 = EDGE_LOOP ( 'NONE', ( #1400, #2457, #610, #1250, #2826, #468, #617, #2476, #2816, #3743, #4249, #4106 ) ) ;
#1266 = AXIS2_PLACEMENT_3D ( 'NONE', #618, #562, #3207 ) ;
#1267 = EDGE_CURVE ( 'NONE', #768, #1757, #4867, .T. ) ;
#1268 = DIRECTION ( 'NONE',  ( 0.000000000000000000, 0.000000000000000000, 1.000000000000000000 ) ) ;
#1269 = VERTEX_POINT ( 'NONE', #2148 ) ;
#1270 = DIRECTION ( 'NONE',  ( 0.000000000000000000, -1.000000000000000000, 0.000000000000000000 ) ) ;
#1271 = CARTESIAN_POINT ( 'NONE',  ( -40.62032776698665515, -10.90936937654906558, 1016.713962591252880 ) ) ;
#1272 = DIRECTION ( 'NONE',  ( 0.000000000000000000, 0.000000000000000000, -1.000000000000000000 ) ) ;
#1273 = EDGE_LOOP ( 'NONE', ( #2378, #1020, #3720, #1985 ) ) ;
#1274 = ORIENTED_EDGE ( 'NONE', *, *, #2210, .F. ) ;
#1275 = LINE ( 'NONE', #2829, #3322 ) ;
#1276 = CARTESIAN_POINT ( 'NONE',  ( 35.92847732750292522, -8.425109593120421181, 1014.913962591252925 ) ) ;
#1277 = CARTESIAN_POINT ( 'NONE',  ( 29.57421773772592033, -12.21471164223880734, 1001.913962591253039 ) ) ;
#1278 = LINE ( 'NONE', #526, #1121 ) ;
#1279 = CARTESIAN_POINT ( 'NONE',  ( -39.97721736514306912, -7.232593278003813353, 1007.089689327331826 ) ) ;
#1280 = EDGE_CURVE ( 'NONE', #3528, #2804, #1401, .T. ) ;
#1281 = AXIS2_PLACEMENT_3D ( 'NONE', #4185, #757, #397 ) ;
#1282 = DIRECTION ( 'NONE',  ( 0.000000000000000000, 0.000000000000000000, -1.000000000000000000 ) ) ;
#1283 = CARTESIAN_POINT ( 'NONE',  ( -40.62032776698665515, -8.909369376549067354, 1016.713962591252880 ) ) ;
#1284 = PLANE ( 'NONE',  #4488 ) ;
#1285 = CARTESIAN_POINT ( 'NONE',  ( -20.37579369198157053, 20.82163583045519673, 1016.713962591252880 ) ) ;
#1286 = VERTEX_POINT ( 'NONE', #2201 ) ;
#1287 = VERTEX_POINT ( 'NONE', #4921 ) ;
#1288 = DIRECTION ( 'NONE',  ( 0.000000000000000000, 0.000000000000000000, 1.000000000000000000 ) ) ;
#1289 = ORIENTED_EDGE ( 'NONE', *, *, #1781, .F. ) ;
#1290 = EDGE_CURVE ( 'NONE', #255, #4212, #3335, .T. ) ;
#1291 = VECTOR ( 'NONE', #2386, 1000.000000000000000 ) ;
#1292 = DIRECTION ( 'NONE',  ( 1.000000000000000000, 0.000000000000000000, -0.000000000000000000 ) ) ;
#1293 = DIRECTION ( 'NONE',  ( 0.000000000000000000, 0.000000000000000000, -1.000000000000000000 ) ) ;
#1294 = APPROVAL_ROLE ( '' ) ;
#1295 = VERTEX_POINT ( 'NONE', #3453 ) ;
#1296 = ORIENTED_EDGE ( 'NONE', *, *, #1378, .F. ) ;
#1297 = EDGE_CURVE ( 'NONE', #1675, #3449, #1576, .T. ) ;
#1298 = VERTEX_POINT ( 'NONE', #2687 ) ;
#1299 = EDGE_CURVE ( 'NONE', #3930, #2550, #4276, .T. ) ;
#1300 = AXIS2_PLACEMENT_3D ( 'NONE', #3746, #229, #254 ) ;
#1301 = DIRECTION ( 'NONE',  ( -1.000000000000000000, 0.000000000000000000, 0.000000000000000000 ) ) ;
#1302 = CARTESIAN_POINT ( 'NONE',  ( -26.32357194782614940, 17.32163583045519317, 996.9139625912529254 ) ) ;
#1303 = DIRECTION ( 'NONE',  ( -0.000000000000000000, -1.000000000000000000, -0.000000000000000000 ) ) ;
#1304 = CARTESIAN_POINT ( 'NONE',  ( 30.63968712130354533, -18.39474720230881033, 996.9139625912529254 ) ) ;
#1305 = CARTESIAN_POINT ( 'NONE',  ( 37.42847732750293233, 5.433063313312188392, 1012.796278708578711 ) ) ;
#1306 = AXIS2_PLACEMENT_3D ( 'NONE', #1888, #4184, #3376 ) ;
#1307 = CARTESIAN_POINT ( 'NONE',  ( -42.97721736514308333, -7.232593278003813353, 1005.450119563566773 ) ) ;
#1308 = DIRECTION ( 'NONE',  ( -1.000000000000000000, 0.000000000000000000, 0.000000000000000000 ) ) ;
#1309 = CARTESIAN_POINT ( 'NONE',  ( -32.42590672252307371, -19.65303777888381376, 1009.913962591253039 ) ) ;
#1310 = CARTESIAN_POINT ( 'NONE',  ( 14.82705365434141775, -23.15303777888382086, 1014.913962591252925 ) ) ;
#1311 = ORIENTED_EDGE ( 'NONE', *, *, #115, .F. ) ;
#1312 = ORIENTED_EDGE ( 'NONE', *, *, #2651, .F. ) ;
#1313 = CIRCLE ( 'NONE', #35, 0.5743212343493758754 ) ;
#1314 = DIRECTION ( 'NONE',  ( 1.000000000000000000, 0.000000000000000000, 0.000000000000000000 ) ) ;
#1315 = EDGE_LOOP ( 'NONE', ( #2274, #2539, #3498, #1975 ) ) ;
#1316 = EDGE_CURVE ( 'NONE', #3372, #2530, #1508, .T. ) ;
#1317 = AXIS2_PLACEMENT_3D ( 'NONE', #3047, #4213, #4593 ) ;
#1318 = ORIENTED_EDGE ( 'NONE', *, *, #1560, .F. ) ;
#1319 = VECTOR ( 'NONE', #176, 1000.000000000000000 ) ;
#1320 = EDGE_CURVE ( 'NONE', #3278, #2506, #1001, .T. ) ;
#1321 = LINE ( 'NONE', #136, #4910 ) ;
#1322 = FACE_OUTER_BOUND ( 'NONE', #205, .T. ) ;
#1323 = CARTESIAN_POINT ( 'NONE',  ( -31.32357194782614584, 12.33987306693118668, 1001.913962591253039 ) ) ;
#1324 = VERTEX_POINT ( 'NONE', #749 ) ;
#1325 = VERTEX_POINT ( 'NONE', #1663 ) ;
#1326 = ORIENTED_EDGE ( 'NONE', *, *, #3729, .T. ) ;
#1327 = CARTESIAN_POINT ( 'NONE',  ( 32.42847732750293233, 13.62306331331013887, 1004.850119513241111 ) ) ;
#1328 = EDGE_CURVE ( 'NONE', #1744, #3908, #4201, .T. ) ;
#1329 = CARTESIAN_POINT ( 'NONE',  ( -32.42590672252207185, 16.58075571869518683, 1009.913962591253039 ) ) ;
#1330 = DIRECTION ( 'NONE',  ( -1.000000000000000000, 0.000000000000000000, 0.000000000000000000 ) ) ;
#1331 = CARTESIAN_POINT ( 'NONE',  ( -35.02824403721998436, 9.339873066931188461, 996.9139625912529254 ) ) ;
#1332 = LINE ( 'NONE', #4032, #2101 ) ;
#1333 = DIRECTION ( 'NONE',  ( 0.000000000000000000, 0.000000000000000000, -1.000000000000000000 ) ) ;
#1334 = DIRECTION ( 'NONE',  ( 0.000000000000000000, 0.000000000000000000, 1.000000000000000000 ) ) ;
#1335 = CARTESIAN_POINT ( 'NONE',  ( 32.99463058461726916, 12.31503181724920104, 1001.913962591253039 ) ) ;
#1336 = ORIENTED_EDGE ( 'NONE', *, *, #4325, .T. ) ;
#1337 = ORIENTED_EDGE ( 'NONE', *, *, #1267, .T. ) ;
#1338 = CARTESIAN_POINT ( 'NONE',  ( -26.34051892185214427, -19.65303777888381731, 1001.913962591253039 ) ) ;
#1339 = ORIENTED_EDGE ( 'NONE', *, *, #4944, .T. ) ;
#1340 = VECTOR ( 'NONE', #3428, 1000.000000000000000 ) ;
#1341 = ORIENTED_EDGE ( 'NONE', *, *, #4297, .F. ) ;
#1342 = EDGE_CURVE ( 'NONE', #3524, #3791, #3826, .T. ) ;
#1343 = LINE ( 'NONE', #1774, #3276 ) ;
#1344 = CARTESIAN_POINT ( 'NONE',  ( -38.01129706319400015, -21.00042597840437253, 1001.913962591253039 ) ) ;
#1345 =( LENGTH_UNIT ( ) NAMED_UNIT ( * ) SI_UNIT ( .MILLI., .METRE. ) );
#1346 = ORIENTED_EDGE ( 'NONE', *, *, #2994, .T. ) ;
#1347 = ORIENTED_EDGE ( 'NONE', *, *, #211, .F. ) ;
#1348 = ORIENTED_EDGE ( 'NONE', *, *, #4205, .T. ) ;
#1349 = DIRECTION ( 'NONE',  ( 1.000000000000000000, 0.000000000000000000, 0.000000000000000000 ) ) ;
#1350 = DIRECTION ( 'NONE',  ( -1.000000000000000000, -0.000000000000000000, -0.000000000000000000 ) ) ;
#1351 = DIRECTION ( 'NONE',  ( 1.000000000000000000, 0.000000000000000000, 0.000000000000000000 ) ) ;
#1352 = CARTESIAN_POINT ( 'NONE',  ( -19.37579369198156698, 20.82163583045519673, 1016.713962591252880 ) ) ;
#1353 = DIRECTION ( 'NONE',  ( 1.000000000000000000, 0.000000000000000000, -0.000000000000000000 ) ) ;
#1354 = VECTOR ( 'NONE', #1112, 1000.000000000000000 ) ;
#1355 = ADVANCED_FACE ( 'NONE', ( #3062 ), #443, .F. ) ;
#1356 = CARTESIAN_POINT ( 'NONE',  ( -35.01129706319400015, -14.54443224168380233, 996.9139625912529254 ) ) ;
#1357 = DIRECTION ( 'NONE',  ( -0.000000000000000000, 0.000000000000000000, -1.000000000000000000 ) ) ;
#1358 = DIRECTION ( 'NONE',  ( -0.000000000000000000, -0.000000000000000000, 1.000000000000000000 ) ) ;
#1359 = PLANE ( 'NONE',  #2373 ) ;
#1360 = EDGE_LOOP ( 'NONE', ( #370, #2762, #4196, #1723 ) ) ;
#1361 = ORIENTED_EDGE ( 'NONE', *, *, #1320, .T. ) ;
#1362 = EDGE_CURVE ( 'NONE', #3731, #3717, #1979, .T. ) ;
#1363 = DIRECTION ( 'NONE',  ( 1.000000000000000000, 0.000000000000000000, 0.000000000000000000 ) ) ;
#1364 = VERTEX_POINT ( 'NONE', #369 ) ;
#1365 = ORIENTED_EDGE ( 'NONE', *, *, #2739, .F. ) ;
#1366 = LINE ( 'NONE', #2898, #3115 ) ;
#1367 = CARTESIAN_POINT ( 'NONE',  ( 30.40897836413879674, -11.55259405152544083, 999.4139625912530391 ) ) ;
#1368 = VECTOR ( 'NONE', #4, 1000.000000000000000 ) ;
#1369 = EDGE_CURVE ( 'NONE', #2221, #1580, #3200, .T. ) ;
#1370 = VERTEX_POINT ( 'NONE', #4661 ) ;
#1371 = AXIS2_PLACEMENT_3D ( 'NONE', #1421, #4442, #2578 ) ;
#1372 = ORIENTED_EDGE ( 'NONE', *, *, #3142, .T. ) ;
#1373 = ORIENTED_EDGE ( 'NONE', *, *, #917, .T. ) ;
#1374 = DIRECTION ( 'NONE',  ( 1.000000000000000000, 0.000000000000000000, 0.000000000000000000 ) ) ;
#1375 = CARTESIAN_POINT ( 'NONE',  ( 35.92847732750292522, -10.40936937654907446, 1014.913962591252925 ) ) ;
#1376 = ADVANCED_FACE ( 'NONE', ( #1556 ), #2332, .F. ) ;
#1377 = DIRECTION ( 'NONE',  ( -0.000000000000000000, -0.000000000000000000, 1.000000000000000000 ) ) ;
#1378 = EDGE_CURVE ( 'NONE', #581, #2400, #679, .T. ) ;
#1379 = DIRECTION ( 'NONE',  ( -0.000000000000000000, -0.000000000000000000, 1.000000000000000000 ) ) ;
#1380 = VECTOR ( 'NONE', #527, 1000.000000000000000 ) ;
#1381 = VECTOR ( 'NONE', #1220, 1000.000000000000000 ) ;
#1382 = DIRECTION ( 'NONE',  ( -3.469446951953605117E-15, 1.000000000000000000, 0.000000000000000000 ) ) ;
#1383 = CARTESIAN_POINT ( 'NONE',  ( -26.34051892185214427, -21.65303777888381731, 996.9139625912529254 ) ) ;
#1384 = FACE_OUTER_BOUND ( 'NONE', #4240, .T. ) ;
#1385 = ADVANCED_FACE ( 'NONE', ( #4231, #2661 ), #4995, .T. ) ;
#1386 = DIRECTION ( 'NONE',  ( -0.000000000000000000, -0.000000000000000000, -1.000000000000000000 ) ) ;
#1387 = ORIENTED_EDGE ( 'NONE', *, *, #3474, .T. ) ;
#1388 = ORIENTED_EDGE ( 'NONE', *, *, #740, .F. ) ;
#1389 = CARTESIAN_POINT ( 'NONE',  ( 32.99463058461726916, 18.27291029115044196, 1001.913962591253039 ) ) ;
#1390 = ORIENTED_EDGE ( 'NONE', *, *, #3675, .F. ) ;
#1391 = EDGE_CURVE ( 'NONE', #1245, #3357, #4746, .T. ) ;
#1392 = VECTOR ( 'NONE', #855, 1000.000000000000000 ) ;
#1393 = VECTOR ( 'NONE', #718, 1000.000000000000000 ) ;
#1394 = ORIENTED_EDGE ( 'NONE', *, *, #2169, .T. ) ;
#1395 = VERTEX_POINT ( 'NONE', #800 ) ;
#1396 = VECTOR ( 'NONE', #1293, 1000.000000000000000 ) ;
#1397 = CARTESIAN_POINT ( 'NONE',  ( 28.64700021722461898, -11.54443224168380944, 1001.913962591253039 ) ) ;
#1398 = DIRECTION ( 'NONE',  ( -0.000000000000000000, -0.000000000000000000, -1.000000000000000000 ) ) ;
#1399 = APPROVAL_DATE_TIME ( #4399, #3440 ) ;
#1400 = ORIENTED_EDGE ( 'NONE', *, *, #1916, .F. ) ;
#1401 = CIRCLE ( 'NONE', #2204, 1.749999999999918288 ) ;
#1402 = ORIENTED_EDGE ( 'NONE', *, *, #2054, .F. ) ;
#1403 = VECTOR ( 'NONE', #3401, 1000.000000000000000 ) ;
#1404 = ORIENTED_EDGE ( 'NONE', *, *, #4465, .T. ) ;
#1405 = AXIS2_PLACEMENT_3D ( 'NONE', #2649, #3382, #2998 ) ;
#1406 = AXIS2_PLACEMENT_3D ( 'NONE', #4927, #1488, #2961 ) ;
#1407 = CARTESIAN_POINT ( 'NONE',  ( 28.32081540092092453, 16.56833509385418779, 1009.913962591253039 ) ) ;
#1408 = DIRECTION ( 'NONE',  ( 1.000000000000000000, 0.000000000000000000, 0.000000000000000000 ) ) ;
#1409 = LINE ( 'NONE', #3710, #43 ) ;
#1410 = FACE_OUTER_BOUND ( 'NONE', #1655, .T. ) ;
#1411 = AXIS2_PLACEMENT_3D ( 'NONE', #4564, #1491, #1130 ) ;
#1412 = EDGE_CURVE ( 'NONE', #2681, #4439, #435, .T. ) ;
#1413 = EDGE_CURVE ( 'NONE', #1445, #3519, #1201, .T. ) ;
#1414 = CARTESIAN_POINT ( 'NONE',  ( -40.62032776698665515, 8.577967428120441440, 1016.713962591252880 ) ) ;
#1415 = CARTESIAN_POINT ( 'NONE',  ( -34.56089783250507708, -14.31558395544890772, 996.9139625912529254 ) ) ;
#1416 = DIRECTION ( 'NONE',  ( 0.000000000000000000, 0.000000000000000000, 1.000000000000000000 ) ) ;
#1417 = CARTESIAN_POINT ( 'NONE',  ( -20.37579369198157053, 20.82163583045519673, 1016.713962591252880 ) ) ;
#1418 = ORIENTED_EDGE ( 'NONE', *, *, #3424, .F. ) ;
#1419 = VERTEX_POINT ( 'NONE', #3429 ) ;
#1420 = EDGE_CURVE ( 'NONE', #2506, #1370, #4012, .T. ) ;
#1421 = CARTESIAN_POINT ( 'NONE',  ( 37.12847732750292806, 11.87306331331128817, 1001.500119513241088 ) ) ;
#1422 = ORIENTED_EDGE ( 'NONE', *, *, #4297, .T. ) ;
#1423 = VERTEX_POINT ( 'NONE', #985 ) ;
#1424 = ORIENTED_EDGE ( 'NONE', *, *, #4284, .T. ) ;
#1425 = EDGE_CURVE ( 'NONE', #4260, #624, #3715, .T. ) ;
#1426 = AXIS2_PLACEMENT_3D ( 'NONE', #1101, #1507, #1831 ) ;
#1427 = PLANE ( 'NONE',  #2862 ) ;
#1428 = DIRECTION ( 'NONE',  ( -0.000000000000000000, -0.000000000000000000, -1.000000000000000000 ) ) ;
#1429 = ORIENTED_EDGE ( 'NONE', *, *, #2907, .T. ) ;
#1430 = CIRCLE ( 'NONE', #3362, 1.939569763764970034 ) ;
#1431 = ORIENTED_EDGE ( 'NONE', *, *, #2581, .T. ) ;
#1432 = EDGE_LOOP ( 'NONE', ( #622, #2536, #3263, #4036, #1390, #720, #1336, #3625, #3264, #2999, #1450, #3704 ) ) ;
#1433 = AXIS2_PLACEMENT_3D ( 'NONE', #49, #1933, #1753 ) ;
#1434 = CARTESIAN_POINT ( 'NONE',  ( 31.42847732750292522, 16.32163583045519673, 1016.913962591252925 ) ) ;
#1435 = CARTESIAN_POINT ( 'NONE',  ( 35.07158772934651836, -8.909369376549079789, 1016.713962591252880 ) ) ;
#1436 = DIRECTION ( 'NONE',  ( -1.000000000000000000, 0.000000000000000000, 0.000000000000000000 ) ) ;
#1437 = DIRECTION ( 'NONE',  ( 1.000000000000000000, 0.000000000000000000, -0.000000000000000000 ) ) ;
#1438 = CARTESIAN_POINT ( 'NONE',  ( 37.12847732750292806, 5.433063313312188392, 1008.560119513240124 ) ) ;
#1439 = CARTESIAN_POINT ( 'NONE',  ( -36.97721736514306201, -18.65303777888382086, 1014.913962591252925 ) ) ;
#1440 = CARTESIAN_POINT ( 'NONE',  ( 31.42847732750292522, -23.15303777888382086, 1016.913962591252925 ) ) ;
#1441 = DIRECTION ( 'NONE',  ( 0.000000000000000000, 0.000000000000000000, -1.000000000000000000 ) ) ;
#1442 = EDGE_CURVE ( 'NONE', #1445, #2129, #4462, .T. ) ;
#1443 = ORIENTED_EDGE ( 'NONE', *, *, #4592, .F. ) ;
#1444 = EDGE_CURVE ( 'NONE', #1756, #4158, #580, .T. ) ;
#1445 = VERTEX_POINT ( 'NONE', #1417 ) ;
#1446 = AXIS2_PLACEMENT_3D ( 'NONE', #1136, #3444, #3813 ) ;
#1447 = LINE ( 'NONE', #4016, #2667 ) ;
#1448 = VERTEX_POINT ( 'NONE', #1310 ) ;
#1449 = ORIENTED_EDGE ( 'NONE', *, *, #1751, .F. ) ;
#1450 = ORIENTED_EDGE ( 'NONE', *, *, #964, .F. ) ;
#1451 = CARTESIAN_POINT ( 'NONE',  ( -36.97721736514306201, 16.32163583045519673, 1016.913962591252925 ) ) ;
#1452 = CYLINDRICAL_SURFACE ( 'NONE', #707, 3.000000000000002665 ) ;
#1453 = CYLINDRICAL_SURFACE ( 'NONE', #762, 3.249244658438010802 ) ;
#1454 = CC_DESIGN_DATE_AND_TIME_ASSIGNMENT ( #1026, #1672, ( #4324 ) ) ;
#1455 = PERSON_AND_ORGANIZATION_ROLE ( 'classification_officer' ) ;
#1456 = ORIENTED_EDGE ( 'NONE', *, *, #1118, .T. ) ;
#1457 = EDGE_CURVE ( 'NONE', #2629, #2506, #4881, .T. ) ;
#1458 = ORIENTED_EDGE ( 'NONE', *, *, #122, .F. ) ;
#1459 = ORIENTED_EDGE ( 'NONE', *, *, #3301, .T. ) ;
#1460 = DIRECTION ( 'NONE',  ( 0.000000000000000000, -1.000000000000000000, 0.000000000000000000 ) ) ;
#1461 = DIRECTION ( 'NONE',  ( -0.000000000000000000, -0.000000000000000000, -1.000000000000000000 ) ) ;
#1462 = CARTESIAN_POINT ( 'NONE',  ( -20.87579369198158474, -22.15303777888381731, 1014.913962591252925 ) ) ;
#1463 = CARTESIAN_POINT ( 'NONE',  ( 28.64700021722460122, -13.54443224168380944, 1001.913962591253039 ) ) ;
#1464 = EDGE_CURVE ( 'NONE', #2387, #3870, #1715, .T. ) ;
#1465 = VECTOR ( 'NONE', #4833, 1000.000000000000000 ) ;
#1466 = DIRECTION ( 'NONE',  ( -1.000000000000000000, -0.000000000000000000, -0.000000000000000000 ) ) ;
#1467 = CARTESIAN_POINT ( 'NONE',  ( 35.62847732750292806, 5.433063313312188392, 1008.560119513240124 ) ) ;
#1468 = DIRECTION ( 'NONE',  ( 1.000000000000000000, 0.000000000000000000, -0.000000000000000000 ) ) ;
#1469 = CARTESIAN_POINT ( 'NONE',  ( 21.64700021722458345, 19.32163583045519317, 1001.913962591253039 ) ) ;
#1470 = ORIENTED_EDGE ( 'NONE', *, *, #3500, .F. ) ;
#1471 = AXIS2_PLACEMENT_3D ( 'NONE', #2621, #4589, #1437 ) ;
#1472 = AXIS2_PLACEMENT_3D ( 'NONE', #4009, #633, #2442 ) ;
#1473 = CARTESIAN_POINT ( 'NONE',  ( 35.07158772934651836, -10.90936937654907801, 1016.713962591252880 ) ) ;
#1474 = DIRECTION ( 'NONE',  ( -0.000000000000000000, -0.000000000000000000, -1.000000000000000000 ) ) ;
#1475 = ORIENTED_EDGE ( 'NONE', *, *, #347, .F. ) ;
#1476 = ORIENTED_EDGE ( 'NONE', *, *, #2948, .F. ) ;
#1477 = ADVANCED_FACE ( 'NONE', ( #2840 ), #3251, .F. ) ;
#1478 = EDGE_CURVE ( 'NONE', #3031, #2637, #516, .T. ) ;
#1479 = DIRECTION ( 'NONE',  ( 1.000000000000000000, 0.000000000000000000, -0.000000000000000000 ) ) ;
#1480 = LINE ( 'NONE', #368, #3359 ) ;
#1481 = FACE_OUTER_BOUND ( 'NONE', #4869, .T. ) ;
#1482 = VERTEX_POINT ( 'NONE', #4806 ) ;
#1483 = EDGE_LOOP ( 'NONE', ( #2737, #333, #4132, #1630 ) ) ;
#1484 = ORIENTED_EDGE ( 'NONE', *, *, #1173, .F. ) ;
#1485 = AXIS2_PLACEMENT_3D ( 'NONE', #1754, #3286, #4731 ) ;
#1486 = CIRCLE ( 'NONE', #4290, 1.749999999999918288 ) ;
#1487 = ADVANCED_FACE ( 'NONE', ( #1015 ), #4829, .F. ) ;
#1488 = DIRECTION ( 'NONE',  ( -1.000000000000000000, 0.000000000000000000, 0.000000000000000000 ) ) ;
#1489 = CARTESIAN_POINT ( 'NONE',  ( 31.42847732750293233, 20.82163583045519673, 1014.913962591252925 ) ) ;
#1490 = VECTOR ( 'NONE', #2611, 1000.000000000000000 ) ;
#1491 = DIRECTION ( 'NONE',  ( 1.000000000000000000, -0.000000000000000000, 0.000000000000000000 ) ) ;
#1492 = DIRECTION ( 'NONE',  ( -0.000000000000000000, -0.000000000000000000, -1.000000000000000000 ) ) ;
#1493 = VECTOR ( 'NONE', #3350, 1000.000000000000000 ) ;
#1494 = VECTOR ( 'NONE', #1441, 1000.000000000000000 ) ;
#1495 = EDGE_CURVE ( 'NONE', #4145, #4775, #3692, .T. ) ;
#1496 = DIRECTION ( 'NONE',  ( -1.000000000000000000, 0.000000000000000000, 0.000000000000000000 ) ) ;
#1497 = DIRECTION ( 'NONE',  ( 0.000000000000000000, -1.000000000000000000, 0.000000000000000000 ) ) ;
#1498 = CARTESIAN_POINT ( 'NONE',  ( -40.62032776698665515, -10.90936937654906558, 1016.713962591252880 ) ) ;
#1499 = DIRECTION ( 'NONE',  ( 1.000000000000000000, 0.000000000000000000, 0.000000000000000000 ) ) ;
#1500 = ORIENTED_EDGE ( 'NONE', *, *, #479, .T. ) ;
#1501 = DIRECTION ( 'NONE',  ( -0.000000000000000000, -0.000000000000000000, -1.000000000000000000 ) ) ;
#1502 = CARTESIAN_POINT ( 'NONE',  ( 26.64700021722460477, -13.54443224168382187, 1001.913962591253039 ) ) ;
#1503 = ORIENTED_EDGE ( 'NONE', *, *, #1747, .T. ) ;
#1504 = ORIENTED_EDGE ( 'NONE', *, *, #2116, .F. ) ;
#1505 = VECTOR ( 'NONE', #3138, 1000.000000000000000 ) ;
#1506 = DIRECTION ( 'NONE',  ( 0.000000000000000000, 0.000000000000000000, 1.000000000000000000 ) ) ;
#1507 = DIRECTION ( 'NONE',  ( 0.000000000000000000, 0.000000000000000000, -1.000000000000000000 ) ) ;
#1508 = LINE ( 'NONE', #3040, #4060 ) ;
#1509 = CALENDAR_DATE ( 2026, 27, 6 ) ;
#1510 = ORIENTED_EDGE ( 'NONE', *, *, #2452, .F. ) ;
#1511 = ADVANCED_FACE ( 'NONE', ( #3298, #4390 ), #1359, .T. ) ;
#1512 = EDGE_CURVE ( 'NONE', #2475, #139, #3832, .T. ) ;
#1513 = ORIENTED_EDGE ( 'NONE', *, *, #217, .T. ) ;
#1514 = CARTESIAN_POINT ( 'NONE',  ( 32.42847732750293233, 5.433063313312188392, 1003.100119513241225 ) ) ;
#1515 = CARTESIAN_POINT ( 'NONE',  ( 35.62847732750292806, 11.87306331331018860, 1007.260119513240056 ) ) ;
#1516 = CARTESIAN_POINT ( 'NONE',  ( -19.37579369198158119, -23.15303777888382086, 1014.913962591252925 ) ) ;
#1517 = LINE ( 'NONE', #3046, #2592 ) ;
#1518 = CARTESIAN_POINT ( 'NONE',  ( 32.42847732750293233, -24.65303777888381376, 994.9139625912529254 ) ) ;
#1519 = CARTESIAN_POINT ( 'NONE',  ( 34.42847732750292522, -18.65303777888382086, 1007.260119513240056 ) ) ;
#1520 = CARTESIAN_POINT ( 'NONE',  ( -40.62032776698665515, -8.909369376549067354, 1016.713962591252880 ) ) ;
#1521 = DIRECTION ( 'NONE',  ( 0.000000000000000000, 0.000000000000000000, -1.000000000000000000 ) ) ;
#1522 = EDGE_CURVE ( 'NONE', #2520, #3387, #2468, .T. ) ;
#1523 = EDGE_LOOP ( 'NONE', ( #2164, #2854, #1938, #726, #3090, #4218, #4646, #840 ) ) ;
#1524 = DIRECTION ( 'NONE',  ( -1.000000000000000000, 0.000000000000000000, 0.000000000000000000 ) ) ;
#1525 = EDGE_LOOP ( 'NONE', ( #4856, #227, #4272, #2303 ) ) ;
#1526 = ORIENTED_EDGE ( 'NONE', *, *, #3106, .T. ) ;
#1527 = EDGE_CURVE ( 'NONE', #3908, #4391, #4492, .T. ) ;
#1528 = EDGE_LOOP ( 'NONE', ( #743, #833, #69, #1017 ) ) ;
#1529 = DIRECTION ( 'NONE',  ( -0.000000000000000000, -1.000000000000000000, -0.000000000000000000 ) ) ;
#1530 = DIRECTION ( 'NONE',  ( -1.000000000000000000, 0.000000000000000000, 0.000000000000000000 ) ) ;
#1531 = DIRECTION ( 'NONE',  ( 0.000000000000000000, 0.000000000000000000, 1.000000000000000000 ) ) ;
#1532 = ORIENTED_EDGE ( 'NONE', *, *, #4724, .F. ) ;
#1533 = ORIENTED_EDGE ( 'NONE', *, *, #441, .F. ) ;
#1534 = ADVANCED_FACE ( 'NONE', ( #4437 ), #3613, .F. ) ;
#1535 = DIRECTION ( 'NONE',  ( -1.000000000000000000, 0.000000000000000000, 0.000000000000000000 ) ) ;
#1536 = DIRECTION ( 'NONE',  ( 0.000000000000000000, -0.000000000000000000, 1.000000000000000000 ) ) ;
#1537 = DIRECTION ( 'NONE',  ( 1.000000000000000000, 0.000000000000000000, 0.000000000000000000 ) ) ;
#1538 = ORIENTED_EDGE ( 'NONE', *, *, #3547, .T. ) ;
#1539 = VERTEX_POINT ( 'NONE', #2085 ) ;
#1540 = ADVANCED_FACE ( 'NONE', ( #4773 ), #3637, .F. ) ;
#1541 = DIRECTION ( 'NONE',  ( -1.000000000000000000, 0.000000000000000000, 0.000000000000000000 ) ) ;
#1542 = LINE ( 'NONE', #3883, #4531 ) ;
#1543 = CARTESIAN_POINT ( 'NONE',  ( -42.97721736514308333, -19.65303777888381731, 1016.913962591252925 ) ) ;
#1544 = LINE ( 'NONE', #4570, #2123 ) ;
#1545 = AXIS2_PLACEMENT_3D ( 'NONE', #175, #1714, #1334 ) ;
#1546 = ORIENTED_EDGE ( 'NONE', *, *, #869, .F. ) ;
#1547 = EDGE_CURVE ( 'NONE', #460, #2051, #1093, .T. ) ;
#1548 = CARTESIAN_POINT ( 'NONE',  ( 30.01021976972992178, -16.66573272427380914, 1003.413962591253039 ) ) ;
#1549 = VERTEX_POINT ( 'NONE', #4543 ) ;
#1550 = ORIENTED_EDGE ( 'NONE', *, *, #4978, .F. ) ;
#1551 = ORIENTED_EDGE ( 'NONE', *, *, #298, .T. ) ;
#1552 = VECTOR ( 'NONE', #244, 1000.000000000000000 ) ;
#1553 = ADVANCED_FACE ( 'NONE', ( #3413 ), #4934, .T. ) ;
#1554 = CARTESIAN_POINT ( 'NONE',  ( -41.97721736514307622, -14.23259327800181495, 1003.810549799801720 ) ) ;
#1555 = DIRECTION ( 'NONE',  ( -1.000000000000000000, 0.000000000000000000, 0.000000000000000000 ) ) ;
#1556 = FACE_OUTER_BOUND ( 'NONE', #4376, .T. ) ;
#1557 = AXIS2_PLACEMENT_3D ( 'NONE', #1164, #57, #1966 ) ;
#1558 = EDGE_LOOP ( 'NONE', ( #2612, #140, #2848, #4917, #3280, #1881, #871 ) ) ;
#1559 = VECTOR ( 'NONE', #2103, 1000.000000000000000 ) ;
#1560 = EDGE_CURVE ( 'NONE', #2738, #4245, #4711, .T. ) ;
#1561 = CARTESIAN_POINT ( 'NONE',  ( 28.50874835414829889, -18.39474720230881033, 996.9139625912529254 ) ) ;
#1562 = DIRECTION ( 'NONE',  ( 0.000000000000000000, 1.000000000000000000, 0.000000000000000000 ) ) ;
#1563 = AXIS2_PLACEMENT_3D ( 'NONE', #2832, #4385, #3686 ) ;
#1564 = DIRECTION ( 'NONE',  ( -0.000000000000000000, -0.000000000000000000, -1.000000000000000000 ) ) ;
#1565 = ORIENTED_EDGE ( 'NONE', *, *, #103, .F. ) ;
#1566 = AXIS2_PLACEMENT_3D ( 'NONE', #3013, #1880, #3343 ) ;
#1567 = ORIENTED_EDGE ( 'NONE', *, *, #3792, .F. ) ;
#1568 = AXIS2_PLACEMENT_3D ( 'NONE', #4279, #3944, #2781 ) ;
#1569 = CIRCLE ( 'NONE', #1566, 4.850008132514016523 ) ;
#1570 = CIRCLE ( 'NONE', #4378, 0.7500012700020000089 ) ;
#1571 = CYLINDRICAL_SURFACE ( 'NONE', #273, 2.999999999999999112 ) ;
#1572 = DIRECTION ( 'NONE',  ( -1.156482317317869161E-15, 1.000000000000000000, 0.000000000000000000 ) ) ;
#1573 = DIRECTION ( 'NONE',  ( 0.000000000000000000, -1.000000000000000000, -0.000000000000000000 ) ) ;
#1574 = FACE_OUTER_BOUND ( 'NONE', #2113, .T. ) ;
#1575 = ORIENTED_EDGE ( 'NONE', *, *, #4512, .T. ) ;
#1576 = CIRCLE ( 'NONE', #1964, 1.250000000000002887 ) ;
#1577 = EDGE_CURVE ( 'NONE', #624, #4248, #1544, .T. ) ;
#1578 = DIRECTION ( 'NONE',  ( 1.000000000000000000, 0.000000000000000000, 0.000000000000000000 ) ) ;
#1579 = DIRECTION ( 'NONE',  ( 0.000000000000000000, 0.000000000000000000, 1.000000000000000000 ) ) ;
#1580 = VERTEX_POINT ( 'NONE', #382 ) ;
#1581 = VERTEX_POINT ( 'NONE', #1469 ) ;
#1582 = DIRECTION ( 'NONE',  ( 0.000000000000000000, 0.000000000000000000, -1.000000000000000000 ) ) ;
#1583 = CARTESIAN_POINT ( 'NONE',  ( 35.62847732750292806, -1.167094277858411688, 1001.800119513241157 ) ) ;
#1584 = CARTESIAN_POINT ( 'NONE',  ( 35.64590896369588791, -10.90936937654907801, 1016.713962591252880 ) ) ;
#1585 = ORIENTED_EDGE ( 'NONE', *, *, #3580, .T. ) ;
#1586 = EDGE_CURVE ( 'NONE', #2565, #1022, #439, .T. ) ;
#1587 = DIRECTION ( 'NONE',  ( 0.000000000000000000, 0.000000000000000000, -1.000000000000000000 ) ) ;
#1588 = LINE ( 'NONE', #446, #3736 ) ;
#1589 = CARTESIAN_POINT ( 'NONE',  ( -42.97721736514308333, 17.32163583045519317, 1016.913962591252925 ) ) ;
#1590 = ORIENTED_EDGE ( 'NONE', *, *, #1018, .T. ) ;
#1591 = ORIENTED_EDGE ( 'NONE', *, *, #2856, .T. ) ;
#1592 = EDGE_CURVE ( 'NONE', #4311, #4349, #767, .T. ) ;
#1593 = DIRECTION ( 'NONE',  ( 1.000000000000000000, 0.000000000000000000, 0.000000000000000000 ) ) ;
#1594 = FACE_OUTER_BOUND ( 'NONE', #3003, .T. ) ;
#1595 = DIRECTION ( 'NONE',  ( 4.927793081368463797E-17, 1.000000000000000000, 0.000000000000000000 ) ) ;
#1596 = CARTESIAN_POINT ( 'NONE',  ( -36.97721736514306201, -23.15303777888382086, 1014.913962591252925 ) ) ;
#1597 = VERTEX_POINT ( 'NONE', #1065 ) ;
#1598 = DIRECTION ( 'NONE',  ( -1.000000000000000000, 0.000000000000000000, 0.000000000000000000 ) ) ;
#1599 = DIRECTION ( 'NONE',  ( 1.000000000000000000, 0.000000000000000000, 0.000000000000000000 ) ) ;
#1600 = VERTEX_POINT ( 'NONE', #1921 ) ;
#1601 = ORIENTED_EDGE ( 'NONE', *, *, #1261, .T. ) ;
#1602 = CARTESIAN_POINT ( 'NONE',  ( -36.97721736514306201, 16.32163583045519673, 1014.913962591252925 ) ) ;
#1603 = EDGE_CURVE ( 'NONE', #4156, #2904, #2697, .T. ) ;
#1604 = ORIENTED_EDGE ( 'NONE', *, *, #4001, .F. ) ;
#1605 = EDGE_CURVE ( 'NONE', #4173, #511, #735, .T. ) ;
#1606 = PLANE ( 'NONE',  #1568 ) ;
#1607 = DIRECTION ( 'NONE',  ( -1.000000000000000000, 0.000000000000000000, 0.000000000000000000 ) ) ;
#1608 = FACE_OUTER_BOUND ( 'NONE', #2921, .T. ) ;
#1609 = ORIENTED_EDGE ( 'NONE', *, *, #3730, .T. ) ;
#1610 = ORIENTED_EDGE ( 'NONE', *, *, #4107, .T. ) ;
#1611 = EDGE_CURVE ( 'NONE', #3519, #3372, #2218, .T. ) ;
#1612 = CARTESIAN_POINT ( 'NONE',  ( 14.82705365434144618, 20.82163583045518962, 1016.713962591252880 ) ) ;
#1613 = DIRECTION ( 'NONE',  ( 0.000000000000000000, 0.000000000000000000, -1.000000000000000000 ) ) ;
#1614 = CARTESIAN_POINT ( 'NONE',  ( 14.82705365434141775, -23.15303777888381376, 1016.713962591252880 ) ) ;
#1615 = CARTESIAN_POINT ( 'NONE',  ( 15.32705365434141775, -22.15303777888381376, 1016.713962591252880 ) ) ;
#1616 = CARTESIAN_POINT ( 'NONE',  ( -41.97721736514307622, -14.23259327800181495, 1003.510549799801765 ) ) ;
#1617 = DIRECTION ( 'NONE',  ( -0.000000000000000000, -0.000000000000000000, -1.000000000000000000 ) ) ;
#1618 = ORIENTED_EDGE ( 'NONE', *, *, #1718, .T. ) ;
#1619 = ORIENTED_EDGE ( 'NONE', *, *, #3203, .F. ) ;
#1620 = CARTESIAN_POINT ( 'NONE',  ( 34.42847732750292522, -1.622572957961810891, 1006.950127645755060 ) ) ;
#1621 = EDGE_LOOP ( 'NONE', ( #1875, #2304, #3595, #1117 ) ) ;
#1622 = VECTOR ( 'NONE', #1529, 1000.000000000000000 ) ;
#1623 = EDGE_CURVE ( 'NONE', #54, #2382, #2044, .T. ) ;
#1624 = EDGE_CURVE ( 'NONE', #2520, #588, #3356, .T. ) ;
#1625 = AXIS2_PLACEMENT_3D ( 'NONE', #4137, #3404, #4487 ) ;
#1626 = DIRECTION ( 'NONE',  ( -0.000000000000000000, -0.000000000000000000, -1.000000000000000000 ) ) ;
#1627 = DIRECTION ( 'NONE',  ( -1.000000000000000000, 0.000000000000000000, 0.000000000000000000 ) ) ;
#1628 = CARTESIAN_POINT ( 'NONE',  ( 33.29463058461727343, 18.27291029115044196, 1016.913962591252925 ) ) ;
#1629 = ORIENTED_EDGE ( 'NONE', *, *, #1873, .T. ) ;
#1630 = ORIENTED_EDGE ( 'NONE', *, *, #42, .T. ) ;
#1631 = VECTOR ( 'NONE', #880, 1000.000000000000000 ) ;
#1632 = EDGE_CURVE ( 'NONE', #1185, #1909, #2186, .T. ) ;
#1633 = CIRCLE ( 'NONE', #4452, 2.999999999999999112 ) ;
#1634 = CARTESIAN_POINT ( 'NONE',  ( 13.82705365434141598, -23.15303777888382086, 1014.913962591252925 ) ) ;
#1635 = DIRECTION ( 'NONE',  ( 0.000000000000000000, 1.000000000000000000, 0.000000000000000000 ) ) ;
#1636 = VECTOR ( 'NONE', #1107, 1000.000000000000000 ) ;
#1637 = FACE_OUTER_BOUND ( 'NONE', #3019, .T. ) ;
#1638 = AXIS2_PLACEMENT_3D ( 'NONE', #2286, #705, #3835 ) ;
#1639 = CARTESIAN_POINT ( 'NONE',  ( -41.97721736514307622, -7.232593278003813353, 1007.389689327331780 ) ) ;
#1640 = EDGE_CURVE ( 'NONE', #3994, #4811, #714, .T. ) ;
#1641 = CIRCLE ( 'NONE', #1885, 4.236159195338595751 ) ;
#1642 = DIRECTION ( 'NONE',  ( 1.000000000000000000, 0.000000000000000000, -0.000000000000000000 ) ) ;
#1643 = CARTESIAN_POINT ( 'NONE',  ( -19.37579369198156698, 20.82163583045519673, 1014.913962591252925 ) ) ;
#1644 = EDGE_LOOP ( 'NONE', ( #1526, #3727, #4575, #4550 ) ) ;
#1645 = CIRCLE ( 'NONE', #2198, 1.250000000000001110 ) ;
#1646 = ORIENTED_EDGE ( 'NONE', *, *, #4198, .T. ) ;
#1647 = AXIS2_PLACEMENT_3D ( 'NONE', #1743, #4092, #1040 ) ;
#1648 = CARTESIAN_POINT ( 'NONE',  ( 29.57421773772592033, -18.39474720230881033, 996.9139625912529254 ) ) ;
#1649 = ORIENTED_EDGE ( 'NONE', *, *, #48, .T. ) ;
#1650 = LINE ( 'NONE', #1982, #3970 ) ;
#1651 = DIRECTION ( 'NONE',  ( 0.000000000000000000, 0.000000000000000000, 1.000000000000000000 ) ) ;
#1652 = EDGE_CURVE ( 'NONE', #4394, #1214, #3667, .T. ) ;
#1653 = LINE ( 'NONE', #1589, #1505 ) ;
#1654 = ORIENTED_EDGE ( 'NONE', *, *, #3757, .T. ) ;
#1655 = EDGE_LOOP ( 'NONE', ( #567, #1337, #154, #216 ) ) ;
#1656 = CARTESIAN_POINT ( 'NONE',  ( -38.45952814075521076, -21.26124688946221397, 1016.913962591252925 ) ) ;
#1657 = DIRECTION ( 'NONE',  ( 0.000000000000000000, -0.000000000000000000, 1.000000000000000000 ) ) ;
#1658 = LINE ( 'NONE', #837, #471 ) ;
#1659 = CARTESIAN_POINT ( 'NONE',  ( -35.02824403721998436, 9.339873066931188461, 1001.913962591253039 ) ) ;
#1660 = CARTESIAN_POINT ( 'NONE',  ( 34.42847732750292522, 3.683063313312435305, 1016.913962591252471 ) ) ;
#1661 = DIRECTION ( 'NONE',  ( 0.000000000000000000, 0.000000000000000000, -1.000000000000000000 ) ) ;
#1662 = EDGE_CURVE ( 'NONE', #4419, #4499, #3030, .T. ) ;
#1663 = CARTESIAN_POINT ( 'NONE',  ( -36.04963720278257000, -11.72985416415261106, 1001.913962591253039 ) ) ;
#1664 = AXIS2_PLACEMENT_3D ( 'NONE', #391, #2039, #412 ) ;
#1665 = ORIENTED_EDGE ( 'NONE', *, *, #299, .T. ) ;
#1666 = ORIENTED_EDGE ( 'NONE', *, *, #3820, .T. ) ;
#1667 = DIRECTION ( 'NONE',  ( 1.000000000000000000, 3.469446951953611033E-15, 0.000000000000000000 ) ) ;
#1668 = EDGE_CURVE ( 'NONE', #1808, #4259, #2263, .T. ) ;
#1669 = ORIENTED_EDGE ( 'NONE', *, *, #4671, .T. ) ;
#1670 = DIRECTION ( 'NONE',  ( 0.000000000000000000, 0.000000000000000000, 1.000000000000000000 ) ) ;
#1671 = DIRECTION ( 'NONE',  ( -1.000000000000000000, 0.000000000000000000, 0.000000000000000000 ) ) ;
#1672 = DATE_TIME_ROLE ( 'creation_date' ) ;
#1673 = ORIENTED_EDGE ( 'NONE', *, *, #1464, .T. ) ;
#1674 = ORIENTED_EDGE ( 'NONE', *, *, #1184, .T. ) ;
#1675 = VERTEX_POINT ( 'NONE', #2968 ) ;
#1676 = CIRCLE ( 'NONE', #3129, 1.749999999999918288 ) ;
#1677 = CIRCLE ( 'NONE', #2328, 4.500000000000003553 ) ;
#1678 = CARTESIAN_POINT ( 'NONE',  ( 37.12847732750292806, 11.87306331331018683, 1008.560119513240124 ) ) ;
#1679 = CARTESIAN_POINT ( 'NONE',  ( 35.07158772934651836, -10.90936937654907801, 1016.713962591252880 ) ) ;
#1680 = FACE_OUTER_BOUND ( 'NONE', #693, .T. ) ;
#1681 = PLANE ( 'NONE',  #2371 ) ;
#1682 = DIRECTION ( 'NONE',  ( 0.000000000000000000, 0.000000000000000000, 1.000000000000000000 ) ) ;
#1683 = EDGE_CURVE ( 'NONE', #2750, #2041, #4516, .T. ) ;
#1684 = CARTESIAN_POINT ( 'NONE',  ( 23.64700021722458345, 12.31503181724919926, 996.9139625912529254 ) ) ;
#1685 = DIRECTION ( 'NONE',  ( -0.000000000000000000, -0.000000000000000000, -1.000000000000000000 ) ) ;
#1686 = FACE_OUTER_BOUND ( 'NONE', #2985, .T. ) ;
#1687 = DIRECTION ( 'NONE',  ( -1.000000000000000000, 0.000000000000000000, 0.000000000000000000 ) ) ;
#1688 = VERTEX_POINT ( 'NONE', #1898 ) ;
#1689 = ORIENTED_EDGE ( 'NONE', *, *, #3557, .F. ) ;
#1690 = CARTESIAN_POINT ( 'NONE',  ( 28.64700021722460122, -13.54443224168380944, 1001.913962591253039 ) ) ;
#1691 = ORIENTED_EDGE ( 'NONE', *, *, #3256, .T. ) ;
#1692 = ORIENTED_EDGE ( 'NONE', *, *, #4591, .T. ) ;
#1693 = AXIS2_PLACEMENT_3D ( 'NONE', #584, #2119, #3672 ) ;
#1694 = EDGE_CURVE ( 'NONE', #3357, #1286, #3176, .T. ) ;
#1695 = CARTESIAN_POINT ( 'NONE',  ( -38.32824403722000994, 18.65931137067387979, 996.9139625912529254 ) ) ;
#1696 = LINE ( 'NONE', #4815, #589 ) ;
#1697 = VECTOR ( 'NONE', #1122, 1000.000000000000000 ) ;
#1698 = CARTESIAN_POINT ( 'NONE',  ( -36.04963720278257000, -14.31558395544890772, 996.9139625912529254 ) ) ;
#1699 = ORIENTED_EDGE ( 'NONE', *, *, #852, .F. ) ;
#1700 = ORIENTED_EDGE ( 'NONE', *, *, #4938, .T. ) ;
#1701 = VERTEX_POINT ( 'NONE', #2674 ) ;
#1702 = EDGE_CURVE ( 'NONE', #1245, #419, #4043, .T. ) ;
#1703 = AXIS2_PLACEMENT_3D ( 'NONE', #3687, #2134, #3294 ) ;
#1704 = VECTOR ( 'NONE', #201, 1000.000000000000000 ) ;
#1705 = CARTESIAN_POINT ( 'NONE',  ( -20.87579369198157053, 19.82163583045519317, 1016.713962591252880 ) ) ;
#1706 = CARTESIAN_POINT ( 'NONE',  ( 15.32705365434141775, -22.15303777888381376, 1016.713962591252880 ) ) ;
#1707 = CARTESIAN_POINT ( 'NONE',  ( -33.92590926252307781, 19.32163583045519317, 1009.913962591253039 ) ) ;
#1708 = LINE ( 'NONE', #3245, #1493 ) ;
#1709 = PLANE ( 'NONE',  #1703 ) ;
#1710 = VECTOR ( 'NONE', #3759, 1000.000000000000000 ) ;
#1711 = AXIS2_PLACEMENT_3D ( 'NONE', #1974, #457, #3564 ) ;
#1712 = CARTESIAN_POINT ( 'NONE',  ( 31.42847732750292522, 16.32163583045519673, 996.9139625912529254 ) ) ;
#1713 = DIRECTION ( 'NONE',  ( 1.000000000000000000, -0.000000000000000000, -0.000000000000000000 ) ) ;
#1714 = DIRECTION ( 'NONE',  ( 1.000000000000000000, 0.000000000000000000, -0.000000000000000000 ) ) ;
#1715 = LINE ( 'NONE', #4065, #1319 ) ;
#1716 = EDGE_CURVE ( 'NONE', #588, #4195, #2743, .T. ) ;
#1717 = ORIENTED_EDGE ( 'NONE', *, *, #3757, .F. ) ;
#1718 = EDGE_CURVE ( 'NONE', #2565, #2338, #3885, .T. ) ;
#1719 = ORIENTED_EDGE ( 'NONE', *, *, #464, .T. ) ;
#1720 = VECTOR ( 'NONE', #3186, 1000.000000000000000 ) ;
#1721 = CIRCLE ( 'NONE', #2678, 2.999999999999995559 ) ;
#1722 = DIRECTION ( 'NONE',  ( 0.000000000000000000, 0.000000000000000000, -1.000000000000000000 ) ) ;
#1723 = ORIENTED_EDGE ( 'NONE', *, *, #4370, .T. ) ;
#1724 = TOROIDAL_SURFACE ( 'NONE', #4305, 3.349999999999965894, 0.2999999999999999889 ) ;
#1725 = VERTEX_POINT ( 'NONE', #4675 ) ;
#1726 = CARTESIAN_POINT ( 'NONE',  ( 37.42847732750293233, 2.953591899778701624, 1009.739226088730788 ) ) ;
#1727 = CARTESIAN_POINT ( 'NONE',  ( 35.62847732750292806, 11.87306331331018860, 1004.850119513241111 ) ) ;
#1728 = LINE ( 'NONE', #541, #4752 ) ;
#1729 = EDGE_LOOP ( 'NONE', ( #4690, #2847, #2070, #2764, #1004, #1296, #4633, #3866, #2099, #520, #251, #4582 ) ) ;
#1730 = ADVANCED_FACE ( 'NONE', ( #1574 ), #1190, .F. ) ;
#1731 = VERTEX_POINT ( 'NONE', #3518 ) ;
#1732 = ORIENTED_EDGE ( 'NONE', *, *, #3239, .T. ) ;
#1733 = DIRECTION ( 'NONE',  ( 0.000000000000000000, -1.000000000000000000, 0.000000000000000000 ) ) ;
#1734 = CARTESIAN_POINT ( 'NONE',  ( -20.37579369198158119, -23.15303777888382086, 1016.713962591252880 ) ) ;
#1735 = CARTESIAN_POINT ( 'NONE',  ( -42.97721736514308333, -19.65303777888381731, 1016.913962591252925 ) ) ;
#1736 = CARTESIAN_POINT ( 'NONE',  ( 31.42847732750292522, -18.65303777888382086, 1003.413962591253039 ) ) ;
#1737 = DIRECTION ( 'NONE',  ( 1.000000000000000000, 0.000000000000000000, 0.000000000000000000 ) ) ;
#1738 = ADVANCED_FACE ( 'NONE', ( #427 ), #4721, .F. ) ;
#1739 = VECTOR ( 'NONE', #3094, 1000.000000000000000 ) ;
#1740 = DIRECTION ( 'NONE',  ( -1.000000000000000000, 0.000000000000000000, 0.000000000000000000 ) ) ;
#1741 = CARTESIAN_POINT ( 'NONE',  ( 37.12847732750292806, 5.433063313312188392, 1012.796278708578711 ) ) ;
#1742 = FACE_OUTER_BOUND ( 'NONE', #2327, .T. ) ;
#1743 = CARTESIAN_POINT ( 'NONE',  ( 16.07705365434141953, -23.15303777888381376, 1016.713962591252880 ) ) ;
#1744 = VERTEX_POINT ( 'NONE', #1279 ) ;
#1745 = ORIENTED_EDGE ( 'NONE', *, *, #1873, .F. ) ;
#1746 = AXIS2_PLACEMENT_3D ( 'NONE', #514, #1670, #1292 ) ;
#1747 = EDGE_CURVE ( 'NONE', #1955, #2521, #4244, .T. ) ;
#1748 = DIRECTION ( 'NONE',  ( -1.000000000000000000, 0.000000000000000000, 0.000000000000000000 ) ) ;
#1749 = VERTEX_POINT ( 'NONE', #1639 ) ;
#1750 = ORIENTED_EDGE ( 'NONE', *, *, #2779, .F. ) ;
#1751 = EDGE_CURVE ( 'NONE', #3781, #2530, #882, .T. ) ;
#1752 = EDGE_CURVE ( 'NONE', #1022, #3615, #4266, .T. ) ;
#1753 = DIRECTION ( 'NONE',  ( -1.000000000000000000, 0.000000000000000000, 0.000000000000000000 ) ) ;
#1754 = CARTESIAN_POINT ( 'NONE',  ( -31.34051892185214072, -14.54443224168380588, 1001.913962591253039 ) ) ;
#1755 = VERTEX_POINT ( 'NONE', #453 ) ;
#1756 = VERTEX_POINT ( 'NONE', #813 ) ;
#1757 = VERTEX_POINT ( 'NONE', #3102 ) ;
#1758 = ADVANCED_FACE ( 'NONE', ( #2034 ), #4652, .F. ) ;
#1759 = DIRECTION ( 'NONE',  ( -1.000000000000000000, 0.000000000000000000, 0.000000000000000000 ) ) ;
#1760 = DIRECTION ( 'NONE',  ( -1.000000000000000000, 0.000000000000000000, 0.000000000000000000 ) ) ;
#1761 = DIRECTION ( 'NONE',  ( 0.000000000000000000, 0.000000000000000000, 1.000000000000000000 ) ) ;
#1762 = FACE_OUTER_BOUND ( 'NONE', #4640, .T. ) ;
#1763 = EDGE_CURVE ( 'NONE', #2456, #1324, #4317, .T. ) ;
#1764 = DIRECTION ( 'NONE',  ( 1.000000000000000000, 0.000000000000000000, 0.000000000000000000 ) ) ;
#1765 = CARTESIAN_POINT ( 'NONE',  ( 32.22847732750289396, -13.54443224168382187, 1001.913962591253039 ) ) ;
#1766 = DIRECTION ( 'NONE',  ( -1.000000000000000000, 0.000000000000000000, 0.000000000000000000 ) ) ;
#1767 = CARTESIAN_POINT ( 'NONE',  ( -20.87579369198158474, -22.15303777888381731, 1014.913962591252925 ) ) ;
#1768 = EDGE_LOOP ( 'NONE', ( #545, #3202, #3947, #1649 ) ) ;
#1769 = VERTEX_POINT ( 'NONE', #3865 ) ;
#1770 = LINE ( 'NONE', #4472, #2173 ) ;
#1771 = ORIENTED_EDGE ( 'NONE', *, *, #4874, .F. ) ;
#1772 = AXIS2_PLACEMENT_3D ( 'NONE', #1819, #1014, #607 ) ;
#1773 = ORIENTED_EDGE ( 'NONE', *, *, #1095, .T. ) ;
#1774 = CARTESIAN_POINT ( 'NONE',  ( -40.62032776698665515, 6.577967428120441440, 1016.713962591252880 ) ) ;
#1775 = CARTESIAN_POINT ( 'NONE',  ( 28.74599643123054094, -11.54443224168380944, 1001.913962591253039 ) ) ;
#1776 = APPLICATION_PROTOCOL_DEFINITION ( 'international standard', 'config_control_design', 1994, #4626 ) ;
#1777 = VERTEX_POINT ( 'NONE', #1596 ) ;
#1778 = AXIS2_PLACEMENT_3D ( 'NONE', #4630, #3794, #1524 ) ;
#1779 = ORIENTED_EDGE ( 'NONE', *, *, #495, .T. ) ;
#1780 = ADVANCED_FACE ( 'NONE', ( #3127 ), #1990, .F. ) ;
#1781 = EDGE_CURVE ( 'NONE', #4418, #900, #2790, .T. ) ;
#1782 = EDGE_LOOP ( 'NONE', ( #3140, #3078, #1899, #3899, #3058, #1654, #2026, #779 ) ) ;
#1783 = VECTOR ( 'NONE', #4524, 1000.000000000000000 ) ;
#1784 = CARTESIAN_POINT ( 'NONE',  ( -35.02824403722000568, 12.33987306693118668, 1001.913962591253039 ) ) ;
#1785 = DIRECTION ( 'NONE',  ( 0.000000000000000000, 0.000000000000000000, 1.000000000000000000 ) ) ;
#1786 = CARTESIAN_POINT ( 'NONE',  ( 31.42847732750292522, -23.15303777888382086, 1014.913962591252925 ) ) ;
#1787 = CYLINDRICAL_SURFACE ( 'NONE', #3077, 3.000000000000002665 ) ;
#1788 = EDGE_CURVE ( 'NONE', #3999, #3396, #3491, .T. ) ;
#1789 = AXIS2_PLACEMENT_3D ( 'NONE', #1199, #4175, #3476 ) ;
#1790 = DIRECTION ( 'NONE',  ( 1.000000000000000000, 0.000000000000000000, 0.000000000000000000 ) ) ;
#1791 = AXIS2_PLACEMENT_3D ( 'NONE', #4703, #1249, #1667 ) ;
#1792 = VECTOR ( 'NONE', #2062, 1000.000000000000000 ) ;
#1793 = DIRECTION ( 'NONE',  ( 0.000000000000000000, -1.000000000000000000, 0.000000000000000000 ) ) ;
#1794 = CARTESIAN_POINT ( 'NONE',  ( 35.07158772934652546, 6.577967428120430782, 1014.913962591252925 ) ) ;
#1795 = ORIENTED_EDGE ( 'NONE', *, *, #332, .F. ) ;
#1796 = ADVANCED_FACE ( 'NONE', ( #3146 ), #1260, .F. ) ;
#1797 = ORIENTED_EDGE ( 'NONE', *, *, #1874, .F. ) ;
#1798 = VECTOR ( 'NONE', #167, 1000.000000000000000 ) ;
#1799 = LINE ( 'NONE', #3333, #2501 ) ;
#1800 = VERTEX_POINT ( 'NONE', #475 ) ;
#1801 = VECTOR ( 'NONE', #4247, 1000.000000000000000 ) ;
#1802 = ORIENTED_EDGE ( 'NONE', *, *, #4656, .T. ) ;
#1803 = CIRCLE ( 'NONE', #4632, 1.250000000000002887 ) ;
#1804 = VECTOR ( 'NONE', #3272, 1000.000000000000000 ) ;
#1805 = DIRECTION ( 'NONE',  ( 0.000000000000000000, 0.000000000000000000, -1.000000000000000000 ) ) ;
#1806 = CARTESIAN_POINT ( 'NONE',  ( 37.12847732750292806, 11.87306331331118869, 1001.800119513241157 ) ) ;
#1807 = ORIENTED_EDGE ( 'NONE', *, *, #2658, .F. ) ;
#1808 = VERTEX_POINT ( 'NONE', #2010 ) ;
#1809 = CIRCLE ( 'NONE', #2295, 4.999999999999997335 ) ;
#1810 = ORIENTED_EDGE ( 'NONE', *, *, #892, .T. ) ;
#1811 = EDGE_CURVE ( 'NONE', #3372, #4658, #19, .T. ) ;
#1812 = FACE_OUTER_BOUND ( 'NONE', #1315, .T. ) ;
#1813 = FACE_OUTER_BOUND ( 'NONE', #76, .T. ) ;
#1814 = FACE_OUTER_BOUND ( 'NONE', #808, .T. ) ;
#1815 = PLANE ( 'NONE',  #1471 ) ;
#1816 = ADVANCED_FACE ( 'NONE', ( #4357 ), #3608, .T. ) ;
#1817 = CARTESIAN_POINT ( 'NONE',  ( -42.97721736514308333, -14.23259327800181495, 1007.389689327331780 ) ) ;
#1818 = DIRECTION ( 'NONE',  ( -0.000000000000000000, 9.724964941096913828E-14, 1.000000000000000000 ) ) ;
#1819 = CARTESIAN_POINT ( 'NONE',  ( 32.42847732750293233, -1.622572957961810891, 1006.950127645755060 ) ) ;
#1820 = DIRECTION ( 'NONE',  ( -0.000000000000000000, -0.000000000000000000, -1.000000000000000000 ) ) ;
#1821 = VERTEX_POINT ( 'NONE', #1010 ) ;
#1822 = VERTEX_POINT ( 'NONE', #4766 ) ;
#1823 = CC_DESIGN_PERSON_AND_ORGANIZATION_ASSIGNMENT ( #2956, #4897, ( #2656 ) ) ;
#1824 = EDGE_CURVE ( 'NONE', #3772, #701, #576, .T. ) ;
#1825 = PLANE ( 'NONE',  #1300 ) ;
#1826 = DIRECTION ( 'NONE',  ( 0.000000000000000000, 0.000000000000000000, 1.000000000000000000 ) ) ;
#1827 = ORIENTED_EDGE ( 'NONE', *, *, #134, .T. ) ;
#1828 = ORIENTED_EDGE ( 'NONE', *, *, #4076, .F. ) ;
#1829 = ADVANCED_FACE ( 'NONE', ( #2833 ), #1709, .F. ) ;
#1830 = LINE ( 'NONE', #3213, #1798 ) ;
#1831 = DIRECTION ( 'NONE',  ( -1.000000000000000000, 0.000000000000000000, 0.000000000000000000 ) ) ;
#1832 = DIRECTION ( 'NONE',  ( -0.000000000000000000, 1.000000000000000000, 0.000000000000000000 ) ) ;
#1833 = VERTEX_POINT ( 'NONE', #3247 ) ;
#1834 = EDGE_LOOP ( 'NONE', ( #3643, #672, #492, #4081 ) ) ;
#1835 = EDGE_LOOP ( 'NONE', ( #2576, #3825, #4657, #4312 ) ) ;
#1836 = DIRECTION ( 'NONE',  ( -0.000000000000000000, -0.000000000000000000, -1.000000000000000000 ) ) ;
#1837 = CARTESIAN_POINT ( 'NONE',  ( -36.04963720278257000, -14.31558395544890772, 996.9139625912529254 ) ) ;
#1838 = DIRECTION ( 'NONE',  ( 0.000000000000000000, -2.036985899824353436E-14, -1.000000000000000000 ) ) ;
#1839 = CARTESIAN_POINT ( 'NONE',  ( 34.42847732750292522, 3.683063313312188392, 1004.850119513241111 ) ) ;
#1840 = DIRECTION ( 'NONE',  ( -0.000000000000000000, -0.000000000000000000, 1.000000000000000000 ) ) ;
#1841 = CARTESIAN_POINT ( 'NONE',  ( 35.92847732750292522, 16.32163583045519673, 1016.913962591252925 ) ) ;
#1842 = FACE_OUTER_BOUND ( 'NONE', #1902, .T. ) ;
#1843 = DIRECTION ( 'NONE',  ( -0.000000000000000000, -0.000000000000000000, -1.000000000000000000 ) ) ;
#1844 = ORIENTED_EDGE ( 'NONE', *, *, #2786, .F. ) ;
#1845 = DIRECTION ( 'NONE',  ( 0.000000000000000000, -1.000000000000000000, 0.000000000000000000 ) ) ;
#1846 = VERTEX_POINT ( 'NONE', #2861 ) ;
#1847 = ORIENTED_EDGE ( 'NONE', *, *, #3405, .F. ) ;
#1848 = ADVANCED_FACE ( 'NONE', ( #980 ), #1787, .F. ) ;
#1849 = DIRECTION ( 'NONE',  ( 0.000000000000000000, -0.000000000000000000, -1.000000000000000000 ) ) ;
#1850 = DIRECTION ( 'NONE',  ( 0.000000000000000000, -1.000000000000000000, -0.000000000000000000 ) ) ;
#1851 = DIRECTION ( 'NONE',  ( 0.000000000000000000, 0.000000000000000000, -1.000000000000000000 ) ) ;
#1852 = DATE_AND_TIME ( #1509, #7 ) ;
#1853 = ORIENTED_EDGE ( 'NONE', *, *, #1718, .F. ) ;
#1854 = ORIENTED_EDGE ( 'NONE', *, *, #1632, .F. ) ;
#1855 = ORIENTED_EDGE ( 'NONE', *, *, #2366, .T. ) ;
#1856 = EDGE_CURVE ( 'NONE', #2456, #4074, #3984, .T. ) ;
#1857 = LINE ( 'NONE', #1154, #1161 ) ;
#1858 = LINE ( 'NONE', #4109, #4702 ) ;
#1859 = DIRECTION ( 'NONE',  ( 0.000000000000000000, 0.000000000000000000, 1.000000000000000000 ) ) ;
#1860 = CYLINDRICAL_SURFACE ( 'NONE', #2264, 4.500000000000003553 ) ;
#1861 = EDGE_CURVE ( 'NONE', #2637, #2602, #2513, .T. ) ;
#1862 = AXIS2_PLACEMENT_3D ( 'NONE', #2973, #989, #4072 ) ;
#1863 = DIRECTION ( 'NONE',  ( 0.000000000000000000, 0.000000000000000000, -1.000000000000000000 ) ) ;
#1864 = DIRECTION ( 'NONE',  ( -0.000000000000000000, 1.000000000000000000, -0.000000000000000000 ) ) ;
#1865 = LINE ( 'NONE', #327, #4670 ) ;
#1866 = CARTESIAN_POINT ( 'NONE',  ( 26.64700021722460477, -19.65303777888381731, 1001.913962591253039 ) ) ;
#1867 = AXIS2_PLACEMENT_3D ( 'NONE', #4026, #2806, #1301 ) ;
#1868 = ORIENTED_EDGE ( 'NONE', *, *, #3192, .F. ) ;
#1869 = VECTOR ( 'NONE', #4386, 1000.000000000000000 ) ;
#1870 = AXIS2_PLACEMENT_3D ( 'NONE', #4932, #3764, #1091 ) ;
#1871 = DIRECTION ( 'NONE',  ( 1.000000000000000000, 0.000000000000000000, 0.000000000000000000 ) ) ;
#1872 = ORIENTED_EDGE ( 'NONE', *, *, #4825, .F. ) ;
#1873 = EDGE_CURVE ( 'NONE', #625, #3153, #3217, .T. ) ;
#1874 = EDGE_CURVE ( 'NONE', #3084, #1419, #2462, .T. ) ;
#1875 = ORIENTED_EDGE ( 'NONE', *, *, #131, .T. ) ;
#1876 = ORIENTED_EDGE ( 'NONE', *, *, #1299, .T. ) ;
#1877 = LINE ( 'NONE', #4229, #3151 ) ;
#1878 = AXIS2_PLACEMENT_3D ( 'NONE', #4876, #3784, #1408 ) ;
#1879 = LINE ( 'NONE', #1397, #1340 ) ;
#1880 = DIRECTION ( 'NONE',  ( 1.000000000000000000, 0.000000000000000000, 0.000000000000000000 ) ) ;
#1881 = ORIENTED_EDGE ( 'NONE', *, *, #1152, .T. ) ;
#1882 = ORIENTED_EDGE ( 'NONE', *, *, #3383, .F. ) ;
#1883 = AXIS2_PLACEMENT_3D ( 'NONE', #2287, #91, #1607 ) ;
#1884 = CIRCLE ( 'NONE', #2021, 0.2999999999999669598 ) ;
#1885 = AXIS2_PLACEMENT_3D ( 'NONE', #3161, #3857, #1180 ) ;
#1886 = EDGE_CURVE ( 'NONE', #1903, #4002, #171, .T. ) ;
#1887 = FACE_OUTER_BOUND ( 'NONE', #2471, .T. ) ;
#1888 = CARTESIAN_POINT ( 'NONE',  ( 16.07705365434144795, 20.82163583045518962, 1014.913962591252925 ) ) ;
#1889 = LINE ( 'NONE', #295, #522 ) ;
#1890 = VECTOR ( 'NONE', #958, 1000.000000000000000 ) ;
#1891 = CARTESIAN_POINT ( 'NONE',  ( 31.42847732750292522, 16.32163583045519673, 1014.913962591252925 ) ) ;
#1892 = VECTOR ( 'NONE', #2367, 1000.000000000000000 ) ;
#1893 = EDGE_CURVE ( 'NONE', #278, #660, #1332, .T. ) ;
#1894 = EDGE_CURVE ( 'NONE', #3314, #768, #905, .T. ) ;
#1895 = LINE ( 'NONE', #3442, #3827 ) ;
#1896 = DIRECTION ( 'NONE',  ( -0.000000000000000000, 0.000000000000000000, 1.000000000000000000 ) ) ;
#1897 = CARTESIAN_POINT ( 'NONE',  ( 37.42847732750293233, 11.87306331331018683, 1008.860119513240079 ) ) ;
#1898 = CARTESIAN_POINT ( 'NONE',  ( -33.92590926252407257, 19.32163583045519317, 1009.913962591253039 ) ) ;
#1899 = ORIENTED_EDGE ( 'NONE', *, *, #422, .T. ) ;
#1900 = DIRECTION ( 'NONE',  ( -1.000000000000000000, 0.000000000000000000, 0.000000000000000000 ) ) ;
#1901 = ORIENTED_EDGE ( 'NONE', *, *, #193, .T. ) ;
#1902 = EDGE_LOOP ( 'NONE', ( #2606, #1079, #4925, #967 ) ) ;
#1903 = VERTEX_POINT ( 'NONE', #3632 ) ;
#1904 = EDGE_CURVE ( 'NONE', #2129, #1295, #4407, .T. ) ;
#1905 = DIRECTION ( 'NONE',  ( 1.000000000000000000, -0.000000000000000000, 0.000000000000000000 ) ) ;
#1906 = DIRECTION ( 'NONE',  ( -0.000000000000000000, -0.000000000000000000, -1.000000000000000000 ) ) ;
#1907 = DIRECTION ( 'NONE',  ( 0.000000000000000000, 0.000000000000000000, -1.000000000000000000 ) ) ;
#1908 = VERTEX_POINT ( 'NONE', #2489 ) ;
#1909 = VERTEX_POINT ( 'NONE', #572 ) ;
#1910 = EDGE_CURVE ( 'NONE', #660, #1423, #1950, .T. ) ;
#1911 = DIRECTION ( 'NONE',  ( 0.000000000000000000, 1.000000000000000000, -0.000000000000000000 ) ) ;
#1912 = CARTESIAN_POINT ( 'NONE',  ( -33.07215846222758415, -14.31558395544890772, 996.9139625912529254 ) ) ;
#1913 = CARTESIAN_POINT ( 'NONE',  ( -41.47721736514306201, -18.65303777888382086, 1016.913962591252925 ) ) ;
#1914 = DIRECTION ( 'NONE',  ( 1.000000000000000000, 0.000000000000000000, 0.000000000000000000 ) ) ;
#1915 = ORIENTED_EDGE ( 'NONE', *, *, #2994, .F. ) ;
#1916 = EDGE_CURVE ( 'NONE', #2246, #1221, #2059, .T. ) ;
#1917 = CIRCLE ( 'NONE', #2317, 0.3000000000000016542 ) ;
#1918 = CARTESIAN_POINT ( 'NONE',  ( -36.97721736514306201, -18.65303777888382086, 1014.913962591252925 ) ) ;
#1919 = CARTESIAN_POINT ( 'NONE',  ( 32.22847732750289396, -18.66656377578255288, 1001.913962591253039 ) ) ;
#1920 = LINE ( 'NONE', #3789, #1928 ) ;
#1921 = CARTESIAN_POINT ( 'NONE',  ( 35.62847732750292806, -1.622572957961810447, 1010.199372304193048 ) ) ;
#1922 = ORIENTED_EDGE ( 'NONE', *, *, #3867, .T. ) ;
#1923 = ADVANCED_FACE ( 'NONE', ( #1762 ), #3661, .F. ) ;
#1924 = DIRECTION ( 'NONE',  ( 0.000000000000000000, -0.000000000000000000, -1.000000000000000000 ) ) ;
#1925 = ORIENTED_EDGE ( 'NONE', *, *, #4039, .F. ) ;
#1926 = EDGE_LOOP ( 'NONE', ( #3541, #3705, #3920, #3881 ) ) ;
#1927 = ORIENTED_EDGE ( 'NONE', *, *, #2786, .T. ) ;
#1928 = VECTOR ( 'NONE', #302, 1000.000000000000000 ) ;
#1929 = DIRECTION ( 'NONE',  ( 0.000000000000000000, 0.000000000000000000, 1.000000000000000000 ) ) ;
#1930 = CARTESIAN_POINT ( 'NONE',  ( 37.42847732750293233, 15.22306331331015450, 1004.850119513241111 ) ) ;
#1931 = DIRECTION ( 'NONE',  ( 0.000000000000000000, 0.000000000000000000, 1.000000000000000000 ) ) ;
#1932 = ORIENTED_EDGE ( 'NONE', *, *, #4712, .F. ) ;
#1933 = DIRECTION ( 'NONE',  ( -0.000000000000000000, -0.000000000000000000, -1.000000000000000000 ) ) ;
#1934 = DIRECTION ( 'NONE',  ( 0.000000000000000000, 0.000000000000000000, 1.000000000000000000 ) ) ;
#1935 = AXIS2_PLACEMENT_3D ( 'NONE', #2888, #4034, #3714 ) ;
#1936 = DIRECTION ( 'NONE',  ( -0.000000000000000000, -0.000000000000000000, 1.000000000000000000 ) ) ;
#1937 = EDGE_CURVE ( 'NONE', #2719, #3158, #3271, .T. ) ;
#1938 = ORIENTED_EDGE ( 'NONE', *, *, #710, .F. ) ;
#1939 = EDGE_LOOP ( 'NONE', ( #256, #2926, #2140, #1183, #3210, #83, #4481, #1402, #1066, #1807, #3399, #1104 ) ) ;
#1940 = CARTESIAN_POINT ( 'NONE',  ( 31.42847732750292522, 19.32163583045519317, 1001.913962591253039 ) ) ;
#1941 = CARTESIAN_POINT ( 'NONE',  ( -41.97721736514307622, -14.23259327800181495, 1007.389689327331780 ) ) ;
#1942 = DIRECTION ( 'NONE',  ( 0.000000000000000000, 0.000000000000000000, 1.000000000000000000 ) ) ;
#1943 = CARTESIAN_POINT ( 'NONE',  ( 26.64700021722460477, -21.65303777888381731, 1001.913962591253039 ) ) ;
#1944 = ORIENTED_EDGE ( 'NONE', *, *, #2570, .F. ) ;
#1945 = DIRECTION ( 'NONE',  ( -1.000000000000000000, 0.000000000000000000, 0.000000000000000000 ) ) ;
#1946 = FACE_OUTER_BOUND ( 'NONE', #1644, .T. ) ;
#1947 = VECTOR ( 'NONE', #4605, 1000.000000000000000 ) ;
#1948 = ORIENTED_EDGE ( 'NONE', *, *, #3313, .T. ) ;
#1949 = ORIENTED_EDGE ( 'NONE', *, *, #2960, .F. ) ;
#1950 = CIRCLE ( 'NONE', #4360, 1.999999999999998224 ) ;
#1951 = CARTESIAN_POINT ( 'NONE',  ( 31.42847732750292522, 16.32163583045519673, 1014.913962591252925 ) ) ;
#1952 = EDGE_CURVE ( 'NONE', #414, #2750, #2352, .T. ) ;
#1953 = DIRECTION ( 'NONE',  ( -0.000000000000000000, -0.000000000000000000, -1.000000000000000000 ) ) ;
#1954 = CARTESIAN_POINT ( 'NONE',  ( -33.97721736514307622, -7.232593278003813353, 1007.089689327331826 ) ) ;
#1955 = VERTEX_POINT ( 'NONE', #1035 ) ;
#1956 = CARTESIAN_POINT ( 'NONE',  ( 35.62847732750292806, 11.87306331331018860, 1005.510119513240056 ) ) ;
#1957 = DIRECTION ( 'NONE',  ( -0.000000000000000000, 0.000000000000000000, -1.000000000000000000 ) ) ;
#1958 = CARTESIAN_POINT ( 'NONE',  ( -35.02824403722000568, 12.33987306693118668, 996.9139625912529254 ) ) ;
#1959 = EDGE_LOOP ( 'NONE', ( #1054, #1666, #3824, #208 ) ) ;
#1960 = VECTOR ( 'NONE', #213, 1000.000000000000000 ) ;
#1961 = ORIENTED_EDGE ( 'NONE', *, *, #1297, .T. ) ;
#1962 = VECTOR ( 'NONE', #4665, 1000.000000000000000 ) ;
#1963 = EDGE_CURVE ( 'NONE', #4002, #3158, #296, .T. ) ;
#1964 = AXIS2_PLACEMENT_3D ( 'NONE', #1124, #3990, #3898 ) ;
#1965 = DIRECTION ( 'NONE',  ( 0.000000000000000000, 1.000000000000000000, 0.000000000000000000 ) ) ;
#1966 = DIRECTION ( 'NONE',  ( 1.000000000000000000, 0.000000000000000000, 0.000000000000000000 ) ) ;
#1967 = CARTESIAN_POINT ( 'NONE',  ( 35.92847732750292522, -10.40936937654907624, 1016.713962591252880 ) ) ;
#1968 = CARTESIAN_POINT ( 'NONE',  ( 23.64700021722458345, 12.31503181724919926, 1001.913962591253039 ) ) ;
#1969 = AXIS2_PLACEMENT_3D ( 'NONE', #3631, #4459, #243 ) ;
#1970 = ORIENTED_EDGE ( 'NONE', *, *, #964, .T. ) ;
#1971 = CIRCLE ( 'NONE', #600, 0.2999999999999669598 ) ;
#1972 = EDGE_CURVE ( 'NONE', #204, #2400, #1517, .T. ) ;
#1973 = LINE ( 'NONE', #2061, #4634 ) ;
#1974 = CARTESIAN_POINT ( 'NONE',  ( 37.42847732750293233, -1.167094277858411688, 1006.650127645755106 ) ) ;
#1975 = ORIENTED_EDGE ( 'NONE', *, *, #3500, .T. ) ;
#1976 = VERTEX_POINT ( 'NONE', #1839 ) ;
#1977 = EDGE_CURVE ( 'NONE', #2844, #4414, #2259, .T. ) ;
#1978 = CARTESIAN_POINT ( 'NONE',  ( 15.32705365434141775, -22.15303777888381376, 1016.713962591252880 ) ) ;
#1979 = LINE ( 'NONE', #4639, #4227 ) ;
#1980 = ORIENTED_EDGE ( 'NONE', *, *, #2639, .T. ) ;
#1981 = EDGE_CURVE ( 'NONE', #2719, #1120, #2964, .T. ) ;
#1982 = CARTESIAN_POINT ( 'NONE',  ( 35.92847732750293943, 7.077967428120427229, 1016.713962591252880 ) ) ;
#1983 = DIRECTION ( 'NONE',  ( -0.000000000000000000, -0.000000000000000000, -1.000000000000000000 ) ) ;
#1984 = DIRECTION ( 'NONE',  ( 0.000000000000000000, 0.000000000000000000, 1.000000000000000000 ) ) ;
#1985 = ORIENTED_EDGE ( 'NONE', *, *, #332, .T. ) ;
#1986 = ORIENTED_EDGE ( 'NONE', *, *, #1668, .F. ) ;
#1987 = CARTESIAN_POINT ( 'NONE',  ( 37.12847732750292806, 5.433063313312188392, 1008.860119513240079 ) ) ;
#1988 = LINE ( 'NONE', #4334, #1631 ) ;
#1989 = CARTESIAN_POINT ( 'NONE',  ( 37.42847732750293233, 11.87306331331128817, 1001.500119513241088 ) ) ;
#1990 = CYLINDRICAL_SURFACE ( 'NONE', #253, 1.939569763764970034 ) ;
#1991 = ORIENTED_EDGE ( 'NONE', *, *, #575, .T. ) ;
#1992 = CARTESIAN_POINT ( 'NONE',  ( 37.42847732750293233, -1.167094277858411688, 1001.500119513241088 ) ) ;
#1993 = DIRECTION ( 'NONE',  ( 1.000000000000000000, 0.000000000000000000, -0.000000000000000000 ) ) ;
#1994 = EDGE_LOOP ( 'NONE', ( #4840, #2163, #2326, #388 ) ) ;
#1995 = ADVANCED_FACE ( 'NONE', ( #3809 ), #4905, .T. ) ;
#1996 = VERTEX_POINT ( 'NONE', #2235 ) ;
#1997 = DIRECTION ( 'NONE',  ( -0.000000000000000000, -0.000000000000000000, 1.000000000000000000 ) ) ;
#1998 = ORIENTED_EDGE ( 'NONE', *, *, #1893, .T. ) ;
#1999 = ADVANCED_FACE ( 'NONE', ( #2941 ), #1860, .F. ) ;
#2000 = DIRECTION ( 'NONE',  ( 0.000000000000000000, 0.000000000000000000, -1.000000000000000000 ) ) ;
#2001 = CARTESIAN_POINT ( 'NONE',  ( 32.42847732750293233, -19.65303777888381731, 1016.913962591252925 ) ) ;
#2002 = CARTESIAN_POINT ( 'NONE',  ( -32.42590672252307371, -18.84873628028381276, 1001.913962591253039 ) ) ;
#2003 = ORIENTED_EDGE ( 'NONE', *, *, #2720, .T. ) ;
#2004 = VERTEX_POINT ( 'NONE', #2180 ) ;
#2005 = AXIS2_PLACEMENT_3D ( 'NONE', #1323, #4839, #564 ) ;
#2006 = AXIS2_PLACEMENT_3D ( 'NONE', #886, #2443, #937 ) ;
#2007 = LINE ( 'NONE', #1940, #1248 ) ;
#2008 = CYLINDRICAL_SURFACE ( 'NONE', #3494, 3.049999999999997158 ) ;
#2009 = DIRECTION ( 'NONE',  ( 0.000000000000000000, 0.000000000000000000, -1.000000000000000000 ) ) ;
#2010 = CARTESIAN_POINT ( 'NONE',  ( -36.97721736514306201, -23.15303777888382086, 1016.913962591252925 ) ) ;
#2011 = CARTESIAN_POINT ( 'NONE',  ( 37.39616595677671285, 2.839847448293542520, 1009.630155919187132 ) ) ;
#2012 = LINE ( 'NONE', #3958, #4873 ) ;
#2013 = ORIENTED_EDGE ( 'NONE', *, *, #3776, .T. ) ;
#2014 = ORIENTED_EDGE ( 'NONE', *, *, #802, .T. ) ;
#2015 = ADVANCED_FACE ( 'NONE', ( #271 ), #1109, .F. ) ;
#2016 = EDGE_CURVE ( 'NONE', #1846, #2004, #3025, .T. ) ;
#2017 = DIRECTION ( 'NONE',  ( 0.000000000000000000, 1.000000000000000000, 0.000000000000000000 ) ) ;
#2018 = ORIENTED_EDGE ( 'NONE', *, *, #869, .T. ) ;
#2019 = AXIS2_PLACEMENT_3D ( 'NONE', #3546, #4682, #4343 ) ;
#2020 = AXIS2_PLACEMENT_3D ( 'NONE', #3786, #2669, #4211 ) ;
#2021 = AXIS2_PLACEMENT_3D ( 'NONE', #2160, #2517, #4744 ) ;
#2022 = DIRECTION ( 'NONE',  ( -1.000000000000000000, 0.000000000000000000, 0.000000000000000000 ) ) ;
#2023 = LINE ( 'NONE', #3945, #3744 ) ;
#2024 = DIRECTION ( 'NONE',  ( 0.000000000000000000, -0.000000000000000000, 1.000000000000000000 ) ) ;
#2025 = ORIENTED_EDGE ( 'NONE', *, *, #631, .F. ) ;
#2026 = ORIENTED_EDGE ( 'NONE', *, *, #642, .T. ) ;
#2027 = AXIS2_PLACEMENT_3D ( 'NONE', #4500, #952, #4762 ) ;
#2028 = ADVANCED_FACE ( 'NONE', ( #1410 ), #4930, .F. ) ;
#2029 = CARTESIAN_POINT ( 'NONE',  ( 32.99463058461726916, 18.27291029115044196, 1001.913962591253039 ) ) ;
#2030 = PLANE ( 'NONE',  #3573 ) ;
#2031 = CIRCLE ( 'NONE', #1883, 1.250000000000001110 ) ;
#2032 = DIRECTION ( 'NONE',  ( 1.000000000000000000, 0.000000000000000000, 0.000000000000000000 ) ) ;
#2033 = VECTOR ( 'NONE', #37, 1000.000000000000000 ) ;
#2034 = FACE_OUTER_BOUND ( 'NONE', #1041, .T. ) ;
#2035 = AXIS2_PLACEMENT_3D ( 'NONE', #3562, #529, #433 ) ;
#2036 = ADVANCED_FACE ( 'NONE', ( #3439 ), #4186, .T. ) ;
#2037 = CARTESIAN_POINT ( 'NONE',  ( 31.42847732750292522, -18.65303777888382086, 996.9139625912529254 ) ) ;
#2038 = CARTESIAN_POINT ( 'NONE',  ( 35.07158772934651836, -8.909369376549079789, 1016.713962591252880 ) ) ;
#2039 = DIRECTION ( 'NONE',  ( -0.000000000000000000, -0.000000000000000000, -1.000000000000000000 ) ) ;
#2040 = AXIS2_PLACEMENT_3D ( 'NONE', #2919, #1386, #2548 ) ;
#2041 = VERTEX_POINT ( 'NONE', #4511 ) ;
#2042 = AXIS2_PLACEMENT_3D ( 'NONE', #677, #4998, #2208 ) ;
#2043 = VERTEX_POINT ( 'NONE', #324 ) ;
#2044 = CIRCLE ( 'NONE', #4551, 0.3000000000000016542 ) ;
#2045 = AXIS2_PLACEMENT_3D ( 'NONE', #4953, #4901, #2232 ) ;
#2046 = CARTESIAN_POINT ( 'NONE',  ( -33.07215846222758415, -11.54443224168380588, 1001.913962591253039 ) ) ;
#2047 = ORIENTED_EDGE ( 'NONE', *, *, #484, .T. ) ;
#2048 = CARTESIAN_POINT ( 'NONE',  ( -41.97721736514307622, -7.232593278003813353, 1007.089689327331826 ) ) ;
#2049 = LINE ( 'NONE', #3208, #1396 ) ;
#2050 = PLANE ( 'NONE',  #4561 ) ;
#2051 = VERTEX_POINT ( 'NONE', #709 ) ;
#2052 = ORIENTED_EDGE ( 'NONE', *, *, #2931, .F. ) ;
#2053 = ADVANCED_FACE ( 'NONE', ( #4983 ), #1815, .F. ) ;
#2054 = EDGE_CURVE ( 'NONE', #2121, #1445, #758, .T. ) ;
#2055 = CARTESIAN_POINT ( 'NONE',  ( 35.07158772934652546, 6.577967428120430782, 1016.713962591252880 ) ) ;
#2056 = LINE ( 'NONE', #1679, #1403 ) ;
#2057 = FACE_BOUND ( 'NONE', #1994, .T. ) ;
#2058 = DIRECTION ( 'NONE',  ( 0.000000000000000000, 0.000000000000000000, -1.000000000000000000 ) ) ;
#2059 = LINE ( 'NONE', #2437, #3406 ) ;
#2060 = EDGE_CURVE ( 'NONE', #2585, #696, #2912, .T. ) ;
#2061 = CARTESIAN_POINT ( 'NONE',  ( 35.92847732750292522, 16.32163583045519673, 1014.913962591252925 ) ) ;
#2062 = DIRECTION ( 'NONE',  ( 0.000000000000000000, 1.000000000000000000, 0.000000000000000000 ) ) ;
#2063 = CARTESIAN_POINT ( 'NONE',  ( -20.37579369198158119, -23.15303777888382086, 1014.913962591252925 ) ) ;
#2064 = DIRECTION ( 'NONE',  ( -1.000000000000000000, 0.000000000000000000, 0.000000000000000000 ) ) ;
#2065 = ORIENTED_EDGE ( 'NONE', *, *, #2334, .F. ) ;
#2066 = ADVANCED_FACE ( 'NONE', ( #1060 ), #3838, .F. ) ;
#2067 = ORIENTED_EDGE ( 'NONE', *, *, #1244, .T. ) ;
#2068 = FACE_OUTER_BOUND ( 'NONE', #1926, .T. ) ;
#2069 = EDGE_LOOP ( 'NONE', ( #867, #3277, #1797, #2905 ) ) ;
#2070 = ORIENTED_EDGE ( 'NONE', *, *, #1603, .T. ) ;
#2071 = DIRECTION ( 'NONE',  ( 0.000000000000000000, 0.000000000000000000, -1.000000000000000000 ) ) ;
#2072 = CARTESIAN_POINT ( 'NONE',  ( -38.02824403722000568, 18.65931137067387979, 996.9139625912529254 ) ) ;
#2073 = ORIENTED_EDGE ( 'NONE', *, *, #1586, .T. ) ;
#2074 = ORIENTED_EDGE ( 'NONE', *, *, #4741, .T. ) ;
#2075 = VERTEX_POINT ( 'NONE', #1072 ) ;
#2076 = CARTESIAN_POINT ( 'NONE',  ( 27.57081413091892585, 17.32163583045618793, 1009.913962591253039 ) ) ;
#2077 = ADVANCED_FACE ( 'NONE', ( #2857 ), #4820, .F. ) ;
#2078 = CARTESIAN_POINT ( 'NONE',  ( 35.62847732750292806, 11.87306331331018505, 1008.560119513240124 ) ) ;
#2079 = CARTESIAN_POINT ( 'NONE',  ( -38.02824403722000568, 12.33987306693120978, 1001.913962591253039 ) ) ;
#2080 = CARTESIAN_POINT ( 'NONE',  ( 35.64590896369590212, 8.577967428120430782, 1014.913962591252925 ) ) ;
#2081 = CARTESIAN_POINT ( 'NONE',  ( 30.63968712130354533, -18.39474720230881033, 996.9139625912529254 ) ) ;
#2082 = DIRECTION ( 'NONE',  ( 0.000000000000000000, 0.000000000000000000, -1.000000000000000000 ) ) ;
#2083 = DIRECTION ( 'NONE',  ( 1.000000000000000000, -0.000000000000000000, 0.000000000000000000 ) ) ;
#2084 = CARTESIAN_POINT ( 'NONE',  ( 34.42847732750292522, -1.622572957961810447, 1010.199372304193048 ) ) ;
#2085 = CARTESIAN_POINT ( 'NONE',  ( -38.02824403722000568, 12.33987306693120978, 996.9139625912529254 ) ) ;
#2086 = ORIENTED_EDGE ( 'NONE', *, *, #3588, .T. ) ;
#2087 = EDGE_LOOP ( 'NONE', ( #4557, #4602, #3700, #1565 ) ) ;
#2088 = ADVANCED_FACE ( 'NONE', ( #3777 ), #3627, .F. ) ;
#2089 = CARTESIAN_POINT ( 'NONE',  ( -36.04963720278257000, -14.31558395544890772, 996.9139625912529254 ) ) ;
#2090 = ORIENTED_EDGE ( 'NONE', *, *, #878, .T. ) ;
#2091 = ORIENTED_EDGE ( 'NONE', *, *, #2849, .T. ) ;
#2092 = CIRCLE ( 'NONE', #1371, 0.2999999999999669598 ) ;
#2093 = ADVANCED_FACE ( 'NONE', ( #2953 ), #907, .T. ) ;
#2094 = CYLINDRICAL_SURFACE ( 'NONE', #4255, 1.749999999999918288 ) ;
#2095 = CYLINDRICAL_SURFACE ( 'NONE', #1485, 2.999999999999995559 ) ;
#2096 = VECTOR ( 'NONE', #2458, 1000.000000000000000 ) ;
#2097 =( NAMED_UNIT ( * ) PLANE_ANGLE_UNIT ( ) SI_UNIT ( $, .RADIAN. ) );
#2098 = ORIENTED_EDGE ( 'NONE', *, *, #4382, .T. ) ;
#2099 = ORIENTED_EDGE ( 'NONE', *, *, #611, .F. ) ;
#2100 = ORIENTED_EDGE ( 'NONE', *, *, #1342, .F. ) ;
#2101 = VECTOR ( 'NONE', #4058, 1000.000000000000000 ) ;
#2102 = AXIS2_PLACEMENT_3D ( 'NONE', #2216, #2261, #2646 ) ;
#2103 = DIRECTION ( 'NONE',  ( 0.000000000000000000, 0.000000000000000000, -1.000000000000000000 ) ) ;
#2104 = DIRECTION ( 'NONE',  ( -0.000000000000000000, -0.000000000000000000, -1.000000000000000000 ) ) ;
#2105 = CARTESIAN_POINT ( 'NONE',  ( -41.97721736514307622, -7.232593278003813353, 1005.450119563566773 ) ) ;
#2106 = PLANE ( 'NONE',  #849 ) ;
#2107 = DIRECTION ( 'NONE',  ( -0.000000000000000000, -0.000000000000000000, -1.000000000000000000 ) ) ;
#2108 = AXIS2_PLACEMENT_3D ( 'NONE', #1129, #4954, #2257 ) ;
#2109 = DIRECTION ( 'NONE',  ( 0.000000000000000000, 0.000000000000000000, 1.000000000000000000 ) ) ;
#2110 = CARTESIAN_POINT ( 'NONE',  ( -41.47721736514306201, 16.32163583045519673, 1016.913962591252925 ) ) ;
#2111 = CYLINDRICAL_SURFACE ( 'NONE', #2657, 1.065469383577623885 ) ;
#2112 = DIRECTION ( 'NONE',  ( -0.000000000000000000, 0.000000000000000000, -1.000000000000000000 ) ) ;
#2113 = EDGE_LOOP ( 'NONE', ( #4401, #3042, #60, #4889 ) ) ;
#2114 = VERTEX_POINT ( 'NONE', #194 ) ;
#2115 = AXIS2_PLACEMENT_3D ( 'NONE', #2001, #4710, #1627 ) ;
#2116 = EDGE_CURVE ( 'NONE', #1324, #1030, #1275, .T. ) ;
#2117 = AXIS2_PLACEMENT_3D ( 'NONE', #353, #1896, #1063 ) ;
#2118 = VECTOR ( 'NONE', #321, 1000.000000000000000 ) ;
#2119 = DIRECTION ( 'NONE',  ( -0.000000000000000000, -0.000000000000000000, -1.000000000000000000 ) ) ;
#2120 = ORIENTED_EDGE ( 'NONE', *, *, #845, .F. ) ;
#2121 = VERTEX_POINT ( 'NONE', #312 ) ;
#2122 = AXIS2_PLACEMENT_3D ( 'NONE', #1736, #3270, #2568 ) ;
#2123 = VECTOR ( 'NONE', #659, 1000.000000000000000 ) ;
#2124 = DIRECTION ( 'NONE',  ( -1.000000000000000000, 0.000000000000000000, 0.000000000000000000 ) ) ;
#2125 = CARTESIAN_POINT ( 'NONE',  ( 32.99463058461726916, 18.27291029115044196, 996.9139625912529254 ) ) ;
#2126 = DIRECTION ( 'NONE',  ( -1.000000000000000000, 0.000000000000000000, -0.000000000000000000 ) ) ;
#2127 = ORIENTED_EDGE ( 'NONE', *, *, #4656, .F. ) ;
#2128 = ORIENTED_EDGE ( 'NONE', *, *, #4559, .F. ) ;
#2129 = VERTEX_POINT ( 'NONE', #1705 ) ;
#2130 = EDGE_CURVE ( 'NONE', #3153, #3475, #4003, .T. ) ;
#2131 = CARTESIAN_POINT ( 'NONE',  ( -36.97721736514306201, 20.82163583045519673, 1014.913962591252925 ) ) ;
#2132 = DIRECTION ( 'NONE',  ( 0.000000000000000000, 1.000000000000000000, 0.000000000000000000 ) ) ;
#2133 = FACE_OUTER_BOUND ( 'NONE', #2871, .T. ) ;
#2134 = DIRECTION ( 'NONE',  ( -0.000000000000000000, 0.000000000000000000, -1.000000000000000000 ) ) ;
#2135 = DIRECTION ( 'NONE',  ( -0.000000000000000000, -0.000000000000000000, -1.000000000000000000 ) ) ;
#2136 = CARTESIAN_POINT ( 'NONE',  ( 30.01021976972992178, -19.65303777888381376, 1003.413962591253039 ) ) ;
#2137 = DIRECTION ( 'NONE',  ( 0.000000000000000000, -0.000000000000000000, 1.000000000000000000 ) ) ;
#2138 = DIRECTION ( 'NONE',  ( -0.000000000000000000, -0.000000000000000000, -1.000000000000000000 ) ) ;
#2139 = EDGE_LOOP ( 'NONE', ( #2630, #4123 ) ) ;
#2140 = ORIENTED_EDGE ( 'NONE', *, *, #780, .T. ) ;
#2141 = DIRECTION ( 'NONE',  ( -0.000000000000000000, -0.000000000000000000, -1.000000000000000000 ) ) ;
#2142 = ORIENTED_EDGE ( 'NONE', *, *, #3641, .T. ) ;
#2143 = EDGE_CURVE ( 'NONE', #1185, #1769, #1048, .T. ) ;
#2144 = VERTEX_POINT ( 'NONE', #1678 ) ;
#2145 = ORIENTED_EDGE ( 'NONE', *, *, #2775, .T. ) ;
#2146 = EDGE_CURVE ( 'NONE', #1482, #3679, #1830, .T. ) ;
#2147 = FACE_OUTER_BOUND ( 'NONE', #2604, .T. ) ;
#2148 = CARTESIAN_POINT ( 'NONE',  ( -41.97721736514307622, -7.232593278003813353, 1003.510549799801765 ) ) ;
#2149 = CARTESIAN_POINT ( 'NONE',  ( 0.000000000000000000, 0.000000000000000000, 0.000000000000000000 ) ) ;
#2150 = EDGE_LOOP ( 'NONE', ( #3128, #1773, #3991, #4392 ) ) ;
#2151 = ORIENTED_EDGE ( 'NONE', *, *, #1413, .T. ) ;
#2152 = ORIENTED_EDGE ( 'NONE', *, *, #3435, .T. ) ;
#2153 = ADVANCED_FACE ( 'NONE', ( #668 ), #3655, .F. ) ;
#2154 = LINE ( 'NONE', #3291, #1006 ) ;
#2155 = DIRECTION ( 'NONE',  ( 1.000000000000000000, -0.000000000000000000, -0.000000000000000000 ) ) ;
#2156 = CARTESIAN_POINT ( 'NONE',  ( 12.57705365434141598, -23.15303777888381731, 1016.713962591252880 ) ) ;
#2157 = CARTESIAN_POINT ( 'NONE',  ( -33.92590926252307781, -21.65303777888381731, 1009.913962591253039 ) ) ;
#2158 = EDGE_CURVE ( 'NONE', #3731, #4145, #4796, .T. ) ;
#2159 = CARTESIAN_POINT ( 'NONE',  ( 26.64700021722460477, -19.65303777888381376, 1003.413962591253039 ) ) ;
#2160 = CARTESIAN_POINT ( 'NONE',  ( 37.12847732750292806, -1.167094277858411688, 1001.500119513241088 ) ) ;
#2161 = DIRECTION ( 'NONE',  ( 0.000000000000000000, -1.000000000000000000, 0.000000000000000000 ) ) ;
#2162 = CARTESIAN_POINT ( 'NONE',  ( 33.50198094651886294, 18.48971856456102358, 1016.913962591252925 ) ) ;
#2163 = ORIENTED_EDGE ( 'NONE', *, *, #4819, .T. ) ;
#2164 = ORIENTED_EDGE ( 'NONE', *, *, #495, .F. ) ;
#2165 = DIRECTION ( 'NONE',  ( 0.000000000000000000, -0.000000000000000000, 1.000000000000000000 ) ) ;
#2166 = ORIENTED_EDGE ( 'NONE', *, *, #2305, .T. ) ;
#2167 = EDGE_LOOP ( 'NONE', ( #1585, #2680, #339, #250 ) ) ;
#2168 = ORIENTED_EDGE ( 'NONE', *, *, #3167, .F. ) ;
#2169 = EDGE_CURVE ( 'NONE', #3036, #2585, #4127, .T. ) ;
#2170 = CARTESIAN_POINT ( 'NONE',  ( -36.04963720278257000, -11.72985416415261106, 996.9139625912529254 ) ) ;
#2171 = CARTESIAN_POINT ( 'NONE',  ( 34.42847732750292522, 5.433063313312188392, 1005.510119513240056 ) ) ;
#2172 = EDGE_LOOP ( 'NONE', ( #2920, #108, #3619, #371 ) ) ;
#2173 = VECTOR ( 'NONE', #3360, 1000.000000000000000 ) ;
#2174 = ORIENTED_EDGE ( 'NONE', *, *, #4874, .T. ) ;
#2175 = ORIENTED_EDGE ( 'NONE', *, *, #3680, .T. ) ;
#2176 = AXIS2_PLACEMENT_3D ( 'NONE', #1628, #1226, #3554 ) ;
#2177 = DIRECTION ( 'NONE',  ( -1.000000000000000000, 0.000000000000000000, 0.000000000000000000 ) ) ;
#2178 = DIRECTION ( 'NONE',  ( -0.000000000000000000, -0.000000000000000000, 1.000000000000000000 ) ) ;
#2179 = FACE_OUTER_BOUND ( 'NONE', #3255, .T. ) ;
#2180 = CARTESIAN_POINT ( 'NONE',  ( 13.82705365434144440, 20.82163583045518962, 1016.713962591252880 ) ) ;
#2181 = VECTOR ( 'NONE', #2393, 1000.000000000000000 ) ;
#2182 = CIRCLE ( 'NONE', #20, 1.065469383577623885 ) ;
#2183 = EDGE_CURVE ( 'NONE', #4951, #2221, #2199, .T. ) ;
#2184 = CARTESIAN_POINT ( 'NONE',  ( -32.42590672252307371, -18.84873628028381276, 1009.913962591253039 ) ) ;
#2185 = DIRECTION ( 'NONE',  ( 0.000000000000000000, 0.000000000000000000, -1.000000000000000000 ) ) ;
#2186 = LINE ( 'NONE', #3740, #3904 ) ;
#2187 = ORIENTED_EDGE ( 'NONE', *, *, #3688, .T. ) ;
#2188 = ORIENTED_EDGE ( 'NONE', *, *, #4648, .F. ) ;
#2189 = ADVANCED_FACE ( 'NONE', ( #2609 ), #546, .F. ) ;
#2190 = VECTOR ( 'NONE', #1082, 1000.000000000000000 ) ;
#2191 = CARTESIAN_POINT ( 'NONE',  ( -41.97721736514307622, -14.23259327800181495, 1005.450119563566773 ) ) ;
#2192 = ORIENTED_EDGE ( 'NONE', *, *, #1444, .T. ) ;
#2193 = AXIS2_PLACEMENT_3D ( 'NONE', #3234, #4787, #4398 ) ;
#2194 = ORIENTED_EDGE ( 'NONE', *, *, #1586, .F. ) ;
#2195 = AXIS2_PLACEMENT_3D ( 'NONE', #854, #2715, #873 ) ;
#2196 = EDGE_LOOP ( 'NONE', ( #4887, #2379, #3669, #1387 ) ) ;
#2197 = VECTOR ( 'NONE', #532, 1000.000000000000000 ) ;
#2198 = AXIS2_PLACEMENT_3D ( 'NONE', #3379, #400, #1541 ) ;
#2199 = LINE ( 'NONE', #929, #1783 ) ;
#2200 = DIRECTION ( 'NONE',  ( 1.000000000000000000, -0.000000000000000000, -0.000000000000000000 ) ) ;
#2201 = CARTESIAN_POINT ( 'NONE',  ( -32.42590672252307371, 16.58075571869518683, 1001.913962591253039 ) ) ;
#2202 = ORIENTED_EDGE ( 'NONE', *, *, #4547, .F. ) ;
#2203 = VECTOR ( 'NONE', #3145, 1000.000000000000000 ) ;
#2204 = AXIS2_PLACEMENT_3D ( 'NONE', #2171, #4129, #670 ) ;
#2205 = ORIENTED_EDGE ( 'NONE', *, *, #26, .T. ) ;
#2206 = VECTOR ( 'NONE', #1965, 1000.000000000000000 ) ;
#2207 = EDGE_LOOP ( 'NONE', ( #317, #1078, #2892, #3850 ) ) ;
#2208 = DIRECTION ( 'NONE',  ( -1.000000000000000000, 0.000000000000000000, 0.000000000000000000 ) ) ;
#2209 = CARTESIAN_POINT ( 'NONE',  ( 30.63968712130354533, -12.21471164223880734, 996.9139625912529254 ) ) ;
#2210 = EDGE_CURVE ( 'NONE', #2530, #284, #981, .T. ) ;
#2211 = CARTESIAN_POINT ( 'NONE',  ( -39.97721736514306912, -7.232593278003813353, 1003.810549799801720 ) ) ;
#2212 = EDGE_CURVE ( 'NONE', #1701, #4311, #697, .T. ) ;
#2213 = DIRECTION ( 'NONE',  ( -1.000000000000000000, 0.000000000000000000, 0.000000000000000000 ) ) ;
#2214 = AXIS2_PLACEMENT_3D ( 'NONE', #1157, #3808, #4237 ) ;
#2215 = LINE ( 'NONE', #1062, #2285 ) ;
#2216 = CARTESIAN_POINT ( 'NONE',  ( -33.97721736514307622, -7.232593278003813353, 1003.810549799801720 ) ) ;
#2217 = CARTESIAN_POINT ( 'NONE',  ( -21.62579369198157053, 20.82163583045519673, 1014.913962591252925 ) ) ;
#2218 = LINE ( 'NONE', #2598, #850 ) ;
#2219 = ORIENTED_EDGE ( 'NONE', *, *, #1444, .F. ) ;
#2220 = LINE ( 'NONE', #3771, #4121 ) ;
#2221 = VERTEX_POINT ( 'NONE', #3190 ) ;
#2222 = ADVANCED_FACE ( 'NONE', ( #4735 ), #4353, .T. ) ;
#2223 = ORIENTED_EDGE ( 'NONE', *, *, #85, .F. ) ;
#2224 = ORIENTED_EDGE ( 'NONE', *, *, #2975, .T. ) ;
#2225 = AXIS2_PLACEMENT_3D ( 'NONE', #313, #2610, #2980 ) ;
#2226 = CARTESIAN_POINT ( 'NONE',  ( 26.64700021722460477, -19.65303777888381731, 996.9139625912529254 ) ) ;
#2227 = CARTESIAN_POINT ( 'NONE',  ( -35.01129706319397172, -11.54443224168380411, 1001.913962591253039 ) ) ;
#2228 = CALENDAR_DATE ( 2026, 27, 6 ) ;
#2229 = ORIENTED_EDGE ( 'NONE', *, *, #1910, .F. ) ;
#2230 = EDGE_LOOP ( 'NONE', ( #4479, #2481, #4445, #74 ) ) ;
#2231 = ORIENTED_EDGE ( 'NONE', *, *, #4268, .F. ) ;
#2232 = DIRECTION ( 'NONE',  ( -1.000000000000000000, 0.000000000000000000, 0.000000000000000000 ) ) ;
#2233 = CYLINDRICAL_SURFACE ( 'NONE', #836, 1.250000000000001110 ) ;
#2234 = DIRECTION ( 'NONE',  ( -0.000000000000000000, -0.000000000000000000, -1.000000000000000000 ) ) ;
#2235 = CARTESIAN_POINT ( 'NONE',  ( 35.62847732750292806, 14.92306331331015379, 1004.850119513241111 ) ) ;
#2236 = EDGE_CURVE ( 'NONE', #2349, #3908, #4125, .T. ) ;
#2237 = EDGE_CURVE ( 'NONE', #4131, #1178, #390, .T. ) ;
#2238 = DIRECTION ( 'NONE',  ( 0.000000000000000000, 0.000000000000000000, 1.000000000000000000 ) ) ;
#2239 = LINE ( 'NONE', #3325, #2363 ) ;
#2240 = DIRECTION ( 'NONE',  ( 1.000000000000000000, -0.000000000000000000, -0.000000000000000000 ) ) ;
#2241 = DIRECTION ( 'NONE',  ( 1.000000000000000000, 0.000000000000000000, 0.000000000000000000 ) ) ;
#2242 = ORIENTED_EDGE ( 'NONE', *, *, #3086, .T. ) ;
#2243 = CARTESIAN_POINT ( 'NONE',  ( 21.64700021722458345, 17.32163583045519317, 996.9139625912529254 ) ) ;
#2244 = ORIENTED_EDGE ( 'NONE', *, *, #2775, .F. ) ;
#2245 = ORIENTED_EDGE ( 'NONE', *, *, #1391, .T. ) ;
#2246 = VERTEX_POINT ( 'NONE', #4578 ) ;
#2247 = CC_DESIGN_APPROVAL ( #3141, ( #2656 ) ) ;
#2248 = CC_DESIGN_PERSON_AND_ORGANIZATION_ASSIGNMENT ( #2662, #4503, ( #2656 ) ) ;
#2249 = EDGE_CURVE ( 'NONE', #1549, #4899, #2329, .T. ) ;
#2250 = CARTESIAN_POINT ( 'NONE',  ( -32.42590672252306661, -21.65303777888381731, 1009.913962591253039 ) ) ;
#2251 = DIRECTION ( 'NONE',  ( 0.000000000000000000, 1.000000000000000000, 0.000000000000000000 ) ) ;
#2252 = CARTESIAN_POINT ( 'NONE',  ( 26.64700021722460477, -19.65303777888381376, 1001.913962591253039 ) ) ;
#2253 = ORIENTED_EDGE ( 'NONE', *, *, #3125, .T. ) ;
#2254 = ORIENTED_EDGE ( 'NONE', *, *, #4475, .T. ) ;
#2255 = ADVANCED_FACE ( 'NONE', ( #15 ), #822, .T. ) ;
#2256 = CARTESIAN_POINT ( 'NONE',  ( -28.34051892185214072, -14.54443224168383253, 1001.913962591253039 ) ) ;
#2257 = DIRECTION ( 'NONE',  ( 1.000000000000000000, 0.000000000000000000, 0.000000000000000000 ) ) ;
#2258 = CARTESIAN_POINT ( 'NONE',  ( -33.07215846222758415, -14.31558395544890772, 996.9139625912529254 ) ) ;
#2259 = LINE ( 'NONE', #3761, #663 ) ;
#2260 = CARTESIAN_POINT ( 'NONE',  ( 35.92847732750293943, 8.077967428120429005, 1014.913962591252925 ) ) ;
#2261 = DIRECTION ( 'NONE',  ( 0.000000000000000000, 0.000000000000000000, -1.000000000000000000 ) ) ;
#2262 = PLANE ( 'NONE',  #3465 ) ;
#2263 = LINE ( 'NONE', #3814, #1247 ) ;
#2264 = AXIS2_PLACEMENT_3D ( 'NONE', #1891, #376, #3461 ) ;
#2265 = ADVANCED_FACE ( 'NONE', ( #3798 ), #3872, .F. ) ;
#2266 = ORIENTED_EDGE ( 'NONE', *, *, #2146, .F. ) ;
#2267 = AXIS2_PLACEMENT_3D ( 'NONE', #199, #1379, #1737 ) ;
#2268 = CIRCLE ( 'NONE', #1791, 3.000000000000002665 ) ;
#2269 = VECTOR ( 'NONE', #530, 1000.000000000000000 ) ;
#2270 = DIRECTION ( 'NONE',  ( 1.000000000000000000, -0.000000000000000000, -0.000000000000000000 ) ) ;
#2271 = CARTESIAN_POINT ( 'NONE',  ( 35.62847732750292806, 5.433063313312188392, 1012.796278708578711 ) ) ;
#2272 = EDGE_CURVE ( 'NONE', #1178, #4700, #2748, .T. ) ;
#2273 = ORIENTED_EDGE ( 'NONE', *, *, #4475, .F. ) ;
#2274 = ORIENTED_EDGE ( 'NONE', *, *, #2401, .T. ) ;
#2275 = VECTOR ( 'NONE', #954, 1000.000000000000000 ) ;
#2276 = FACE_BOUND ( 'NONE', #3398, .T. ) ;
#2277 = VECTOR ( 'NONE', #4209, 1000.000000000000000 ) ;
#2278 = VECTOR ( 'NONE', #1241, 1000.000000000000000 ) ;
#2279 = CARTESIAN_POINT ( 'NONE',  ( 28.64700021722461898, -11.54443224168380944, 1001.913962591253039 ) ) ;
#2280 = DIRECTION ( 'NONE',  ( -1.000000000000000000, -0.000000000000000000, -0.000000000000000000 ) ) ;
#2281 = EDGE_LOOP ( 'NONE', ( #263, #1021, #4924, #4939 ) ) ;
#2282 = EDGE_CURVE ( 'NONE', #3387, #625, #573, .T. ) ;
#2283 = ORIENTED_EDGE ( 'NONE', *, *, #3426, .T. ) ;
#2284 = AXIS2_PLACEMENT_3D ( 'NONE', #4375, #4020, #3621 ) ;
#2285 = VECTOR ( 'NONE', #1840, 1000.000000000000000 ) ;
#2286 = CARTESIAN_POINT ( 'NONE',  ( 31.42847732750292522, -18.65303777888382086, 1016.913962591252925 ) ) ;
#2287 = CARTESIAN_POINT ( 'NONE',  ( 16.07705365434141953, -23.15303777888381376, 1014.913962591252925 ) ) ;
#2288 = VECTOR ( 'NONE', #226, 1000.000000000000000 ) ;
#2289 = CARTESIAN_POINT ( 'NONE',  ( 30.63968712130354533, -18.39474720230881033, 996.9139625912529254 ) ) ;
#2290 = AXIS2_PLACEMENT_3D ( 'NONE', #3634, #1764, #3663 ) ;
#2291 = DIRECTION ( 'NONE',  ( -0.000000000000000000, -0.000000000000000000, 1.000000000000000000 ) ) ;
#2292 = ADVANCED_FACE ( 'NONE', ( #4553 ), #1175, .F. ) ;
#2293 = ORIENTED_EDGE ( 'NONE', *, *, #179, .F. ) ;
#2294 = AXIS2_PLACEMENT_3D ( 'NONE', #1335, #2064, #4468 ) ;
#2295 = AXIS2_PLACEMENT_3D ( 'NONE', #4426, #2908, #145 ) ;
#2296 = LINE ( 'NONE', #4285, #437 ) ;
#2297 = CARTESIAN_POINT ( 'NONE',  ( 23.64700021722458345, 17.32163583045519317, 996.9139625912529254 ) ) ;
#2298 = CARTESIAN_POINT ( 'NONE',  ( -20.37579369198158119, -23.15303777888382086, 1016.713962591252880 ) ) ;
#2299 = CARTESIAN_POINT ( 'NONE',  ( 27.57081413091892585, 16.56833509385418779, 1009.913962591253039 ) ) ;
#2300 = VERTEX_POINT ( 'NONE', #1554 ) ;
#2301 = CARTESIAN_POINT ( 'NONE',  ( 35.62847732750292806, -1.167094277858411688, 1001.800119513241157 ) ) ;
#2302 = ORIENTED_EDGE ( 'NONE', *, *, #1981, .T. ) ;
#2303 = ORIENTED_EDGE ( 'NONE', *, *, #1197, .F. ) ;
#2304 = ORIENTED_EDGE ( 'NONE', *, *, #1139, .F. ) ;
#2305 = EDGE_CURVE ( 'NONE', #2428, #318, #747, .T. ) ;
#2306 = EDGE_CURVE ( 'NONE', #1688, #4195, #1877, .T. ) ;
#2307 = CARTESIAN_POINT ( 'NONE',  ( 37.42847732750293233, -19.65303777888381731, 1016.913962591252925 ) ) ;
#2308 = FACE_OUTER_BOUND ( 'NONE', #889, .T. ) ;
#2309 = DIRECTION ( 'NONE',  ( -0.000000000000000000, -0.000000000000000000, 1.000000000000000000 ) ) ;
#2310 = ORIENTED_EDGE ( 'NONE', *, *, #1236, .F. ) ;
#2311 = CIRCLE ( 'NONE', #1426, 4.999999999999997335 ) ;
#2312 = LINE ( 'NONE', #3875, #2605 ) ;
#2313 = PLANE ( 'NONE',  #4454 ) ;
#2314 = CARTESIAN_POINT ( 'NONE',  ( -41.19464900133603180, -10.90936937654906558, 1016.713962591252880 ) ) ;
#2315 = VERTEX_POINT ( 'NONE', #3087 ) ;
#2316 = ORIENTED_EDGE ( 'NONE', *, *, #4147, .F. ) ;
#2317 = AXIS2_PLACEMENT_3D ( 'NONE', #1695, #3596, #4420 ) ;
#2318 = ADVANCED_FACE ( 'NONE', ( #2276, #776 ), #1100, .T. ) ;
#2319 = LINE ( 'NONE', #4141, #847 ) ;
#2320 = FACE_OUTER_BOUND ( 'NONE', #2345, .T. ) ;
#2321 = CARTESIAN_POINT ( 'NONE',  ( -28.34051892185214072, -14.54443224168383253, 1001.913962591253039 ) ) ;
#2322 = DIRECTION ( 'NONE',  ( -0.000000000000000000, 0.000000000000000000, -1.000000000000000000 ) ) ;
#2323 = ORIENTED_EDGE ( 'NONE', *, *, #1522, .T. ) ;
#2324 = DIRECTION ( 'NONE',  ( -1.000000000000000000, -0.000000000000000000, -0.000000000000000000 ) ) ;
#2325 = CARTESIAN_POINT ( 'NONE',  ( 28.32081540092092453, 16.56833509385418779, 1009.913962591253039 ) ) ;
#2326 = ORIENTED_EDGE ( 'NONE', *, *, #2423, .T. ) ;
#2327 = EDGE_LOOP ( 'NONE', ( #4949, #377, #4152, #1922 ) ) ;
#2328 = AXIS2_PLACEMENT_3D ( 'NONE', #3045, #1859, #1537 ) ;
#2329 = LINE ( 'NONE', #3852, #1697 ) ;
#2330 = VECTOR ( 'NONE', #4335, 1000.000000000000000 ) ;
#2331 = LINE ( 'NONE', #129, #3118 ) ;
#2332 = CYLINDRICAL_SURFACE ( 'NONE', #2835, 0.3000000000000016542 ) ;
#2333 = ORIENTED_EDGE ( 'NONE', *, *, #1095, .F. ) ;
#2334 = EDGE_CURVE ( 'NONE', #3103, #1846, #4441, .T. ) ;
#2335 = CARTESIAN_POINT ( 'NONE',  ( -20.87579369198158474, -22.15303777888381731, 1016.713962591252880 ) ) ;
#2336 = CARTESIAN_POINT ( 'NONE',  ( -33.92590926252307781, 17.32163583045618793, 1009.913962591253039 ) ) ;
#2337 = CARTESIAN_POINT ( 'NONE',  ( 32.42847732750293233, 11.87306331331018860, 1007.260119513240056 ) ) ;
#2338 = VERTEX_POINT ( 'NONE', #723 ) ;
#2339 = VERTEX_POINT ( 'NONE', #4274 ) ;
#2340 = LINE ( 'NONE', #2409, #1892 ) ;
#2341 = CARTESIAN_POINT ( 'NONE',  ( -37.97721736514308333, 17.32163583045519317, 1016.913962591252925 ) ) ;
#2342 = LINE ( 'NONE', #4356, #3049 ) ;
#2343 = DIRECTION ( 'NONE',  ( 1.000000000000000000, 0.000000000000000000, 0.000000000000000000 ) ) ;
#2344 = EDGE_CURVE ( 'NONE', #4223, #1119, #2354, .T. ) ;
#2345 = EDGE_LOOP ( 'NONE', ( #3940, #1991, #4751, #4157 ) ) ;
#2346 = AXIS2_PLACEMENT_3D ( 'NONE', #3818, #793, #359 ) ;
#2347 = CARTESIAN_POINT ( 'NONE',  ( -37.97721736514308333, -19.65303777888381731, 1016.913962591252925 ) ) ;
#2348 = DIRECTION ( 'NONE',  ( -1.000000000000000000, 0.000000000000000000, -0.000000000000000000 ) ) ;
#2349 = VERTEX_POINT ( 'NONE', #2709 ) ;
#2350 = ADVANCED_FACE ( 'NONE', ( #4251 ), #798, .T. ) ;
#2351 = EDGE_LOOP ( 'NONE', ( #797, #3484, #3252, #1717 ) ) ;
#2352 = CIRCLE ( 'NONE', #1625, 0.3000000000000016542 ) ;
#2353 = AXIS2_PLACEMENT_3D ( 'NONE', #2325, #1579, #1993 ) ;
#2354 = LINE ( 'NONE', #3895, #3400 ) ;
#2355 = CARTESIAN_POINT ( 'NONE',  ( -36.97721736514306201, -18.65303777888382086, 1001.913962591253039 ) ) ;
#2356 = EDGE_LOOP ( 'NONE', ( #4544, #3674, #4831, #791 ) ) ;
#2357 = AXIS2_PLACEMENT_3D ( 'NONE', #2271, #4122, #1826 ) ;
#2358 = LINE ( 'NONE', #4709, #4629 ) ;
#2359 = DIRECTION ( 'NONE',  ( 1.000000000000000000, 0.000000000000000000, -0.000000000000000000 ) ) ;
#2360 = CARTESIAN_POINT ( 'NONE',  ( 28.64700021722461898, -11.54443224168380944, 1001.913962591253039 ) ) ;
#2361 = ORIENTED_EDGE ( 'NONE', *, *, #3106, .F. ) ;
#2362 = ORIENTED_EDGE ( 'NONE', *, *, #2060, .T. ) ;
#2363 = VECTOR ( 'NONE', #1818, 1000.000000000000000 ) ;
#2364 = EDGE_CURVE ( 'NONE', #4074, #2221, #2633, .T. ) ;
#2365 = AXIS2_PLACEMENT_3D ( 'NONE', #1712, #2082, #4852 ) ;
#2366 = EDGE_CURVE ( 'NONE', #4394, #900, #2778, .T. ) ;
#2367 = DIRECTION ( 'NONE',  ( 0.000000000000000000, 1.000000000000000000, -0.000000000000000000 ) ) ;
#2368 = DIRECTION ( 'NONE',  ( -0.000000000000000000, -1.000000000000000000, -0.000000000000000000 ) ) ;
#2369 = CYLINDRICAL_SURFACE ( 'NONE', #1087, 1.749999999999918288 ) ;
#2370 = CARTESIAN_POINT ( 'NONE',  ( 26.64700021722460477, 9.315031817249179724, 1001.913962591253039 ) ) ;
#2371 = AXIS2_PLACEMENT_3D ( 'NONE', #1304, #4265, #2512 ) ;
#2372 = ORIENTED_EDGE ( 'NONE', *, *, #2779, .T. ) ;
#2373 = AXIS2_PLACEMENT_3D ( 'NONE', #4855, #2867, #635 ) ;
#2374 = AXIS2_PLACEMENT_3D ( 'NONE', #496, #834, #1593 ) ;
#2375 = ADVANCED_FACE ( 'NONE', ( #2068 ), #3965, .F. ) ;
#2376 = CARTESIAN_POINT ( 'NONE',  ( 34.42847732750292522, 3.683063313312236353, 1005.510119513240056 ) ) ;
#2377 = DIRECTION ( 'NONE',  ( -1.000000000000000000, 0.000000000000000000, 0.000000000000000000 ) ) ;
#2378 = ORIENTED_EDGE ( 'NONE', *, *, #2236, .T. ) ;
#2379 = ORIENTED_EDGE ( 'NONE', *, *, #233, .F. ) ;
#2380 = EDGE_CURVE ( 'NONE', #4658, #759, #918, .T. ) ;
#2381 = DIRECTION ( 'NONE',  ( 1.000000000000000000, -0.000000000000000000, 0.000000000000000000 ) ) ;
#2382 = VERTEX_POINT ( 'NONE', #2846 ) ;
#2383 = CIRCLE ( 'NONE', #4321, 1.639569763765003074 ) ;
#2384 = CARTESIAN_POINT ( 'NONE',  ( 15.32705365434144618, 19.82163583045518962, 1016.713962591252880 ) ) ;
#2385 = DIRECTION ( 'NONE',  ( -0.000000000000000000, -0.000000000000000000, 1.000000000000000000 ) ) ;
#2386 = DIRECTION ( 'NONE',  ( -0.000000000000000000, -0.000000000000000000, 1.000000000000000000 ) ) ;
#2387 = VERTEX_POINT ( 'NONE', #4750 ) ;
#2388 = PRODUCT_DEFINITION_SHAPE ( 'NONE', 'NONE',  #4324 ) ;
#2389 = ORIENTED_EDGE ( 'NONE', *, *, #643, .F. ) ;
#2390 = CARTESIAN_POINT ( 'NONE',  ( 35.92847732750292522, -9.409369376549081565, 1014.913962591252925 ) ) ;
#2391 = CARTESIAN_POINT ( 'NONE',  ( 15.32705365434144618, 19.82163583045518962, 1016.713962591252880 ) ) ;
#2392 = FACE_BOUND ( 'NONE', #2139, .T. ) ;
#2393 = DIRECTION ( 'NONE',  ( -0.000000000000000000, -0.000000000000000000, -1.000000000000000000 ) ) ;
#2394 = ADVANCED_FACE ( 'NONE', ( #4393 ), #3526, .F. ) ;
#2395 = CARTESIAN_POINT ( 'NONE',  ( 32.22847732750289396, -21.65303777888381731, 1001.913962591253039 ) ) ;
#2396 = CARTESIAN_POINT ( 'NONE',  ( 32.42847732750293233, 22.32163583045519317, 1016.913962591252925 ) ) ;
#2397 = ORIENTED_EDGE ( 'NONE', *, *, #1320, .F. ) ;
#2398 = ORIENTED_EDGE ( 'NONE', *, *, #4059, .T. ) ;
#2399 = CYLINDRICAL_SURFACE ( 'NONE', #4362, 0.2999999999999999334 ) ;
#2400 = VERTEX_POINT ( 'NONE', #4326 ) ;
#2401 = EDGE_CURVE ( 'NONE', #940, #694, #2504, .T. ) ;
#2402 = CARTESIAN_POINT ( 'NONE',  ( 14.82705365434141775, -23.15303777888381376, 1016.713962591252880 ) ) ;
#2403 = CARTESIAN_POINT ( 'NONE',  ( 35.92847732750292522, -9.409369376549079789, 1016.713962591252880 ) ) ;
#2404 = CARTESIAN_POINT ( 'NONE',  ( -37.97721736514308333, 17.32163583045519317, 996.9139625912529254 ) ) ;
#2405 = EDGE_LOOP ( 'NONE', ( #4758, #4528, #3288, #3782 ) ) ;
#2406 = ORIENTED_EDGE ( 'NONE', *, *, #4989, .F. ) ;
#2407 = EDGE_CURVE ( 'NONE', #2446, #2719, #4860, .T. ) ;
#2408 = APPROVAL_PERSON_ORGANIZATION ( #700, #3769, #1125 ) ;
#2409 = CARTESIAN_POINT ( 'NONE',  ( 37.42847732750293233, 11.87306331331018683, 1008.860119513240079 ) ) ;
#2410 = CARTESIAN_POINT ( 'NONE',  ( -32.42590672252207185, 19.32163583045519317, 1009.913962591253039 ) ) ;
#2411 = PLANE ( 'NONE',  #4066 ) ;
#2412 = DIRECTION ( 'NONE',  ( 0.000000000000000000, -1.000000000000000000, 0.000000000000000000 ) ) ;
#2413 = DIRECTION ( 'NONE',  ( 1.000000000000000000, 0.000000000000000000, 0.000000000000000000 ) ) ;
#2414 = CARTESIAN_POINT ( 'NONE',  ( -37.97721736514308333, 17.32163583045519317, 994.9139625912529254 ) ) ;
#2415 = EDGE_CURVE ( 'NONE', #4529, #3158, #3923, .T. ) ;
#2416 = DIRECTION ( 'NONE',  ( 0.000000000000000000, 0.000000000000000000, 1.000000000000000000 ) ) ;
#2417 = CIRCLE ( 'NONE', #3068, 2.999999999999999112 ) ;
#2418 = VERTEX_POINT ( 'NONE', #86 ) ;
#2419 = VERTEX_POINT ( 'NONE', #4727 ) ;
#2420 = AXIS2_PLACEMENT_3D ( 'NONE', #1951, #3038, #3110 ) ;
#2421 = DIRECTION ( 'NONE',  ( -0.000000000000000000, -1.000000000000000000, -0.000000000000000000 ) ) ;
#2422 = VERTEX_POINT ( 'NONE', #3134 ) ;
#2423 = EDGE_CURVE ( 'NONE', #4716, #1207, #3616, .T. ) ;
#2424 = PLANE ( 'NONE',  #795 ) ;
#2425 = FACE_OUTER_BOUND ( 'NONE', #2970, .T. ) ;
#2426 = CARTESIAN_POINT ( 'NONE',  ( -41.47721736514306201, 8.077967428120441440, 1016.713962591252880 ) ) ;
#2427 = VERTEX_POINT ( 'NONE', #536 ) ;
#2428 = VERTEX_POINT ( 'NONE', #2819 ) ;
#2429 = CARTESIAN_POINT ( 'NONE',  ( 35.64590896369590212, 8.577967428120430782, 1016.713962591252880 ) ) ;
#2430 = AXIS2_PLACEMENT_3D ( 'NONE', #220, #1761, #3293 ) ;
#2431 = ADVANCED_FACE ( 'NONE', ( #4368 ), #157, .T. ) ;
#2432 = DIRECTION ( 'NONE',  ( 0.000000000000000000, 0.000000000000000000, -1.000000000000000000 ) ) ;
#2433 = CARTESIAN_POINT ( 'NONE',  ( -39.97721736514306912, -14.23259327800181495, 1005.450119563566773 ) ) ;
#2434 = CIRCLE ( 'NONE', #3085, 1.250000000000001110 ) ;
#2435 = CARTESIAN_POINT ( 'NONE',  ( 35.92847732750292522, -18.65303777888382086, 1014.913962591252925 ) ) ;
#2436 = AXIS2_PLACEMENT_3D ( 'NONE', #10, #3150, #3869 ) ;
#2437 = CARTESIAN_POINT ( 'NONE',  ( -41.47721736514306201, 7.077967428120441440, 1016.713962591252880 ) ) ;
#2438 = AXIS2_PLACEMENT_3D ( 'NONE', #337, #3370, #2584 ) ;
#2439 = AXIS2_PLACEMENT_3D ( 'NONE', #1356, #4409, #656 ) ;
#2440 = ADVANCED_FACE ( 'NONE', ( #851 ), #442, .F. ) ;
#2441 = DIRECTION ( 'NONE',  ( 0.000000000000000000, -1.000000000000000000, 0.000000000000000000 ) ) ;
#2442 = DIRECTION ( 'NONE',  ( 1.000000000000000000, 0.000000000000000000, 0.000000000000000000 ) ) ;
#2443 = DIRECTION ( 'NONE',  ( 0.000000000000000000, 1.000000000000000000, -0.000000000000000000 ) ) ;
#2444 = CARTESIAN_POINT ( 'NONE',  ( 30.01021976972992178, -16.66573272427380914, 1001.913962591253039 ) ) ;
#2445 = AXIS2_PLACEMENT_3D ( 'NONE', #2355, #1931, #392 ) ;
#2446 = VERTEX_POINT ( 'NONE', #67 ) ;
#2447 = VECTOR ( 'NONE', #3882, 1000.000000000000000 ) ;
#2448 = EDGE_LOOP ( 'NONE', ( #888, #2958, #4729, #1002 ) ) ;
#2449 = VECTOR ( 'NONE', #4258, 1000.000000000000000 ) ;
#2450 = CARTESIAN_POINT ( 'NONE',  ( -40.62032776698665515, -8.909369376549067354, 1016.713962591252880 ) ) ;
#2451 = ORIENTED_EDGE ( 'NONE', *, *, #2834, .F. ) ;
#2452 = EDGE_CURVE ( 'NONE', #1597, #4277, #3723, .T. ) ;
#2453 = DIRECTION ( 'NONE',  ( 0.000000000000000000, 0.000000000000000000, -1.000000000000000000 ) ) ;
#2454 = DIRECTION ( 'NONE',  ( 0.000000000000000000, 0.000000000000000000, 1.000000000000000000 ) ) ;
#2455 = VERTEX_POINT ( 'NONE', #461 ) ;
#2456 = VERTEX_POINT ( 'NONE', #133 ) ;
#2457 = ORIENTED_EDGE ( 'NONE', *, *, #3897, .F. ) ;
#2458 = DIRECTION ( 'NONE',  ( -0.000000000000000000, -0.000000000000000000, -1.000000000000000000 ) ) ;
#2459 = DIRECTION ( 'NONE',  ( -1.000000000000000000, -0.000000000000000000, -0.000000000000000000 ) ) ;
#2460 = CARTESIAN_POINT ( 'NONE',  ( -36.97721736514306201, 20.82163583045519673, 1014.913962591252925 ) ) ;
#2461 = CYLINDRICAL_SURFACE ( 'NONE', #1969, 4.850008132514016523 ) ;
#2462 = LINE ( 'NONE', #4087, #4206 ) ;
#2463 = EDGE_CURVE ( 'NONE', #2455, #588, #2268, .T. ) ;
#2464 = CIRCLE ( 'NONE', #943, 2.000000000000001776 ) ;
#2465 = DIRECTION ( 'NONE',  ( -0.000000000000000000, -1.000000000000000000, -0.000000000000000000 ) ) ;
#2466 = DIRECTION ( 'NONE',  ( 1.000000000000000000, -4.927793081368463797E-17, -0.000000000000000000 ) ) ;
#2467 = CARTESIAN_POINT ( 'NONE',  ( -41.97721736514307622, -14.23259327800181495, 1003.510549799801765 ) ) ;
#2468 = LINE ( 'NONE', #4886, #361 ) ;
#2469 = CIRCLE ( 'NONE', #1664, 0.5743212343493758754 ) ;
#2470 = ORIENTED_EDGE ( 'NONE', *, *, #4045, .T. ) ;
#2471 = EDGE_LOOP ( 'NONE', ( #1174, #2872, #1347, #2098 ) ) ;
#2472 = ADVANCED_FACE ( 'NONE', ( #870 ), #2399, .T. ) ;
#2473 = VECTOR ( 'NONE', #4346, 1000.000000000000000 ) ;
#2474 = DIRECTION ( 'NONE',  ( 0.000000000000000000, -1.000000000000000000, 0.000000000000000000 ) ) ;
#2475 = VERTEX_POINT ( 'NONE', #3569 ) ;
#2476 = ORIENTED_EDGE ( 'NONE', *, *, #1605, .F. ) ;
#2477 = CARTESIAN_POINT ( 'NONE',  ( 32.42847732750293233, 5.433063313312188392, 1004.850119513241111 ) ) ;
#2478 = DIRECTION ( 'NONE',  ( 0.000000000000000000, 1.000000000000000000, 0.000000000000000000 ) ) ;
#2479 = PERSON_AND_ORGANIZATION ( #512, #561 ) ;
#2480 = EDGE_CURVE ( 'NONE', #3754, #3314, #2182, .T. ) ;
#2481 = ORIENTED_EDGE ( 'NONE', *, *, #4641, .T. ) ;
#2482 = ORIENTED_EDGE ( 'NONE', *, *, #3792, .T. ) ;
#2483 = ORIENTED_EDGE ( 'NONE', *, *, #1512, .F. ) ;
#2484 = CARTESIAN_POINT ( 'NONE',  ( -18.87579369198158119, -22.15303777888381731, 1016.713962591252880 ) ) ;
#2485 = CARTESIAN_POINT ( 'NONE',  ( 29.99463058461726916, 12.31503181724918150, 996.9139625912529254 ) ) ;
#2486 = CARTESIAN_POINT ( 'NONE',  ( 35.92847732750292522, -18.65303777888382086, 1014.913962591252925 ) ) ;
#2487 = DIRECTION ( 'NONE',  ( -0.000000000000000000, -0.000000000000000000, -1.000000000000000000 ) ) ;
#2488 = ADVANCED_FACE ( 'NONE', ( #2553 ), #1825, .F. ) ;
#2489 = CARTESIAN_POINT ( 'NONE',  ( -38.01129706319400015, -14.54443224168380233, 996.9139625912529254 ) ) ;
#2490 = ADVANCED_BREP_SHAPE_REPRESENTATION ( 'case', ( #1011, #3626 ), #1213 ) ;
#2491 = DIRECTION ( 'NONE',  ( 1.000000000000000000, 0.000000000000000000, -0.000000000000000000 ) ) ;
#2492 = CYLINDRICAL_SURFACE ( 'NONE', #88, 4.236159195338595751 ) ;
#2493 = EDGE_CURVE ( 'NONE', #3345, #696, #1068, .T. ) ;
#2494 = CARTESIAN_POINT ( 'NONE',  ( 31.42847732750292522, 19.32163583045519317, 1001.913962591253039 ) ) ;
#2495 = EDGE_LOOP ( 'NONE', ( #2749, #2855, #4865, #481 ) ) ;
#2496 = ORIENTED_EDGE ( 'NONE', *, *, #1267, .F. ) ;
#2497 = DIRECTION ( 'NONE',  ( 1.000000000000000000, 0.000000000000000000, 0.000000000000000000 ) ) ;
#2498 = ORIENTED_EDGE ( 'NONE', *, *, #2380, .T. ) ;
#2499 = EDGE_CURVE ( 'NONE', #3206, #3849, #415, .T. ) ;
#2500 = ORIENTED_EDGE ( 'NONE', *, *, #4444, .F. ) ;
#2501 = VECTOR ( 'NONE', #3254, 1000.000000000000000 ) ;
#2502 = CARTESIAN_POINT ( 'NONE',  ( -41.47721736514306201, 6.093707644691781944, 1016.713962591252880 ) ) ;
#2503 = LINE ( 'NONE', #592, #2522 ) ;
#2504 = CIRCLE ( 'NONE', #2019, 0.5743212343493758754 ) ;
#2505 = ORIENTED_EDGE ( 'NONE', *, *, #816, .F. ) ;
#2506 = VERTEX_POINT ( 'NONE', #2949 ) ;
#2507 = ORIENTED_EDGE ( 'NONE', *, *, #4760, .T. ) ;
#2508 = AXIS2_PLACEMENT_3D ( 'NONE', #1659, #4694, #3935 ) ;
#2509 = VECTOR ( 'NONE', #3172, 1000.000000000000000 ) ;
#2510 = CARTESIAN_POINT ( 'NONE',  ( -28.32357194782614584, 12.33987306693118668, 1001.913962591253039 ) ) ;
#2511 = DIRECTION ( 'NONE',  ( -1.000000000000000000, -0.000000000000000000, -0.000000000000000000 ) ) ;
#2512 = DIRECTION ( 'NONE',  ( 0.000000000000000000, 0.000000000000000000, -1.000000000000000000 ) ) ;
#2513 = LINE ( 'NONE', #221, #1869 ) ;
#2514 = EDGE_CURVE ( 'NONE', #4042, #1822, #2751, .T. ) ;
#2515 = VECTOR ( 'NONE', #2641, 1000.000000000000000 ) ;
#2516 = AXIS2_PLACEMENT_3D ( 'NONE', #2653, #1474, #4574 ) ;
#2517 = DIRECTION ( 'NONE',  ( 0.000000000000000000, -1.000000000000000000, 0.000000000000000000 ) ) ;
#2518 = DIRECTION ( 'NONE',  ( -0.000000000000000000, -0.000000000000000000, -1.000000000000000000 ) ) ;
#2519 = CARTESIAN_POINT ( 'NONE',  ( 31.42847732750292522, 16.32163583045519673, 1001.913962591253039 ) ) ;
#2520 = VERTEX_POINT ( 'NONE', #1043 ) ;
#2521 = VERTEX_POINT ( 'NONE', #4890 ) ;
#2522 = VECTOR ( 'NONE', #3972, 1000.000000000000000 ) ;
#2523 = CIRCLE ( 'NONE', #4948, 1.749999999999918288 ) ;
#2524 = AXIS2_PLACEMENT_3D ( 'NONE', #4235, #4256, #4686 ) ;
#2525 = EDGE_CURVE ( 'NONE', #4976, #3434, #3279, .T. ) ;
#2526 = DIRECTION ( 'NONE',  ( 1.000000000000000000, 0.000000000000000000, 0.000000000000000000 ) ) ;
#2527 = ORIENTED_EDGE ( 'NONE', *, *, #3239, .F. ) ;
#2528 = VECTOR ( 'NONE', #4896, 1000.000000000000000 ) ;
#2529 = CIRCLE ( 'NONE', #2439, 2.999999999999995559 ) ;
#2530 = VERTEX_POINT ( 'NONE', #3697 ) ;
#2531 = VERTEX_POINT ( 'NONE', #4518 ) ;
#2532 = VECTOR ( 'NONE', #2459, 1000.000000000000000 ) ;
#2533 = DIRECTION ( 'NONE',  ( -1.000000000000000000, 0.000000000000000000, 0.000000000000000000 ) ) ;
#2534 = CARTESIAN_POINT ( 'NONE',  ( -41.97721736514307622, -7.232593278003813353, 1003.510549799801765 ) ) ;
#2535 = FACE_OUTER_BOUND ( 'NONE', #4041, .T. ) ;
#2536 = ORIENTED_EDGE ( 'NONE', *, *, #4512, .F. ) ;
#2537 = AXIS2_PLACEMENT_3D ( 'NONE', #783, #3859, #1436 ) ;
#2538 = VERTEX_POINT ( 'NONE', #4496 ) ;
#2539 = ORIENTED_EDGE ( 'NONE', *, *, #1179, .F. ) ;
#2540 = EDGE_CURVE ( 'NONE', #4443, #3120, #2092, .T. ) ;
#2541 = PLANE ( 'NONE',  #2843 ) ;
#2542 = FACE_OUTER_BOUND ( 'NONE', #2448, .T. ) ;
#2543 = CARTESIAN_POINT ( 'NONE',  ( -18.12579369198156698, 20.82163583045519673, 1016.713962591252880 ) ) ;
#2544 = DIRECTION ( 'NONE',  ( -1.000000000000000000, 0.000000000000000000, 0.000000000000000000 ) ) ;
#2545 = CARTESIAN_POINT ( 'NONE',  ( 13.32705365434144440, 19.82163583045518962, 1016.713962591252880 ) ) ;
#2546 = DIRECTION ( 'NONE',  ( 0.000000000000000000, 9.724964941096915090E-14, 1.000000000000000000 ) ) ;
#2547 = LINE ( 'NONE', #3297, #4841 ) ;
#2548 = DIRECTION ( 'NONE',  ( -1.000000000000000000, 0.000000000000000000, 0.000000000000000000 ) ) ;
#2549 = EDGE_CURVE ( 'NONE', #3615, #4899, #3642, .T. ) ;
#2550 = VERTEX_POINT ( 'NONE', #2089 ) ;
#2551 = EDGE_CURVE ( 'NONE', #4439, #1000, #1770, .T. ) ;
#2552 = ORIENTED_EDGE ( 'NONE', *, *, #4715, .T. ) ;
#2553 = FACE_OUTER_BOUND ( 'NONE', #3388, .T. ) ;
#2554 = ORIENTED_EDGE ( 'NONE', *, *, #4972, .T. ) ;
#2555 = AXIS2_PLACEMENT_3D ( 'NONE', #2731, #4660, #1661 ) ;
#2556 = ORIENTED_EDGE ( 'NONE', *, *, #3167, .T. ) ;
#2557 = EDGE_CURVE ( 'NONE', #1191, #4131, #3080, .T. ) ;
#2558 = ORIENTED_EDGE ( 'NONE', *, *, #1442, .F. ) ;
#2559 = AXIS2_PLACEMENT_3D ( 'NONE', #116, #416, #3509 ) ;
#2560 = LINE ( 'NONE', #724, #3848 ) ;
#2561 = DIRECTION ( 'NONE',  ( -1.000000000000000000, 0.000000000000000000, -0.000000000000000000 ) ) ;
#2562 = EDGE_LOOP ( 'NONE', ( #4583, #399, #4119, #1202 ) ) ;
#2563 = EDGE_CURVE ( 'NONE', #1688, #1245, #2870, .T. ) ;
#2564 = ORIENTED_EDGE ( 'NONE', *, *, #1893, .F. ) ;
#2565 = VERTEX_POINT ( 'NONE', #4914 ) ;
#2566 = DIRECTION ( 'NONE',  ( 0.000000000000000000, 0.000000000000000000, 1.000000000000000000 ) ) ;
#2567 = DIRECTION ( 'NONE',  ( 1.000000000000000000, -0.000000000000000000, -0.000000000000000000 ) ) ;
#2568 = DIRECTION ( 'NONE',  ( 1.000000000000000000, 0.000000000000000000, 0.000000000000000000 ) ) ;
#2569 = DIRECTION ( 'NONE',  ( -1.000000000000000000, 9.451529943690347701E-16, -0.000000000000000000 ) ) ;
#2570 = EDGE_CURVE ( 'NONE', #3791, #3994, #1447, .T. ) ;
#2571 = FACE_OUTER_BOUND ( 'NONE', #4757, .T. ) ;
#2572 = DIRECTION ( 'NONE',  ( 1.000000000000000000, -0.000000000000000000, 0.000000000000000000 ) ) ;
#2573 = FACE_OUTER_BOUND ( 'NONE', #925, .T. ) ;
#2574 = CARTESIAN_POINT ( 'NONE',  ( -41.97721736514307622, -7.232593278003813353, 1007.089689327331826 ) ) ;
#2575 = ORIENTED_EDGE ( 'NONE', *, *, #2480, .T. ) ;
#2576 = ORIENTED_EDGE ( 'NONE', *, *, #899, .F. ) ;
#2577 = LOCAL_TIME ( 17, 49, 56.00000000000000000, #1051 ) ;
#2578 = DIRECTION ( 'NONE',  ( 0.000000000000000000, 3.295974604356296482E-13, -1.000000000000000000 ) ) ;
#2579 = ORIENTED_EDGE ( 'NONE', *, *, #4278, .F. ) ;
#2580 = ORIENTED_EDGE ( 'NONE', *, *, #3168, .T. ) ;
#2581 = EDGE_CURVE ( 'NONE', #2455, #4223, #3482, .T. ) ;
#2582 = DIRECTION ( 'NONE',  ( 1.000000000000000000, -0.000000000000000000, -0.000000000000000000 ) ) ;
#2583 = DIRECTION ( 'NONE',  ( 0.000000000000000000, 0.000000000000000000, -1.000000000000000000 ) ) ;
#2584 = DIRECTION ( 'NONE',  ( -1.000000000000000000, 0.000000000000000000, 0.000000000000000000 ) ) ;
#2585 = VERTEX_POINT ( 'NONE', #1019 ) ;
#2586 = EDGE_LOOP ( 'NONE', ( #4350, #598, #3652, #1348 ) ) ;
#2587 = ORIENTED_EDGE ( 'NONE', *, *, #4989, .T. ) ;
#2588 = DIRECTION ( 'NONE',  ( -1.000000000000000000, 0.000000000000000000, 0.000000000000000000 ) ) ;
#2589 = LINE ( 'NONE', #1837, #1636 ) ;
#2590 = LINE ( 'NONE', #4136, #2805 ) ;
#2591 = DIRECTION ( 'NONE',  ( -0.000000000000000000, -0.000000000000000000, -1.000000000000000000 ) ) ;
#2592 = VECTOR ( 'NONE', #2591, 1000.000000000000000 ) ;
#2593 = VECTOR ( 'NONE', #2141, 1000.000000000000000 ) ;
#2594 = EDGE_CURVE ( 'NONE', #1105, #3278, #2895, .T. ) ;
#2595 = CARTESIAN_POINT ( 'NONE',  ( 37.12847732750292806, 11.87306331331118869, 1001.800119513241157 ) ) ;
#2596 = DIRECTION ( 'NONE',  ( -1.000000000000000000, 0.000000000000000000, 0.000000000000000000 ) ) ;
#2597 = CARTESIAN_POINT ( 'NONE',  ( -36.97721736514306201, -21.65303777888381731, 1001.913962591253039 ) ) ;
#2598 = CARTESIAN_POINT ( 'NONE',  ( -36.97721736514306201, 20.82163583045519673, 1014.913962591252925 ) ) ;
#2599 = ORIENTED_EDGE ( 'NONE', *, *, #1018, .F. ) ;
#2600 = VECTOR ( 'NONE', #2132, 1000.000000000000000 ) ;
#2601 = FACE_OUTER_BOUND ( 'NONE', #3545, .T. ) ;
#2602 = VERTEX_POINT ( 'NONE', #3718 ) ;
#2603 = AXIS2_PLACEMENT_3D ( 'NONE', #4047, #162, #1671 ) ;
#2604 = EDGE_LOOP ( 'NONE', ( #1610, #393, #4950, #1575 ) ) ;
#2605 = VECTOR ( 'NONE', #3574, 1000.000000000000000 ) ;
#2606 = ORIENTED_EDGE ( 'NONE', *, *, #4812, .T. ) ;
#2607 = AXIS2_PLACEMENT_3D ( 'NONE', #68, #1531, #778 ) ;
#2608 = AXIS2_PLACEMENT_3D ( 'NONE', #4769, #2135, #632 ) ;
#2609 = FACE_OUTER_BOUND ( 'NONE', #4601, .T. ) ;
#2610 = DIRECTION ( 'NONE',  ( 1.000000000000000000, -0.000000000000000000, -0.000000000000000000 ) ) ;
#2611 = DIRECTION ( 'NONE',  ( -1.000000000000000000, -0.000000000000000000, -0.000000000000000000 ) ) ;
#2612 = ORIENTED_EDGE ( 'NONE', *, *, #11, .T. ) ;
#2613 = ORIENTED_EDGE ( 'NONE', *, *, #2924, .T. ) ;
#2614 = EDGE_CURVE ( 'NONE', #3485, #3031, #1799, .T. ) ;
#2615 = CIRCLE ( 'NONE', #362, 2.000000000000001776 ) ;
#2616 = ADVANCED_FACE ( 'NONE', ( #557 ), #4809, .F. ) ;
#2617 = VERTEX_POINT ( 'NONE', #4040 ) ;
#2618 = LINE ( 'NONE', #755, #2698 ) ;
#2619 = LINE ( 'NONE', #4981, #2190 ) ;
#2620 = CARTESIAN_POINT ( 'NONE',  ( 24.64700021722460122, -21.65303777888381731, 1001.913962591253039 ) ) ;
#2621 = CARTESIAN_POINT ( 'NONE',  ( -41.97721736514307622, -14.23259327800181495, 1007.389689327331780 ) ) ;
#2622 = CARTESIAN_POINT ( 'NONE',  ( -36.97721736514306201, 20.82163583045519673, 1014.913962591252925 ) ) ;
#2623 = CARTESIAN_POINT ( 'NONE',  ( 31.42847732750292522, -21.65303777888382086, 1014.913962591252925 ) ) ;
#2624 = LINE ( 'NONE', #4651, #4182 ) ;
#2625 = DIRECTION ( 'NONE',  ( -0.000000000000000000, -1.000000000000000000, -0.000000000000000000 ) ) ;
#2626 = EDGE_CURVE ( 'NONE', #1030, #4951, #3877, .T. ) ;
#2627 = EDGE_LOOP ( 'NONE', ( #178, #3755, #1053, #2650 ) ) ;
#2628 = DIRECTION ( 'NONE',  ( 1.000000000000000000, -0.000000000000000000, -0.000000000000000000 ) ) ;
#2629 = VERTEX_POINT ( 'NONE', #207 ) ;
#2630 = ORIENTED_EDGE ( 'NONE', *, *, #4284, .F. ) ;
#2631 = EDGE_CURVE ( 'NONE', #2041, #876, #2815, .T. ) ;
#2632 = ORIENTED_EDGE ( 'NONE', *, *, #2540, .T. ) ;
#2633 = LINE ( 'NONE', #2250, #3565 ) ;
#2634 = DIRECTION ( 'NONE',  ( 1.000000000000000000, -0.000000000000000000, 0.000000000000000000 ) ) ;
#2635 = CARTESIAN_POINT ( 'NONE',  ( 35.92847732750292522, -10.40936937654907979, 1016.713962591252880 ) ) ;
#2636 = ORIENTED_EDGE ( 'NONE', *, *, #3729, .F. ) ;
#2637 = VERTEX_POINT ( 'NONE', #3386 ) ;
#2638 = ORIENTED_EDGE ( 'NONE', *, *, #4291, .F. ) ;
#2639 = EDGE_CURVE ( 'NONE', #3206, #4450, #4573, .T. ) ;
#2640 = CARTESIAN_POINT ( 'NONE',  ( -20.37579369198157053, 20.82163583045519673, 1014.913962591252925 ) ) ;
#2641 = DIRECTION ( 'NONE',  ( 0.000000000000000000, 1.000000000000000000, 0.000000000000000000 ) ) ;
#2642 = CARTESIAN_POINT ( 'NONE',  ( 30.63968712130354533, -18.39474720230881033, 1001.913962591253039 ) ) ;
#2643 = CARTESIAN_POINT ( 'NONE',  ( 14.82705365434144618, 20.82163583045518962, 1016.713962591252880 ) ) ;
#2644 = ADVANCED_FACE ( 'NONE', ( #4170 ), #1116, .T. ) ;
#2645 = CARTESIAN_POINT ( 'NONE',  ( 15.32705365434144618, 19.82163583045518962, 1016.713962591252880 ) ) ;
#2646 = DIRECTION ( 'NONE',  ( -1.000000000000000000, 0.000000000000000000, -0.000000000000000000 ) ) ;
#2647 = VECTOR ( 'NONE', #4287, 1000.000000000000000 ) ;
#2648 = FACE_OUTER_BOUND ( 'NONE', #1077, .T. ) ;
#2649 = CARTESIAN_POINT ( 'NONE',  ( 26.64700021722458345, 12.31503181724917795, 1001.913962591253039 ) ) ;
#2650 = ORIENTED_EDGE ( 'NONE', *, *, #4522, .F. ) ;
#2651 = EDGE_CURVE ( 'NONE', #454, #3096, #330, .T. ) ;
#2652 = CARTESIAN_POINT ( 'NONE',  ( -36.97721736514306201, 20.82163583045519673, 1014.913962591252925 ) ) ;
#2653 = CARTESIAN_POINT ( 'NONE',  ( -41.19464900133603180, -10.90936937654906558, 1016.713962591252880 ) ) ;
#2654 = EDGE_LOOP ( 'NONE', ( #2120, #304, #2957, #1949 ) ) ;
#2655 = ORIENTED_EDGE ( 'NONE', *, *, #4749, .T. ) ;
#2656 = PRODUCT_DEFINITION_FORMATION_WITH_SPECIFIED_SOURCE ( '�', '', #1153, .NOT_KNOWN. ) ;
#2657 = AXIS2_PLACEMENT_3D ( 'NONE', #3355, #1358, #3250 ) ;
#2658 = EDGE_CURVE ( 'NONE', #1675, #93, #717, .T. ) ;
#2659 = CARTESIAN_POINT ( 'NONE',  ( -28.34051892185214072, -14.54443224168383253, 1001.913962591253039 ) ) ;
#2660 = LINE ( 'NONE', #4101, #4485 ) ;
#2661 = FACE_OUTER_BOUND ( 'NONE', #3390, .T. ) ;
#2662 = PERSON_AND_ORGANIZATION ( #512, #561 ) ;
#2663 = EDGE_LOOP ( 'NONE', ( #1167, #4597, #727, #2564, #3756, #24 ) ) ;
#2664 = ORIENTED_EDGE ( 'NONE', *, *, #3548, .F. ) ;
#2665 = LINE ( 'NONE', #4508, #518 ) ;
#2666 = LINE ( 'NONE', #946, #1162 ) ;
#2667 = VECTOR ( 'NONE', #3302, 1000.000000000000000 ) ;
#2668 = CYLINDRICAL_SURFACE ( 'NONE', #2537, 0.5743212343493758754 ) ;
#2669 = DIRECTION ( 'NONE',  ( 0.000000000000000000, 0.000000000000000000, 1.000000000000000000 ) ) ;
#2670 = ORIENTED_EDGE ( 'NONE', *, *, #2563, .T. ) ;
#2671 = CARTESIAN_POINT ( 'NONE',  ( 15.32705365434144618, 19.82163583045518962, 1014.913962591252925 ) ) ;
#2672 = DIRECTION ( 'NONE',  ( 1.000000000000000000, 0.000000000000000000, 0.000000000000000000 ) ) ;
#2673 = DIRECTION ( 'NONE',  ( -0.000000000000000000, -1.000000000000000000, -0.000000000000000000 ) ) ;
#2674 = CARTESIAN_POINT ( 'NONE',  ( 27.57081413091892230, 19.32163583045519317, 1009.913962591253039 ) ) ;
#2675 = AXIS2_PLACEMENT_3D ( 'NONE', #4300, #941, #3993 ) ;
#2676 = ORIENTED_EDGE ( 'NONE', *, *, #2344, .T. ) ;
#2677 = ADVANCED_FACE ( 'NONE', ( #4990 ), #3104, .F. ) ;
#2678 = AXIS2_PLACEMENT_3D ( 'NONE', #3713, #173, #3249 ) ;
#2679 = DIRECTION ( 'NONE',  ( -0.000000000000000000, -0.000000000000000000, 1.000000000000000000 ) ) ;
#2680 = ORIENTED_EDGE ( 'NONE', *, *, #1861, .T. ) ;
#2681 = VERTEX_POINT ( 'NONE', #1473 ) ;
#2682 = ORIENTED_EDGE ( 'NONE', *, *, #1420, .T. ) ;
#2683 = EDGE_CURVE ( 'NONE', #2075, #3845, #4851, .T. ) ;
#2684 = CARTESIAN_POINT ( 'NONE',  ( -41.97721736514307622, -7.232593278003813353, 1005.450119563566773 ) ) ;
#2685 = CIRCLE ( 'NONE', #3324, 0.3000000000000016542 ) ;
#2686 = CYLINDRICAL_SURFACE ( 'NONE', #1772, 3.249244658438010802 ) ;
#2687 = CARTESIAN_POINT ( 'NONE',  ( -42.97721736514308333, -14.23259327800181495, 1003.510549799801765 ) ) ;
#2688 = ORIENTED_EDGE ( 'NONE', *, *, #1937, .F. ) ;
#2689 = EDGE_CURVE ( 'NONE', #4469, #2315, #4220, .T. ) ;
#2690 = VECTOR ( 'NONE', #288, 1000.000000000000000 ) ;
#2691 = VECTOR ( 'NONE', #3811, 1000.000000000000000 ) ;
#2692 = CARTESIAN_POINT ( 'NONE',  ( -41.19464900133603180, 8.577967428120441440, 1016.713962591252880 ) ) ;
#2693 = FACE_OUTER_BOUND ( 'NONE', #1432, .T. ) ;
#2694 = AXIS2_PLACEMENT_3D ( 'NONE', #2519, #2138, #554 ) ;
#2695 = ORIENTED_EDGE ( 'NONE', *, *, #4471, .F. ) ;
#2696 = VERTEX_POINT ( 'NONE', #4246 ) ;
#2697 = CIRCLE ( 'NONE', #4234, 1.999999999999998224 ) ;
#2698 = VECTOR ( 'NONE', #1836, 1000.000000000000000 ) ;
#2699 = LINE ( 'NONE', #2622, #3900 ) ;
#2700 = FACE_OUTER_BOUND ( 'NONE', #1523, .T. ) ;
#2701 = CARTESIAN_POINT ( 'NONE',  ( -33.17590799252307221, -18.84873628028381276, 1009.913962591253039 ) ) ;
#2702 = CARTESIAN_POINT ( 'NONE',  ( 32.42847732750293233, 17.32163583045519317, 1016.913962591252925 ) ) ;
#2703 = ORIENTED_EDGE ( 'NONE', *, *, #1824, .T. ) ;
#2704 = DIRECTION ( 'NONE',  ( 0.000000000000000000, 0.000000000000000000, -1.000000000000000000 ) ) ;
#2705 = LINE ( 'NONE', #502, #264 ) ;
#2706 = EDGE_CURVE ( 'NONE', #4726, #2427, #3303, .T. ) ;
#2707 = ORIENTED_EDGE ( 'NONE', *, *, #3820, .F. ) ;
#2708 = ORIENTED_EDGE ( 'NONE', *, *, #609, .F. ) ;
#2709 = CARTESIAN_POINT ( 'NONE',  ( -41.97721736514307622, -7.232593278003813353, 1003.810549799801720 ) ) ;
#2710 = CARTESIAN_POINT ( 'NONE',  ( 30.22847732750289396, -13.54443224168380944, 1001.913962591253039 ) ) ;
#2711 = DIRECTION ( 'NONE',  ( 1.000000000000000000, 0.000000000000000000, 0.000000000000000000 ) ) ;
#2712 = ORIENTED_EDGE ( 'NONE', *, *, #3633, .T. ) ;
#2713 = ORIENTED_EDGE ( 'NONE', *, *, #299, .F. ) ;
#2714 = EDGE_CURVE ( 'NONE', #4133, #4096, #770, .T. ) ;
#2715 = DIRECTION ( 'NONE',  ( -0.000000000000000000, -0.000000000000000000, -1.000000000000000000 ) ) ;
#2716 = DIRECTION ( 'NONE',  ( 0.000000000000000000, 0.000000000000000000, -1.000000000000000000 ) ) ;
#2717 = PLANE ( 'NONE',  #3919 ) ;
#2718 = ORIENTED_EDGE ( 'NONE', *, *, #3327, .T. ) ;
#2719 = VERTEX_POINT ( 'NONE', #3054 ) ;
#2720 = EDGE_CURVE ( 'NONE', #3870, #1120, #4603, .T. ) ;
#2721 = LINE ( 'NONE', #450, #2206 ) ;
#2722 = CARTESIAN_POINT ( 'NONE',  ( -32.42590672252307371, 19.32163583045519317, 1001.913962591253039 ) ) ;
#2723 = DIRECTION ( 'NONE',  ( -0.000000000000000000, 1.000000000000000000, -0.000000000000000000 ) ) ;
#2724 = DIRECTION ( 'NONE',  ( 1.000000000000000000, 0.000000000000000000, 0.000000000000000000 ) ) ;
#2725 = ORIENTED_EDGE ( 'NONE', *, *, #1623, .T. ) ;
#2726 = DIRECTION ( 'NONE',  ( -1.000000000000000000, 0.000000000000000000, 0.000000000000000000 ) ) ;
#2727 = DIRECTION ( 'NONE',  ( 1.000000000000000000, 0.000000000000000000, 0.000000000000000000 ) ) ;
#2728 = ORIENTED_EDGE ( 'NONE', *, *, #4278, .T. ) ;
#2729 = ORIENTED_EDGE ( 'NONE', *, *, #3072, .F. ) ;
#2730 = DIRECTION ( 'NONE',  ( -0.000000000000000000, -0.000000000000000000, -1.000000000000000000 ) ) ;
#2731 = CARTESIAN_POINT ( 'NONE',  ( 37.42847732750293233, 11.87306331331018860, 1005.510119513240056 ) ) ;
#2732 = DIRECTION ( 'NONE',  ( 0.000000000000000000, 0.000000000000000000, -1.000000000000000000 ) ) ;
#2733 = ORIENTED_EDGE ( 'NONE', *, *, #1391, .F. ) ;
#2734 = DIRECTION ( 'NONE',  ( 1.000000000000000000, -0.000000000000000000, -0.000000000000000000 ) ) ;
#2735 = DIRECTION ( 'NONE',  ( 1.000000000000000000, -0.000000000000000000, -0.000000000000000000 ) ) ;
#2736 = CARTESIAN_POINT ( 'NONE',  ( -39.97721736514306201, -18.65303777888382086, 1016.913962591252925 ) ) ;
#2737 = ORIENTED_EDGE ( 'NONE', *, *, #2570, .T. ) ;
#2738 = VERTEX_POINT ( 'NONE', #36 ) ;
#2739 = EDGE_CURVE ( 'NONE', #2338, #3615, #2417, .T. ) ;
#2740 = CARTESIAN_POINT ( 'NONE',  ( -42.97721736514308333, -7.232593278003813353, 1003.510549799801765 ) ) ;
#2741 = LINE ( 'NONE', #1258, #3157 ) ;
#2742 = CARTESIAN_POINT ( 'NONE',  ( 32.52847732750289111, -21.11880338007142299, 1016.913962591252925 ) ) ;
#2743 = LINE ( 'NONE', #101, #3310 ) ;
#2744 = EDGE_LOOP ( 'NONE', ( #2245, #3457, #1418, #667 ) ) ;
#2745 = ADVANCED_FACE ( 'NONE', ( #2601 ), #386, .F. ) ;
#2746 = CARTESIAN_POINT ( 'NONE',  ( 37.42847732750293233, 2.953591899778701624, 1009.739226088730788 ) ) ;
#2747 = PLANE ( 'NONE',  #2914 ) ;
#2748 = CIRCLE ( 'NONE', #2901, 1.065469383577623885 ) ;
#2749 = ORIENTED_EDGE ( 'NONE', *, *, #845, .T. ) ;
#2750 = VERTEX_POINT ( 'NONE', #1169 ) ;
#2751 = CIRCLE ( 'NONE', #3407, 1.939569763764970034 ) ;
#2752 = AXIS2_PLACEMENT_3D ( 'NONE', #4622, #3144, #1572 ) ;
#2753 = CARTESIAN_POINT ( 'NONE',  ( -33.97721736514307622, -7.232593278003813353, 1005.450119563566773 ) ) ;
#2754 = ORIENTED_EDGE ( 'NONE', *, *, #3618, .T. ) ;
#2755 = AXIS2_PLACEMENT_3D ( 'NONE', #452, #3607, #1259 ) ;
#2756 = AXIS2_PLACEMENT_3D ( 'NONE', #4384, #3269, #4846 ) ;
#2757 = FACE_OUTER_BOUND ( 'NONE', #3514, .T. ) ;
#2758 = LINE ( 'NONE', #3858, #1392 ) ;
#2759 = EDGE_CURVE ( 'NONE', #4212, #1324, #2220, .T. ) ;
#2760 = LINE ( 'NONE', #856, #1291 ) ;
#2761 = EDGE_CURVE ( 'NONE', #1269, #4042, #4148, .T. ) ;
#2762 = ORIENTED_EDGE ( 'NONE', *, *, #887, .F. ) ;
#2763 = VECTOR ( 'NONE', #2782, 1000.000000000000000 ) ;
#2764 = ORIENTED_EDGE ( 'NONE', *, *, #3926, .T. ) ;
#2765 = CIRCLE ( 'NONE', #4447, 4.500000000000003553 ) ;
#2766 = DIRECTION ( 'NONE',  ( -0.000000000000000000, -0.000000000000000000, -1.000000000000000000 ) ) ;
#2767 = CARTESIAN_POINT ( 'NONE',  ( -32.42590672252307371, 19.32163583045519317, 1009.913962591253039 ) ) ;
#2768 = DIRECTION ( 'NONE',  ( 0.000000000000000000, 0.000000000000000000, -1.000000000000000000 ) ) ;
#2769 = ADVANCED_FACE ( 'NONE', ( #3002 ), #4549, .F. ) ;
#2770 = CARTESIAN_POINT ( 'NONE',  ( 35.92847732750292522, -8.425109593120421181, 1016.713962591252880 ) ) ;
#2771 = VECTOR ( 'NONE', #3468, 1000.000000000000000 ) ;
#2772 = VECTOR ( 'NONE', #123, 1000.000000000000000 ) ;
#2773 = DIRECTION ( 'NONE',  ( 0.000000000000000000, 0.000000000000000000, 1.000000000000000000 ) ) ;
#2774 = DIRECTION ( 'NONE',  ( 0.000000000000000000, 1.000000000000000000, 0.000000000000000000 ) ) ;
#2775 = EDGE_CURVE ( 'NONE', #4414, #93, #3638, .T. ) ;
#2776 = EDGE_LOOP ( 'NONE', ( #3728, #3694, #1882, #4015 ) ) ;
#2777 = ORIENTED_EDGE ( 'NONE', *, *, #3668, .T. ) ;
#2778 = LINE ( 'NONE', #2450, #1381 ) ;
#2779 = EDGE_CURVE ( 'NONE', #2315, #3772, #358, .T. ) ;
#2780 = EDGE_LOOP ( 'NONE', ( #3892, #1206, #4331, #2729 ) ) ;
#2781 = DIRECTION ( 'NONE',  ( 0.000000000000000000, 2.102695122399332711E-14, 1.000000000000000000 ) ) ;
#2782 = DIRECTION ( 'NONE',  ( -0.000000000000000000, -1.000000000000000000, -0.000000000000000000 ) ) ;
#2783 = DIRECTION ( 'NONE',  ( 1.000000000000000000, -0.000000000000000000, -0.000000000000000000 ) ) ;
#2784 = ORIENTED_EDGE ( 'NONE', *, *, #3646, .F. ) ;
#2785 = ORIENTED_EDGE ( 'NONE', *, *, #1752, .F. ) ;
#2786 = EDGE_CURVE ( 'NONE', #2075, #2338, #843, .T. ) ;
#2787 = LINE ( 'NONE', #4672, #3433 ) ;
#2788 = PLANE ( 'NONE',  #2752 ) ;
#2789 = DIRECTION ( 'NONE',  ( 0.000000000000000000, 0.000000000000000000, -1.000000000000000000 ) ) ;
#2790 = LINE ( 'NONE', #862, #1223 ) ;
#2791 = VECTOR ( 'NONE', #187, 1000.000000000000000 ) ;
#2792 = CARTESIAN_POINT ( 'NONE',  ( 26.64700021722460477, -13.54443224168382187, 1001.913962591253039 ) ) ;
#2793 = CARTESIAN_POINT ( 'NONE',  ( 31.42847732750292522, -23.15303777888382086, 1014.913962591252925 ) ) ;
#2794 = ORIENTED_EDGE ( 'NONE', *, *, #2407, .T. ) ;
#2795 = ORIENTED_EDGE ( 'NONE', *, *, #209, .F. ) ;
#2796 = ADVANCED_FACE ( 'NONE', ( #476 ), #3956, .T. ) ;
#2797 = DIRECTION ( 'NONE',  ( 0.000000000000000000, -9.724964941096913828E-14, -1.000000000000000000 ) ) ;
#2798 = EDGE_LOOP ( 'NONE', ( #3556, #4203, #2316, #438 ) ) ;
#2799 = ADVANCED_FACE ( 'NONE', ( #3888 ), #3178, .T. ) ;
#2800 = FACE_OUTER_BOUND ( 'NONE', #666, .T. ) ;
#2801 = LINE ( 'NONE', #923, #3658 ) ;
#2802 = DIRECTION ( 'NONE',  ( -1.000000000000000000, 0.000000000000000000, 0.000000000000000000 ) ) ;
#2803 = ORIENTED_EDGE ( 'NONE', *, *, #1916, .T. ) ;
#2804 = VERTEX_POINT ( 'NONE', #2376 ) ;
#2805 = VECTOR ( 'NONE', #2963, 1000.000000000000000 ) ;
#2806 = DIRECTION ( 'NONE',  ( -0.000000000000000000, -0.000000000000000000, -1.000000000000000000 ) ) ;
#2807 = CARTESIAN_POINT ( 'NONE',  ( 13.32705365434141598, -22.15303777888381376, 1016.713962591252880 ) ) ;
#2808 = CARTESIAN_POINT ( 'NONE',  ( -36.97721736514306201, 19.32163583045519317, 1001.913962591253039 ) ) ;
#2809 = LINE ( 'NONE', #2435, #2330 ) ;
#2810 = DIRECTION ( 'NONE',  ( 1.000000000000000000, 0.000000000000000000, 0.000000000000000000 ) ) ;
#2811 = CARTESIAN_POINT ( 'NONE',  ( 35.62847732750292806, 11.87306331331018505, 1008.560119513240124 ) ) ;
#2812 = DIRECTION ( 'NONE',  ( 0.000000000000000000, 0.000000000000000000, -1.000000000000000000 ) ) ;
#2813 = DIRECTION ( 'NONE',  ( 1.000000000000000000, 0.000000000000000000, 0.000000000000000000 ) ) ;
#2814 = DIRECTION ( 'NONE',  ( 1.000000000000000000, 0.000000000000000000, 0.000000000000000000 ) ) ;
#2815 = CIRCLE ( 'NONE', #654, 0.3000000000000016542 ) ;
#2816 = ORIENTED_EDGE ( 'NONE', *, *, #878, .F. ) ;
#2817 = ADVANCED_FACE ( 'NONE', ( #3219 ), #1724, .T. ) ;
#2818 = ORIENTED_EDGE ( 'NONE', *, *, #2907, .F. ) ;
#2819 = CARTESIAN_POINT ( 'NONE',  ( 24.64700021722460122, -21.65303777888381731, 996.9139625912529254 ) ) ;
#2820 = ORIENTED_EDGE ( 'NONE', *, *, #70, .T. ) ;
#2821 = CARTESIAN_POINT ( 'NONE',  ( 32.99463058461726916, 12.31503181724920104, 1001.913962591253039 ) ) ;
#2822 = CARTESIAN_POINT ( 'NONE',  ( 35.92847732750292522, 7.077967428120428117, 1016.713962591252880 ) ) ;
#2823 = APPROVAL_STATUS ( 'not_yet_approved' ) ;
#2824 = ORIENTED_EDGE ( 'NONE', *, *, #2714, .T. ) ;
#2825 = ADVANCED_FACE ( 'NONE', ( #1192 ), #4359, .F. ) ;
#2826 = ORIENTED_EDGE ( 'NONE', *, *, #4538, .T. ) ;
#2827 = ORIENTED_EDGE ( 'NONE', *, *, #2212, .T. ) ;
#2828 = VECTOR ( 'NONE', #651, 1000.000000000000000 ) ;
#2829 = CARTESIAN_POINT ( 'NONE',  ( -33.92590926252307781, -19.65303777888381376, 1001.913962591253039 ) ) ;
#2830 = FACE_OUTER_BOUND ( 'NONE', #4424, .T. ) ;
#2831 = PLANE ( 'NONE',  #2756 ) ;
#2832 = CARTESIAN_POINT ( 'NONE',  ( -41.19464900133603180, -10.90936937654906558, 1016.713962591252880 ) ) ;
#2833 = FACE_OUTER_BOUND ( 'NONE', #4991, .T. ) ;
#2834 = EDGE_CURVE ( 'NONE', #5001, #4349, #4698, .T. ) ;
#2835 = AXIS2_PLACEMENT_3D ( 'NONE', #46, #1907, #1177 ) ;
#2836 = DESIGN_CONTEXT ( 'detailed design', #4626, 'design' ) ;
#2837 = AXIS2_PLACEMENT_3D ( 'NONE', #2395, #2726, #2773 ) ;
#2838 = CARTESIAN_POINT ( 'NONE',  ( 32.42847732750293233, -19.65303777888381731, 994.9139625912529254 ) ) ;
#2839 = CARTESIAN_POINT ( 'NONE',  ( 35.07158772934652546, 6.577967428120429894, 1014.913962591252925 ) ) ;
#2840 = FACE_OUTER_BOUND ( 'NONE', #2172, .T. ) ;
#2841 = AXIS2_PLACEMENT_3D ( 'NONE', #4412, #961, #2112 ) ;
#2842 = ORIENTED_EDGE ( 'NONE', *, *, #631, .T. ) ;
#2843 = AXIS2_PLACEMENT_3D ( 'NONE', #4004, #4383, #4054 ) ;
#2844 = VERTEX_POINT ( 'NONE', #1216 ) ;
#2845 = ADVANCED_FACE ( 'NONE', ( #3522 ), #3917, .F. ) ;
#2846 = CARTESIAN_POINT ( 'NONE',  ( 37.12847732750292806, 14.92306331331018754, 1005.510119513240056 ) ) ;
#2847 = ORIENTED_EDGE ( 'NONE', *, *, #4008, .T. ) ;
#2848 = ORIENTED_EDGE ( 'NONE', *, *, #4351, .T. ) ;
#2849 = EDGE_CURVE ( 'NONE', #3475, #2750, #597, .T. ) ;
#2850 = CARTESIAN_POINT ( 'NONE',  ( -28.34051892185214072, -14.54443224168383608, 996.9139625912529254 ) ) ;
#2851 = CARTESIAN_POINT ( 'NONE',  ( -39.97721736514306912, -18.65303777888382086, 1007.089689327331826 ) ) ;
#2852 = DIRECTION ( 'NONE',  ( 0.000000000000000000, 0.000000000000000000, 1.000000000000000000 ) ) ;
#2853 = EDGE_LOOP ( 'NONE', ( #3339, #3767, #2558, #2151 ) ) ;
#2854 = ORIENTED_EDGE ( 'NONE', *, *, #690, .F. ) ;
#2855 = ORIENTED_EDGE ( 'NONE', *, *, #3374, .F. ) ;
#2856 = EDGE_CURVE ( 'NONE', #1581, #4271, #4224, .T. ) ;
#2857 = FACE_OUTER_BOUND ( 'NONE', #309, .T. ) ;
#2858 = LINE ( 'NONE', #627, #3095 ) ;
#2859 = CARTESIAN_POINT ( 'NONE',  ( 32.22847732750289396, -13.54443224168382187, 996.9139625912529254 ) ) ;
#2860 = DIRECTION ( 'NONE',  ( -0.000000000000000000, -0.000000000000000000, 1.000000000000000000 ) ) ;
#2861 = CARTESIAN_POINT ( 'NONE',  ( 14.82705365434144618, 20.82163583045519673, 1016.713962591252880 ) ) ;
#2862 = AXIS2_PLACEMENT_3D ( 'NONE', #2279, #2954, #4866 ) ;
#2863 = EDGE_CURVE ( 'NONE', #3238, #3874, #1973, .T. ) ;
#2864 = DIRECTION ( 'NONE',  ( -0.000000000000000000, 0.000000000000000000, 1.000000000000000000 ) ) ;
#2865 = CARTESIAN_POINT ( 'NONE',  ( -35.02824403721998436, 9.339873066931186685, 996.9139625912529254 ) ) ;
#2866 = LINE ( 'NONE', #984, #3065 ) ;
#2867 = DIRECTION ( 'NONE',  ( -1.000000000000000000, 0.000000000000000000, 0.000000000000000000 ) ) ;
#2868 = ORIENTED_EDGE ( 'NONE', *, *, #3520, .T. ) ;
#2869 = ORIENTED_EDGE ( 'NONE', *, *, #1874, .T. ) ;
#2870 = LINE ( 'NONE', #4120, #1465 ) ;
#2871 = EDGE_LOOP ( 'NONE', ( #2025, #2676, #3967, #1142 ) ) ;
#2872 = ORIENTED_EDGE ( 'NONE', *, *, #2366, .F. ) ;
#2873 = VECTOR ( 'NONE', #4542, 1000.000000000000000 ) ;
#2874 = DIRECTION ( 'NONE',  ( -1.000000000000000000, 0.000000000000000000, -0.000000000000000000 ) ) ;
#2875 = CARTESIAN_POINT ( 'NONE',  ( -41.47721736514306201, -18.65303777888382086, 1014.913962591252925 ) ) ;
#2876 = DIRECTION ( 'NONE',  ( -1.000000000000000000, -0.000000000000000000, -0.000000000000000000 ) ) ;
#2877 = ORIENTED_EDGE ( 'NONE', *, *, #3646, .T. ) ;
#2878 = VERTEX_POINT ( 'NONE', #1992 ) ;
#2879 = ADVANCED_FACE ( 'NONE', ( #149 ), #3130, .T. ) ;
#2880 = EDGE_CURVE ( 'NONE', #4042, #1298, #4722, .T. ) ;
#2881 = ORIENTED_EDGE ( 'NONE', *, *, #1977, .F. ) ;
#2882 = DIRECTION ( 'NONE',  ( -0.000000000000000000, -0.000000000000000000, -1.000000000000000000 ) ) ;
#2883 = CARTESIAN_POINT ( 'NONE',  ( 37.42847732750293233, 5.433063313312188392, 1008.860119513240079 ) ) ;
#2884 = DIRECTION ( 'NONE',  ( 0.000000000000000000, 0.000000000000000000, -1.000000000000000000 ) ) ;
#2885 = CARTESIAN_POINT ( 'NONE',  ( -21.62579369198158474, -23.15303777888382086, 1016.713962591252880 ) ) ;
#2886 = CARTESIAN_POINT ( 'NONE',  ( -38.01129706319400015, -14.54443224168382187, 1001.913962591253039 ) ) ;
#2887 = DIRECTION ( 'NONE',  ( 0.000000000000000000, 0.000000000000000000, 1.000000000000000000 ) ) ;
#2888 = CARTESIAN_POINT ( 'NONE',  ( 26.64700021722460477, 9.315031817249179724, 1001.913962591253039 ) ) ;
#2889 = DIRECTION ( 'NONE',  ( 0.000000000000000000, -1.000000000000000000, 0.000000000000000000 ) ) ;
#2890 = ORIENTED_EDGE ( 'NONE', *, *, #962, .F. ) ;
#2891 = EDGE_CURVE ( 'NONE', #625, #1195, #1240, .T. ) ;
#2892 = ORIENTED_EDGE ( 'NONE', *, *, #1662, .F. ) ;
#2893 = CIRCLE ( 'NONE', #1545, 3.249244658438010802 ) ;
#2894 = AXIS2_PLACEMENT_3D ( 'NONE', #1958, #1984, #418 ) ;
#2895 = LINE ( 'NONE', #1389, #14 ) ;
#2896 = ORIENTED_EDGE ( 'NONE', *, *, #160, .F. ) ;
#2897 = ORIENTED_EDGE ( 'NONE', *, *, #3612, .F. ) ;
#2898 = CARTESIAN_POINT ( 'NONE',  ( -41.47721736514306201, 8.077967428120441440, 1016.713962591252880 ) ) ;
#2899 = CARTESIAN_POINT ( 'NONE',  ( 32.42847732750293233, -1.622572957961810891, 1006.950127645755060 ) ) ;
#2900 = VECTOR ( 'NONE', #403, 1000.000000000000000 ) ;
#2901 = AXIS2_PLACEMENT_3D ( 'NONE', #4199, #3060, #411 ) ;
#2902 = PERSON_AND_ORGANIZATION ( #512, #561 ) ;
#2903 = ORIENTED_EDGE ( 'NONE', *, *, #2116, .T. ) ;
#2904 = VERTEX_POINT ( 'NONE', #2792 ) ;
#2905 = ORIENTED_EDGE ( 'NONE', *, *, #3159, .F. ) ;
#2906 = VECTOR ( 'NONE', #4907, 1000.000000000000000 ) ;
#2907 = EDGE_CURVE ( 'NONE', #4070, #4443, #3010, .T. ) ;
#2908 = DIRECTION ( 'NONE',  ( 0.000000000000000000, 0.000000000000000000, -1.000000000000000000 ) ) ;
#2909 = DIRECTION ( 'NONE',  ( -0.000000000000000000, -0.000000000000000000, 1.000000000000000000 ) ) ;
#2910 = DIRECTION ( 'NONE',  ( 1.000000000000000000, -0.000000000000000000, -0.000000000000000000 ) ) ;
#2911 = CARTESIAN_POINT ( 'NONE',  ( -35.01129706319397172, -11.54443224168380411, 1001.913962591253039 ) ) ;
#2912 = CIRCLE ( 'NONE', #2020, 2.999999999999999112 ) ;
#2913 = VECTOR ( 'NONE', #3630, 1000.000000000000000 ) ;
#2914 = AXIS2_PLACEMENT_3D ( 'NONE', #2414, #3179, #2348 ) ;
#2915 = VECTOR ( 'NONE', #2988, 1000.000000000000000 ) ;
#2916 = PLANE ( 'NONE',  #4708 ) ;
#2917 = LINE ( 'NONE', #1013, #4620 ) ;
#2918 = CARTESIAN_POINT ( 'NONE',  ( -35.02824403721998436, 9.339873066931186685, 1001.913962591253039 ) ) ;
#2919 = CARTESIAN_POINT ( 'NONE',  ( -21.62579369198157053, 20.82163583045519673, 1016.713962591252880 ) ) ;
#2920 = ORIENTED_EDGE ( 'NONE', *, *, #3181, .T. ) ;
#2921 = EDGE_LOOP ( 'NONE', ( #3682, #4517, #2397, #2969 ) ) ;
#2922 = VECTOR ( 'NONE', #1428, 1000.000000000000000 ) ;
#2923 = AXIS2_PLACEMENT_3D ( 'NONE', #4906, #1863, #3409 ) ;
#2924 = EDGE_CURVE ( 'NONE', #1370, #1195, #763, .T. ) ;
#2925 = DIRECTION ( 'NONE',  ( -0.000000000000000000, -0.000000000000000000, -1.000000000000000000 ) ) ;
#2926 = ORIENTED_EDGE ( 'NONE', *, *, #3121, .F. ) ;
#2927 = CIRCLE ( 'NONE', #3582, 3.249244658438010802 ) ;
#2928 = ORIENTED_EDGE ( 'NONE', *, *, #852, .T. ) ;
#2929 = EDGE_LOOP ( 'NONE', ( #3371, #410, #2599, #3431 ) ) ;
#2930 = AXIS2_PLACEMENT_3D ( 'NONE', #1784, #2882, #3318 ) ;
#2931 = EDGE_CURVE ( 'NONE', #4759, #1808, #1243, .T. ) ;
#2932 = CARTESIAN_POINT ( 'NONE',  ( -33.07215846222758415, -14.31558395544890772, 1001.913962591253039 ) ) ;
#2933 = CARTESIAN_POINT ( 'NONE',  ( -33.92590926252307781, 16.58075571869518683, 1009.913962591253039 ) ) ;
#2934 = COORDINATED_UNIVERSAL_TIME_OFFSET ( 8, 0, .AHEAD. ) ;
#2935 = ORIENTED_EDGE ( 'NONE', *, *, #372, .F. ) ;
#2936 = EDGE_LOOP ( 'NONE', ( #4296, #3334, #3644, #191 ) ) ;
#2937 = EDGE_LOOP ( 'NONE', ( #1513, #1242, #4052, #1847 ) ) ;
#2938 = CARTESIAN_POINT ( 'NONE',  ( 35.62847732750292806, -1.622572957961810891, 1006.950127645755060 ) ) ;
#2939 = CARTESIAN_POINT ( 'NONE',  ( 30.63968712130354533, -18.39474720230881033, 1001.913962591253039 ) ) ;
#2940 = DIRECTION ( 'NONE',  ( 1.000000000000000000, 0.000000000000000000, 0.000000000000000000 ) ) ;
#2941 = FACE_OUTER_BOUND ( 'NONE', #1768, .T. ) ;
#2942 = CARTESIAN_POINT ( 'NONE',  ( 35.92847732750292522, -18.65303777888382086, 1016.913962591252925 ) ) ;
#2943 = CARTESIAN_POINT ( 'NONE',  ( 35.92847732750293943, 8.077967428120429005, 1016.713962591252880 ) ) ;
#2944 = FACE_BOUND ( 'NONE', #2654, .T. ) ;
#2945 = DIRECTION ( 'NONE',  ( 1.000000000000000000, 0.000000000000000000, 0.000000000000000000 ) ) ;
#2946 = ORIENTED_EDGE ( 'NONE', *, *, #3599, .F. ) ;
#2947 = EDGE_LOOP ( 'NONE', ( #405, #239, #913, #3995, #1318, #281 ) ) ;
#2948 = EDGE_CURVE ( 'NONE', #1955, #1908, #223, .T. ) ;
#2949 = CARTESIAN_POINT ( 'NONE',  ( 33.50198094651886294, 18.48971856456102358, 1001.913962591253039 ) ) ;
#2950 = ORIENTED_EDGE ( 'NONE', *, *, #760, .T. ) ;
#2951 = VERTEX_POINT ( 'NONE', #1414 ) ;
#2952 = CIRCLE ( 'NONE', #626, 2.000000000000001776 ) ;
#2953 = FACE_OUTER_BOUND ( 'NONE', #948, .T. ) ;
#2954 = DIRECTION ( 'NONE',  ( 0.000000000000000000, -1.000000000000000000, 0.000000000000000000 ) ) ;
#2955 = LINE ( 'NONE', #2635, #2922 ) ;
#2956 = PERSON_AND_ORGANIZATION ( #512, #561 ) ;
#2957 = ORIENTED_EDGE ( 'NONE', *, *, #3009, .F. ) ;
#2958 = ORIENTED_EDGE ( 'NONE', *, *, #4849, .T. ) ;
#2959 = VERTEX_POINT ( 'NONE', #2159 ) ;
#2960 = EDGE_CURVE ( 'NONE', #1395, #3749, #4803, .T. ) ;
#2961 = DIRECTION ( 'NONE',  ( 0.000000000000000000, 0.000000000000000000, 1.000000000000000000 ) ) ;
#2962 = CARTESIAN_POINT ( 'NONE',  ( -26.32357194782614940, 17.32163583045519317, 1001.913962591253039 ) ) ;
#2963 = DIRECTION ( 'NONE',  ( -0.000000000000000000, 1.000000000000000000, -0.000000000000000000 ) ) ;
#2964 = LINE ( 'NONE', #4111, #3492 ) ;
#2965 = CARTESIAN_POINT ( 'NONE',  ( -33.07215846222758415, -11.54443224168380588, 1001.913962591253039 ) ) ;
#2966 = FACE_OUTER_BOUND ( 'NONE', #3265, .T. ) ;
#2967 = LINE ( 'NONE', #4515, #245 ) ;
#2968 = CARTESIAN_POINT ( 'NONE',  ( 13.82705365434144440, 20.82163583045518962, 1014.913962591252925 ) ) ;
#2969 = ORIENTED_EDGE ( 'NONE', *, *, #2594, .F. ) ;
#2970 = EDGE_LOOP ( 'NONE', ( #2003, #877, #3182, #4680 ) ) ;
#2971 = VECTOR ( 'NONE', #3837, 1000.000000000000000 ) ;
#2972 = LOCAL_TIME ( 17, 49, 56.00000000000000000, #315 ) ;
#2973 = CARTESIAN_POINT ( 'NONE',  ( 29.57421773772592033, -12.21471164223880734, 1001.913962591253039 ) ) ;
#2974 = ORIENTED_EDGE ( 'NONE', *, *, #1652, .T. ) ;
#2975 = EDGE_CURVE ( 'NONE', #4074, #383, #4062, .T. ) ;
#2976 = EDGE_CURVE ( 'NONE', #1833, #1996, #4546, .T. ) ;
#2977 = VERTEX_POINT ( 'NONE', #2942 ) ;
#2978 = ORIENTED_EDGE ( 'NONE', *, *, #4760, .F. ) ;
#2979 = DIRECTION ( 'NONE',  ( 0.000000000000000000, 0.000000000000000000, 1.000000000000000000 ) ) ;
#2980 = DIRECTION ( 'NONE',  ( 0.000000000000000000, 0.000000000000000000, -1.000000000000000000 ) ) ;
#2981 = DIRECTION ( 'NONE',  ( 1.000000000000000000, -0.000000000000000000, 0.000000000000000000 ) ) ;
#2982 = VERTEX_POINT ( 'NONE', #605 ) ;
#2983 = VECTOR ( 'NONE', #2270, 1000.000000000000000 ) ;
#2984 = VERTEX_POINT ( 'NONE', #2545 ) ;
#2985 = EDGE_LOOP ( 'NONE', ( #2820, #4013, #538, #1855 ) ) ;
#2986 = AXIS2_PLACEMENT_3D ( 'NONE', #3751, #4919, #568 ) ;
#2987 = ADVANCED_FACE ( 'NONE', ( #2571 ), #2916, .F. ) ;
#2988 = DIRECTION ( 'NONE',  ( 1.000000000000000000, -0.000000000000000000, -0.000000000000000000 ) ) ;
#2989 = DIRECTION ( 'NONE',  ( -1.000000000000000000, 0.000000000000000000, 0.000000000000000000 ) ) ;
#2990 = CARTESIAN_POINT ( 'NONE',  ( -18.12579369198158119, -23.15303777888382086, 1016.713962591252880 ) ) ;
#2991 = CARTESIAN_POINT ( 'NONE',  ( -41.19464900133603180, 8.577967428120441440, 1016.713962591252880 ) ) ;
#2992 = AXIS2_PLACEMENT_3D ( 'NONE', #2770, #4288, #3913 ) ;
#2993 = TOROIDAL_SURFACE ( 'NONE', #4527, 3.936159195338581274, 0.2999999999999999889 ) ;
#2994 = EDGE_CURVE ( 'NONE', #3930, #1908, #2529, .T. ) ;
#2995 = LINE ( 'NONE', #3841, #3745 ) ;
#2996 = DIRECTION ( 'NONE',  ( -1.000000000000000000, 0.000000000000000000, 0.000000000000000000 ) ) ;
#2997 = DIRECTION ( 'NONE',  ( 1.000000000000000000, 0.000000000000000000, 0.000000000000000000 ) ) ;
#2998 = DIRECTION ( 'NONE',  ( -1.000000000000000000, 0.000000000000000000, 0.000000000000000000 ) ) ;
#2999 = ORIENTED_EDGE ( 'NONE', *, *, #1668, .T. ) ;
#3000 = CIRCLE ( 'NONE', #3415, 1.939569763764970034 ) ;
#3001 = VECTOR ( 'NONE', #3448, 1000.000000000000000 ) ;
#3002 = FACE_OUTER_BOUND ( 'NONE', #2356, .T. ) ;
#3003 = EDGE_LOOP ( 'NONE', ( #2580, #2505, #3617, #4794 ) ) ;
#3004 = AXIS2_PLACEMENT_3D ( 'NONE', #396, #1181, #72 ) ;
#3005 = CIRCLE ( 'NONE', #842, 4.999999999999997335 ) ;
#3006 = ORIENTED_EDGE ( 'NONE', *, *, #268, .T. ) ;
#3007 = VECTOR ( 'NONE', #1460, 1000.000000000000000 ) ;
#3008 = EDGE_LOOP ( 'NONE', ( #4180, #3109, #4494, #4915 ) ) ;
#3009 = EDGE_CURVE ( 'NONE', #3749, #4834, #270, .T. ) ;
#3010 = CIRCLE ( 'NONE', #3425, 3.349999999999964118 ) ;
#3011 = DIRECTION ( 'NONE',  ( 1.000000000000000000, -0.000000000000000000, -0.000000000000000000 ) ) ;
#3012 = DIRECTION ( 'NONE',  ( 1.000000000000000000, 0.000000000000000000, 0.000000000000000000 ) ) ;
#3013 = CARTESIAN_POINT ( 'NONE',  ( 35.62847732750292806, -1.167094277858411688, 1006.650127645755106 ) ) ;
#3014 = ORIENTED_EDGE ( 'NONE', *, *, #975, .T. ) ;
#3015 = CIRCLE ( 'NONE', #1246, 0.5743212343493758754 ) ;
#3016 = AXIS2_PLACEMENT_3D ( 'NONE', #608, #203, #3222 ) ;
#3017 = ORIENTED_EDGE ( 'NONE', *, *, #26, .F. ) ;
#3018 = VECTOR ( 'NONE', #77, 1000.000000000000000 ) ;
#3019 = EDGE_LOOP ( 'NONE', ( #703, #4365, #2254, #3132, #4810, #891, #1312, #1932, #3212, #965, #64, #155 ) ) ;
#3020 = EDGE_CURVE ( 'NONE', #4892, #759, #3170, .T. ) ;
#3021 = EDGE_CURVE ( 'NONE', #284, #4759, #4387, .T. ) ;
#3022 = DIRECTION ( 'NONE',  ( -0.000000000000000000, -0.000000000000000000, -1.000000000000000000 ) ) ;
#3023 = DIRECTION ( 'NONE',  ( -0.000000000000000000, -0.000000000000000000, -1.000000000000000000 ) ) ;
#3024 = FACE_OUTER_BOUND ( 'NONE', #2087, .T. ) ;
#3025 = LINE ( 'NONE', #2643, #3886 ) ;
#3026 = VECTOR ( 'NONE', #1564, 1000.000000000000000 ) ;
#3027 = CARTESIAN_POINT ( 'NONE',  ( -42.97721736514308333, -19.65303777888381731, 994.9139625912529254 ) ) ;
#3028 = FACE_OUTER_BOUND ( 'NONE', #3942, .T. ) ;
#3029 = CARTESIAN_POINT ( 'NONE',  ( 32.42847732750293233, 11.87306331331018860, 1007.260119513240056 ) ) ;
#3030 = LINE ( 'NONE', #4909, #1494 ) ;
#3031 = VERTEX_POINT ( 'NONE', #4621 ) ;
#3032 = EDGE_CURVE ( 'NONE', #647, #694, #2319, .T. ) ;
#3033 = DIRECTION ( 'NONE',  ( -0.000000000000000000, -0.000000000000000000, -1.000000000000000000 ) ) ;
#3034 = LINE ( 'NONE', #3819, #3894 ) ;
#3035 = ORIENTED_EDGE ( 'NONE', *, *, #2658, .T. ) ;
#3036 = VERTEX_POINT ( 'NONE', #3763 ) ;
#3037 = CIRCLE ( 'NONE', #2555, 3.349999999999964118 ) ;
#3038 = DIRECTION ( 'NONE',  ( -0.000000000000000000, -0.000000000000000000, -1.000000000000000000 ) ) ;
#3039 = PLANE ( 'NONE',  #4169 ) ;
#3040 = CARTESIAN_POINT ( 'NONE',  ( -36.97721736514306201, 20.82163583045519673, 1014.913962591252925 ) ) ;
#3041 = ORIENTED_EDGE ( 'NONE', *, *, #409, .T. ) ;
#3042 = ORIENTED_EDGE ( 'NONE', *, *, #528, .F. ) ;
#3043 = DIRECTION ( 'NONE',  ( -0.000000000000000000, -1.000000000000000000, -0.000000000000000000 ) ) ;
#3044 = CARTESIAN_POINT ( 'NONE',  ( -42.97721736514308333, -14.23259327800181495, 1005.450119563566773 ) ) ;
#3045 = CARTESIAN_POINT ( 'NONE',  ( 31.42847732750292522, 16.32163583045519673, 1014.913962591252925 ) ) ;
#3046 = CARTESIAN_POINT ( 'NONE',  ( 30.01021976972992178, -19.65303777888381376, 1003.413962591253039 ) ) ;
#3047 = CARTESIAN_POINT ( 'NONE',  ( 12.57705365434141598, -23.15303777888381731, 1014.913962591252925 ) ) ;
#3048 = CARTESIAN_POINT ( 'NONE',  ( 35.62847732750292806, 11.87306331331018860, 1005.510119513240056 ) ) ;
#3049 = VECTOR ( 'NONE', #4720, 1000.000000000000000 ) ;
#3050 = CARTESIAN_POINT ( 'NONE',  ( 35.62847732750292806, 5.433063313312188392, 1005.510119513240056 ) ) ;
#3051 = EDGE_CURVE ( 'NONE', #511, #1777, #4460, .T. ) ;
#3052 = DIRECTION ( 'NONE',  ( -0.000000000000000000, -0.000000000000000000, 1.000000000000000000 ) ) ;
#3053 = EDGE_LOOP ( 'NONE', ( #4600, #775, #4552, #1854 ) ) ;
#3054 = CARTESIAN_POINT ( 'NONE',  ( -31.34051892185216204, -11.54443224168380766, 1001.913962591253039 ) ) ;
#3055 = ORIENTED_EDGE ( 'NONE', *, *, #1457, .T. ) ;
#3056 = CC_DESIGN_PERSON_AND_ORGANIZATION_ASSIGNMENT ( #2902, #236, ( #1153 ) ) ;
#3057 = ADVANCED_FACE ( 'NONE', ( #3787 ), #325, .F. ) ;
#3058 = ORIENTED_EDGE ( 'NONE', *, *, #103, .T. ) ;
#3059 = ORIENTED_EDGE ( 'NONE', *, *, #4444, .T. ) ;
#3060 = DIRECTION ( 'NONE',  ( 0.000000000000000000, 0.000000000000000000, 1.000000000000000000 ) ) ;
#3061 = CARTESIAN_POINT ( 'NONE',  ( 29.07081667092392507, 19.32163583045519317, 1009.913962591253039 ) ) ;
#3062 = FACE_OUTER_BOUND ( 'NONE', #4000, .T. ) ;
#3063 = ORIENTED_EDGE ( 'NONE', *, *, #2714, .F. ) ;
#3064 = ORIENTED_EDGE ( 'NONE', *, *, #3125, .F. ) ;
#3065 = VECTOR ( 'NONE', #1064, 1000.000000000000000 ) ;
#3066 = LINE ( 'NONE', #4134, #3007 ) ;
#3067 = CARTESIAN_POINT ( 'NONE',  ( 14.82705365434144618, 20.82163583045518962, 1014.913962591252925 ) ) ;
#3068 = AXIS2_PLACEMENT_3D ( 'NONE', #4599, #3846, #3471 ) ;
#3069 = PLANE ( 'NONE',  #2214 ) ;
#3070 = ORIENTED_EDGE ( 'NONE', *, *, #3267, .T. ) ;
#3071 = ORIENTED_EDGE ( 'NONE', *, *, #2016, .T. ) ;
#3072 = EDGE_CURVE ( 'NONE', #876, #414, #2995, .T. ) ;
#3073 = LINE ( 'NONE', #4540, #4879 ) ;
#3074 = FACE_BOUND ( 'NONE', #702, .T. ) ;
#3075 = CARTESIAN_POINT ( 'NONE',  ( 27.57081413091842137, 16.56833509385418779, 1001.913962591253039 ) ) ;
#3076 = DIRECTION ( 'NONE',  ( 0.000000000000000000, 0.000000000000000000, -1.000000000000000000 ) ) ;
#3077 = AXIS2_PLACEMENT_3D ( 'NONE', #933, #630, #2544 ) ;
#3078 = ORIENTED_EDGE ( 'NONE', *, *, #1197, .T. ) ;
#3079 = AXIS2_PLACEMENT_3D ( 'NONE', #285, #3241, #3266 ) ;
#3080 = CIRCLE ( 'NONE', #1862, 1.065469383577623885 ) ;
#3081 = DIRECTION ( 'NONE',  ( -1.000000000000000000, 0.000000000000000000, 0.000000000000000000 ) ) ;
#3082 = ORIENTED_EDGE ( 'NONE', *, *, #4147, .T. ) ;
#3083 = ORIENTED_EDGE ( 'NONE', *, *, #2563, .F. ) ;
#3084 = VERTEX_POINT ( 'NONE', #300 ) ;
#3085 = AXIS2_PLACEMENT_3D ( 'NONE', #344, #294, #322 ) ;
#3086 = EDGE_CURVE ( 'NONE', #4195, #3357, #1895, .T. ) ;
#3087 = CARTESIAN_POINT ( 'NONE',  ( 37.12847732750292806, 2.734954183441571818, 1009.530508990493786 ) ) ;
#3088 = DIRECTION ( 'NONE',  ( -0.000000000000000000, -0.000000000000000000, -1.000000000000000000 ) ) ;
#3089 = DIRECTION ( 'NONE',  ( -0.000000000000000000, -1.000000000000000000, -0.000000000000000000 ) ) ;
#3090 = ORIENTED_EDGE ( 'NONE', *, *, #3474, .F. ) ;
#3091 = EDGE_CURVE ( 'NONE', #511, #4759, #2215, .T. ) ;
#3092 = CYLINDRICAL_SURFACE ( 'NONE', #110, 3.049999999999997158 ) ;
#3093 = DIRECTION ( 'NONE',  ( 0.000000000000000000, -1.000000000000000000, -0.000000000000000000 ) ) ;
#3094 = DIRECTION ( 'NONE',  ( 0.000000000000000000, 0.000000000000000000, -1.000000000000000000 ) ) ;
#3095 = VECTOR ( 'NONE', #4404, 1000.000000000000000 ) ;
#3096 = VERTEX_POINT ( 'NONE', #2260 ) ;
#3097 = ORIENTED_EDGE ( 'NONE', *, *, #1012, .F. ) ;
#3098 = AXIS2_PLACEMENT_3D ( 'NONE', #447, #1272, #2802 ) ;
#3099 = CARTESIAN_POINT ( 'NONE',  ( 32.99463058461726916, 12.31503181724920104, 996.9139625912529254 ) ) ;
#3100 = CARTESIAN_POINT ( 'NONE',  ( 35.07158772934652546, 6.577967428120430782, 1016.713962591252880 ) ) ;
#3101 = CARTESIAN_POINT ( 'NONE',  ( -18.87579369198156698, 19.82163583045519317, 1014.913962591252925 ) ) ;
#3102 = CARTESIAN_POINT ( 'NONE',  ( 30.63968712130354533, -12.21471164223880734, 1001.913962591253039 ) ) ;
#3103 = VERTEX_POINT ( 'NONE', #2645 ) ;
#3104 = CYLINDRICAL_SURFACE ( 'NONE', #166, 1.250000000000001110 ) ;
#3105 = DIRECTION ( 'NONE',  ( -0.000000000000000000, -0.000000000000000000, -1.000000000000000000 ) ) ;
#3106 = EDGE_CURVE ( 'NONE', #4734, #4145, #1645, .T. ) ;
#3107 = EDGE_LOOP ( 'NONE', ( #3600, #3338, #2323, #66, #1629, #2928, #3041, #3299 ) ) ;
#3108 = ADVANCED_FACE ( 'NONE', ( #4931 ), #3353, .F. ) ;
#3109 = ORIENTED_EDGE ( 'NONE', *, *, #1086, .F. ) ;
#3110 = DIRECTION ( 'NONE',  ( 1.000000000000000000, 0.000000000000000000, 0.000000000000000000 ) ) ;
#3111 = CARTESIAN_POINT ( 'NONE',  ( 28.50874835414829889, -12.21471164223880734, 1001.913962591253039 ) ) ;
#3112 = DIRECTION ( 'NONE',  ( -1.000000000000000000, 0.000000000000000000, 0.000000000000000000 ) ) ;
#3113 = ORIENTED_EDGE ( 'NONE', *, *, #3441, .F. ) ;
#3114 = EDGE_CURVE ( 'NONE', #1731, #3166, #3073, .T. ) ;
#3115 = VECTOR ( 'NONE', #1270, 1000.000000000000000 ) ;
#3116 = DIRECTION ( 'NONE',  ( -0.000000000000000000, -0.000000000000000000, -1.000000000000000000 ) ) ;
#3117 = LINE ( 'NONE', #1912, #4877 ) ;
#3118 = VECTOR ( 'NONE', #4011, 1000.000000000000000 ) ;
#3119 = CARTESIAN_POINT ( 'NONE',  ( 29.99463058461724785, 9.315031817249181501, 996.9139625912529254 ) ) ;
#3120 = VERTEX_POINT ( 'NONE', #2595 ) ;
#3121 = EDGE_CURVE ( 'NONE', #846, #974, #2699, .T. ) ;
#3122 = ORIENTED_EDGE ( 'NONE', *, *, #409, .F. ) ;
#3123 = LINE ( 'NONE', #1656, #3906 ) ;
#3124 = LINE ( 'NONE', #3100, #4623 ) ;
#3125 = EDGE_CURVE ( 'NONE', #4149, #3237, #4241, .T. ) ;
#3126 = FACE_OUTER_BOUND ( 'NONE', #1558, .T. ) ;
#3127 = FACE_OUTER_BOUND ( 'NONE', #2495, .T. ) ;
#3128 = ORIENTED_EDGE ( 'NONE', *, *, #3572, .T. ) ;
#3129 = AXIS2_PLACEMENT_3D ( 'NONE', #3050, #4933, #4595 ) ;
#3130 = PLANE ( 'NONE',  #4464 ) ;
#3131 = CYLINDRICAL_SURFACE ( 'NONE', #3969, 1.250000000000001110 ) ;
#3132 = ORIENTED_EDGE ( 'NONE', *, *, #340, .T. ) ;
#3133 = VERTEX_POINT ( 'NONE', #1438 ) ;
#3134 = CARTESIAN_POINT ( 'NONE',  ( 35.07158772934652546, 6.577967428120429894, 1016.713962591252880 ) ) ;
#3135 = VERTEX_POINT ( 'NONE', #4163 ) ;
#3136 = DIRECTION ( 'NONE',  ( -0.000000000000000000, -0.000000000000000000, -1.000000000000000000 ) ) ;
#3137 = LINE ( 'NONE', #829, #841 ) ;
#3138 = DIRECTION ( 'NONE',  ( 0.000000000000000000, 0.000000000000000000, -1.000000000000000000 ) ) ;
#3139 = ORIENTED_EDGE ( 'NONE', *, *, #521, .T. ) ;
#3140 = ORIENTED_EDGE ( 'NONE', *, *, #1632, .T. ) ;
#3141 = APPROVAL ( #2823, '未' ) ;
#3142 = EDGE_CURVE ( 'NONE', #2400, #4811, #4567, .T. ) ;
#3143 = CARTESIAN_POINT ( 'NONE',  ( 32.42847732750293233, 22.32163583045519317, 1016.913962591252925 ) ) ;
#3144 = DIRECTION ( 'NONE',  ( 1.000000000000000000, 1.156482317317869161E-15, -0.000000000000000000 ) ) ;
#3145 = DIRECTION ( 'NONE',  ( 1.000000000000000000, -0.000000000000000000, -0.000000000000000000 ) ) ;
#3146 = FACE_OUTER_BOUND ( 'NONE', #2586, .T. ) ;
#3147 = AXIS2_PLACEMENT_3D ( 'NONE', #1338, #966, #2497 ) ;
#3148 = EDGE_CURVE ( 'NONE', #1000, #3238, #379, .T. ) ;
#3149 = DIRECTION ( 'NONE',  ( -1.000000000000000000, -0.000000000000000000, -0.000000000000000000 ) ) ;
#3150 = DIRECTION ( 'NONE',  ( 1.000000000000000000, -0.000000000000000000, -0.000000000000000000 ) ) ;
#3151 = VECTOR ( 'NONE', #335, 1000.000000000000000 ) ;
#3152 = ORIENTED_EDGE ( 'NONE', *, *, #268, .F. ) ;
#3153 = VERTEX_POINT ( 'NONE', #732 ) ;
#3154 = VECTOR ( 'NONE', #59, 1000.000000000000000 ) ;
#3155 = DIRECTION ( 'NONE',  ( 0.000000000000000000, 0.000000000000000000, -1.000000000000000000 ) ) ;
#3156 = VECTOR ( 'NONE', #4162, 1000.000000000000000 ) ;
#3157 = VECTOR ( 'NONE', #4286, 1000.000000000000000 ) ;
#3158 = VERTEX_POINT ( 'NONE', #2965 ) ;
#3159 = EDGE_CURVE ( 'NONE', #4311, #3084, #1570, .T. ) ;
#3160 = VECTOR ( 'NONE', #1562, 1000.000000000000000 ) ;
#3161 = CARTESIAN_POINT ( 'NONE',  ( 37.12847732750292806, 5.433063313312188392, 1012.796278708578711 ) ) ;
#3162 = CARTESIAN_POINT ( 'NONE',  ( 37.42847732750293233, -19.65303777888381731, 1016.913962591252925 ) ) ;
#3163 = FACE_OUTER_BOUND ( 'NONE', #8, .T. ) ;
#3164 = ORIENTED_EDGE ( 'NONE', *, *, #3986, .T. ) ;
#3165 = CIRCLE ( 'NONE', #2193, 3.049999999999997158 ) ;
#3166 = VERTEX_POINT ( 'NONE', #1518 ) ;
#3167 = EDGE_CURVE ( 'NONE', #4450, #3257, #3507, .T. ) ;
#3168 = EDGE_CURVE ( 'NONE', #3449, #3695, #1134, .T. ) ;
#3169 = AXIS2_PLACEMENT_3D ( 'NONE', #4975, #4607, #2814 ) ;
#3170 = CIRCLE ( 'NONE', #2608, 0.5743212343493758754 ) ;
#3171 = CARTESIAN_POINT ( 'NONE',  ( 30.63968712130354533, -18.39474720230881033, 996.9139625912529254 ) ) ;
#3172 = DIRECTION ( 'NONE',  ( -0.000000000000000000, -0.000000000000000000, -1.000000000000000000 ) ) ;
#3173 = CARTESIAN_POINT ( 'NONE',  ( 35.92847732750292522, 16.32163583045519673, 1014.913962591252925 ) ) ;
#3174 = DIRECTION ( 'NONE',  ( -1.000000000000000000, -0.000000000000000000, -0.000000000000000000 ) ) ;
#3175 = EDGE_CURVE ( 'NONE', #2738, #4212, #2296, .T. ) ;
#3176 = CIRCLE ( 'NONE', #1005, 0.7500012700010008082 ) ;
#3177 = AXIS2_PLACEMENT_3D ( 'NONE', #1407, #3214, #1759 ) ;
#3178 = PLANE ( 'NONE',  #742 ) ;
#3179 = DIRECTION ( 'NONE',  ( 0.000000000000000000, 0.000000000000000000, -1.000000000000000000 ) ) ;
#3180 = ORIENTED_EDGE ( 'NONE', *, *, #773, .F. ) ;
#3181 = EDGE_CURVE ( 'NONE', #753, #1105, #3515, .T. ) ;
#3182 = ORIENTED_EDGE ( 'NONE', *, *, #2407, .F. ) ;
#3183 = DIRECTION ( 'NONE',  ( 0.000000000000000000, 0.000000000000000000, 1.000000000000000000 ) ) ;
#3184 = ORIENTED_EDGE ( 'NONE', *, *, #662, .F. ) ;
#3185 = DIRECTION ( 'NONE',  ( -0.000000000000000000, -0.000000000000000000, -1.000000000000000000 ) ) ;
#3186 = DIRECTION ( 'NONE',  ( 1.000000000000000000, 0.000000000000000000, 0.000000000000000000 ) ) ;
#3187 = CARTESIAN_POINT ( 'NONE',  ( -42.97721736514308333, -7.232593278003813353, 1003.510549799801765 ) ) ;
#3188 = ORIENTED_EDGE ( 'NONE', *, *, #4342, .F. ) ;
#3189 = ORIENTED_EDGE ( 'NONE', *, *, #1577, .F. ) ;
#3190 = CARTESIAN_POINT ( 'NONE',  ( -32.42590672252306661, -21.65303777888381731, 1001.913962591253039 ) ) ;
#3191 = AXIS2_PLACEMENT_3D ( 'NONE', #3199, #151, #3504 ) ;
#3192 = EDGE_CURVE ( 'NONE', #3238, #4807, #195, .T. ) ;
#3193 = DIRECTION ( 'NONE',  ( -1.000000000000000000, 0.000000000000000000, 0.000000000000000000 ) ) ;
#3194 = CARTESIAN_POINT ( 'NONE',  ( 23.64700021722458345, 12.31503181724919926, 1001.913962591253039 ) ) ;
#3195 = CARTESIAN_POINT ( 'NONE',  ( 35.62847732750292806, 2.734954183441571818, 1009.530508990493786 ) ) ;
#3196 = DIRECTION ( 'NONE',  ( 0.000000000000000000, 0.000000000000000000, 1.000000000000000000 ) ) ;
#3197 = DIRECTION ( 'NONE',  ( -0.000000000000000000, -1.000000000000000000, -0.000000000000000000 ) ) ;
#3198 = LINE ( 'NONE', #1660, #33 ) ;
#3199 = CARTESIAN_POINT ( 'NONE',  ( -26.34051892185214427, -19.65303777888381731, 996.9139625912529254 ) ) ;
#3200 = LINE ( 'NONE', #17, #2197 ) ;
#3201 = ORIENTED_EDGE ( 'NONE', *, *, #365, .T. ) ;
#3202 = ORIENTED_EDGE ( 'NONE', *, *, #780, .F. ) ;
#3203 = EDGE_CURVE ( 'NONE', #2984, #3449, #2787, .T. ) ;
#3204 = DIRECTION ( 'NONE',  ( 1.000000000000000000, 0.000000000000000000, 0.000000000000000000 ) ) ;
#3205 = AXIS2_PLACEMENT_3D ( 'NONE', #2314, #375, #323 ) ;
#3206 = VERTEX_POINT ( 'NONE', #2807 ) ;
#3207 = DIRECTION ( 'NONE',  ( 0.000000000000000000, 0.000000000000000000, -1.000000000000000000 ) ) ;
#3208 = CARTESIAN_POINT ( 'NONE',  ( 37.42847732750293233, 17.32163583045519317, 1016.913962591252925 ) ) ;
#3209 = PLANE ( 'NONE',  #613 ) ;
#3210 = ORIENTED_EDGE ( 'NONE', *, *, #1316, .F. ) ;
#3211 = ORIENTED_EDGE ( 'NONE', *, *, #2626, .F. ) ;
#3212 = ORIENTED_EDGE ( 'NONE', *, *, #3653, .T. ) ;
#3213 = CARTESIAN_POINT ( 'NONE',  ( 37.42847732750293233, 17.32163583045519317, 994.9139625912529254 ) ) ;
#3214 = DIRECTION ( 'NONE',  ( -0.000000000000000000, -0.000000000000000000, -1.000000000000000000 ) ) ;
#3215 = CARTESIAN_POINT ( 'NONE',  ( 35.62847732750292806, 13.62306331331018860, 1005.510119513240056 ) ) ;
#3216 = LINE ( 'NONE', #3912, #2647 ) ;
#3217 = LINE ( 'NONE', #4801, #3957 ) ;
#3218 = EDGE_CURVE ( 'NONE', #1364, #204, #1089, .T. ) ;
#3219 = FACE_OUTER_BOUND ( 'NONE', #784, .T. ) ;
#3220 = CARTESIAN_POINT ( 'NONE',  ( 32.42847732750293233, 17.32163583045519317, 994.9139625912529254 ) ) ;
#3221 = DIRECTION ( 'NONE',  ( -1.000000000000000000, 0.000000000000000000, 0.000000000000000000 ) ) ;
#3222 = DIRECTION ( 'NONE',  ( 0.000000000000000000, 0.000000000000000000, 1.000000000000000000 ) ) ;
#3223 = AXIS2_PLACEMENT_3D ( 'NONE', #1096, #2628, #3417 ) ;
#3224 = ORIENTED_EDGE ( 'NONE', *, *, #2130, .T. ) ;
#3225 = VERTEX_POINT ( 'NONE', #810 ) ;
#3226 = EDGE_CURVE ( 'NONE', #1022, #1549, #3583, .T. ) ;
#3227 = AXIS2_PLACEMENT_3D ( 'NONE', #2684, #3011, #4993 ) ;
#3228 = DIRECTION ( 'NONE',  ( -0.000000000000000000, -0.000000000000000000, -1.000000000000000000 ) ) ;
#3229 = ORIENTED_EDGE ( 'NONE', *, *, #3770, .F. ) ;
#3230 = ORIENTED_EDGE ( 'NONE', *, *, #1031, .T. ) ;
#3231 = AXIS2_PLACEMENT_3D ( 'NONE', #790, #2322, #4336 ) ;
#3232 = EDGE_CURVE ( 'NONE', #255, #4726, #3123, .T. ) ;
#3233 = DIRECTION ( 'NONE',  ( -0.000000000000000000, 0.000000000000000000, -1.000000000000000000 ) ) ;
#3234 = CARTESIAN_POINT ( 'NONE',  ( 35.62847732750292806, 11.87306331331018860, 1005.510119513240056 ) ) ;
#3235 = MECHANICAL_CONTEXT ( 'NONE', #3392, 'mechanical' ) ;
#3236 = ORIENTED_EDGE ( 'NONE', *, *, #3283, .F. ) ;
#3237 = VERTEX_POINT ( 'NONE', #3981 ) ;
#3238 = VERTEX_POINT ( 'NONE', #2390 ) ;
#3239 = EDGE_CURVE ( 'NONE', #1581, #5001, #2007, .T. ) ;
#3240 = VECTOR ( 'NONE', #169, 1000.000000000000000 ) ;
#3241 = DIRECTION ( 'NONE',  ( -1.000000000000000000, -0.000000000000000000, -0.000000000000000000 ) ) ;
#3242 = CARTESIAN_POINT ( 'NONE',  ( -28.32357194782614584, 17.32163583045519317, 1001.913962591253039 ) ) ;
#3243 = CARTESIAN_POINT ( 'NONE',  ( -37.97721736514308333, -19.65303777888381731, 1016.913962591252925 ) ) ;
#3244 = VECTOR ( 'NONE', #2454, 1000.000000000000000 ) ;
#3245 = CARTESIAN_POINT ( 'NONE',  ( 28.74599643123054094, -11.54443224168380944, 996.9139625912529254 ) ) ;
#3246 = CIRCLE ( 'NONE', #1711, 5.150008132513983483 ) ;
#3247 = CARTESIAN_POINT ( 'NONE',  ( 35.62847732750292806, 11.87306331331118869, 1001.800119513241157 ) ) ;
#3248 = AXIS2_PLACEMENT_3D ( 'NONE', #1584, #413, #3112 ) ;
#3249 = DIRECTION ( 'NONE',  ( 1.000000000000000000, 0.000000000000000000, 0.000000000000000000 ) ) ;
#3250 = DIRECTION ( 'NONE',  ( 1.000000000000000000, 0.000000000000000000, 0.000000000000000000 ) ) ;
#3251 = PLANE ( 'NONE',  #2294 ) ;
#3252 = ORIENTED_EDGE ( 'NONE', *, *, #3580, .F. ) ;
#3253 = EDGE_LOOP ( 'NONE', ( #1692, #612, #4151, #615 ) ) ;
#3254 = DIRECTION ( 'NONE',  ( 0.000000000000000000, -2.036985899824353436E-14, -1.000000000000000000 ) ) ;
#3255 = EDGE_LOOP ( 'NONE', ( #2556, #3113, #4676, #1980 ) ) ;
#3256 = EDGE_CURVE ( 'NONE', #4834, #1298, #4649, .T. ) ;
#3257 = VERTEX_POINT ( 'NONE', #1634 ) ;
#3258 = VECTOR ( 'NONE', #52, 1000.000000000000000 ) ;
#3259 = ADVANCED_FACE ( 'NONE', ( #4736 ), #1571, .T. ) ;
#3260 = DIRECTION ( 'NONE',  ( 0.000000000000000000, 1.000000000000000000, 0.000000000000000000 ) ) ;
#3261 = DIRECTION ( 'NONE',  ( -0.000000000000000000, -0.000000000000000000, -1.000000000000000000 ) ) ;
#3262 =( NAMED_UNIT ( * ) SI_UNIT ( $, .STERADIAN. ) SOLID_ANGLE_UNIT ( ) );
#3263 = ORIENTED_EDGE ( 'NONE', *, *, #3441, .T. ) ;
#3264 = ORIENTED_EDGE ( 'NONE', *, *, #144, .T. ) ;
#3265 = EDGE_LOOP ( 'NONE', ( #2145, #2202, #153, #1538 ) ) ;
#3266 = DIRECTION ( 'NONE',  ( 0.000000000000000000, 0.000000000000000000, 1.000000000000000000 ) ) ;
#3267 = EDGE_CURVE ( 'NONE', #701, #4323, #2340, .T. ) ;
#3268 = CYLINDRICAL_SURFACE ( 'NONE', #2930, 3.000000000000002665 ) ;
#3269 = DIRECTION ( 'NONE',  ( 0.000000000000000000, 1.000000000000000000, -9.724964941096913828E-14 ) ) ;
#3270 = DIRECTION ( 'NONE',  ( 0.000000000000000000, -0.000000000000000000, -1.000000000000000000 ) ) ;
#3271 = LINE ( 'NONE', #2911, #3810 ) ;
#3272 = DIRECTION ( 'NONE',  ( 0.000000000000000000, 1.000000000000000000, 0.000000000000000000 ) ) ;
#3273 = CARTESIAN_POINT ( 'NONE',  ( 31.42847732750292522, 16.32163583045519673, 1016.913962591252925 ) ) ;
#3274 = PLANE ( 'NONE',  #238 ) ;
#3275 = DIRECTION ( 'NONE',  ( 1.000000000000000000, 0.000000000000000000, 0.000000000000000000 ) ) ;
#3276 = VECTOR ( 'NONE', #3260, 1000.000000000000000 ) ;
#3277 = ORIENTED_EDGE ( 'NONE', *, *, #311, .T. ) ;
#3278 = VERTEX_POINT ( 'NONE', #2029 ) ;
#3279 = LINE ( 'NONE', #4095, #3950 ) ;
#3280 = ORIENTED_EDGE ( 'NONE', *, *, #319, .T. ) ;
#3281 = VERTEX_POINT ( 'NONE', #3910 ) ;
#3282 = EDGE_CURVE ( 'NONE', #4726, #4267, #4882, .T. ) ;
#3283 = EDGE_CURVE ( 'NONE', #1846, #974, #3558, .T. ) ;
#3284 = AXIS2_PLACEMENT_3D ( 'NONE', #4693, #1595, #881 ) ;
#3285 = CARTESIAN_POINT ( 'NONE',  ( 27.57081413091892585, 19.32163583045519317, 1009.913962591253039 ) ) ;
#3286 = DIRECTION ( 'NONE',  ( -0.000000000000000000, -0.000000000000000000, -1.000000000000000000 ) ) ;
#3287 = CARTESIAN_POINT ( 'NONE',  ( 29.07081667092392507, 16.56833509385418779, 1009.913962591253039 ) ) ;
#3288 = ORIENTED_EDGE ( 'NONE', *, *, #3521, .F. ) ;
#3289 = EDGE_LOOP ( 'NONE', ( #2482, #2827, #114, #232 ) ) ;
#3290 = ORIENTED_EDGE ( 'NONE', *, *, #2931, .T. ) ;
#3291 = CARTESIAN_POINT ( 'NONE',  ( 26.64700021722460477, -19.65303777888381376, 1003.413962591253039 ) ) ;
#3292 = LINE ( 'NONE', #931, #2275 ) ;
#3293 = DIRECTION ( 'NONE',  ( 1.000000000000000000, 0.000000000000000000, 0.000000000000000000 ) ) ;
#3294 = DIRECTION ( 'NONE',  ( -1.000000000000000000, 0.000000000000000000, 0.000000000000000000 ) ) ;
#3295 = EDGE_CURVE ( 'NONE', #3133, #701, #1971, .T. ) ;
#3296 = CARTESIAN_POINT ( 'NONE',  ( 32.42847732750293233, 5.433063313312188392, 1007.260119513240056 ) ) ;
#3297 = CARTESIAN_POINT ( 'NONE',  ( 35.07158772934651836, -8.909369376549079789, 1014.913962591252925 ) ) ;
#3298 = FACE_OUTER_BOUND ( 'NONE', #2936, .T. ) ;
#3299 = ORIENTED_EDGE ( 'NONE', *, *, #1560, .T. ) ;
#3300 = ORIENTED_EDGE ( 'NONE', *, *, #2614, .F. ) ;
#3301 = EDGE_CURVE ( 'NONE', #419, #555, #2721, .T. ) ;
#3302 = DIRECTION ( 'NONE',  ( -0.000000000000000000, -1.000000000000000000, -0.000000000000000000 ) ) ;
#3303 = CIRCLE ( 'NONE', #1778, 0.3000000000000016542 ) ;
#3304 = EDGE_LOOP ( 'NONE', ( #3796, #3544, #2688, #2302 ) ) ;
#3305 = ORIENTED_EDGE ( 'NONE', *, *, #3337, .T. ) ;
#3306 = ORIENTED_EDGE ( 'NONE', *, *, #2306, .F. ) ;
#3307 = VECTOR ( 'NONE', #3197, 1000.000000000000000 ) ;
#3308 = CARTESIAN_POINT ( 'NONE',  ( 21.64700021722458345, 19.32163583045519317, 996.9139625912529254 ) ) ;
#3309 = CARTESIAN_POINT ( 'NONE',  ( 34.42847732750292522, 16.32163583045519673, 996.9139625912529254 ) ) ;
#3310 = VECTOR ( 'NONE', #4739, 1000.000000000000000 ) ;
#3311 = AXIS2_PLACEMENT_3D ( 'NONE', #2307, #1905, #4637 ) ;
#3312 = APPROVAL_STATUS ( 'not_yet_approved' ) ;
#3313 = EDGE_CURVE ( 'NONE', #2422, #4158, #859, .T. ) ;
#3314 = VERTEX_POINT ( 'NONE', #3171 ) ;
#3315 = ORIENTED_EDGE ( 'NONE', *, *, #1369, .T. ) ;
#3316 = VERTEX_POINT ( 'NONE', #3143 ) ;
#3317 = CIRCLE ( 'NONE', #578, 0.9842597834286564984 ) ;
#3318 = DIRECTION ( 'NONE',  ( -1.000000000000000000, 0.000000000000000000, 0.000000000000000000 ) ) ;
#3319 = CARTESIAN_POINT ( 'NONE',  ( 31.42847732750293233, 20.82163583045519673, 1014.913962591252925 ) ) ;
#3320 = DIRECTION ( 'NONE',  ( 1.000000000000000000, 0.000000000000000000, 0.000000000000000000 ) ) ;
#3321 = DIRECTION ( 'NONE',  ( 0.000000000000000000, 0.000000000000000000, 1.000000000000000000 ) ) ;
#3322 = VECTOR ( 'NONE', #901, 1000.000000000000000 ) ;
#3323 = AXIS2_PLACEMENT_3D ( 'NONE', #2990, #1083, #3377 ) ;
#3324 = AXIS2_PLACEMENT_3D ( 'NONE', #4108, #650, #2177 ) ;
#3325 = CARTESIAN_POINT ( 'NONE',  ( 37.12847732750292806, 14.92306331331018754, 1005.510119513240056 ) ) ;
#3326 = DIRECTION ( 'NONE',  ( 0.000000000000000000, -0.000000000000000000, -1.000000000000000000 ) ) ;
#3327 = EDGE_CURVE ( 'NONE', #2696, #3036, #4691, .T. ) ;
#3328 = CARTESIAN_POINT ( 'NONE',  ( -36.97721736514306201, 16.32163583045519673, 996.9139625912529254 ) ) ;
#3329 = EDGE_LOOP ( 'NONE', ( #3180, #1510, #4197, #1424 ) ) ;
#3330 = ORIENTED_EDGE ( 'NONE', *, *, #3572, .F. ) ;
#3331 = AXIS2_PLACEMENT_3D ( 'NONE', #4236, #1934, #4308 ) ;
#3332 = VECTOR ( 'NONE', #4188, 1000.000000000000000 ) ;
#3333 = CARTESIAN_POINT ( 'NONE',  ( 35.62847732750292806, 3.683063313312202158, 1005.510119513240056 ) ) ;
#3334 = ORIENTED_EDGE ( 'NONE', *, *, #535, .T. ) ;
#3335 = CIRCLE ( 'NONE', #2445, 3.000000000000002665 ) ;
#3336 = VECTOR ( 'NONE', #902, 1000.000000000000000 ) ;
#3337 = EDGE_CURVE ( 'NONE', #3281, #2629, #4262, .T. ) ;
#3338 = ORIENTED_EDGE ( 'NONE', *, *, #3696, .T. ) ;
#3339 = ORIENTED_EDGE ( 'NONE', *, *, #4428, .T. ) ;
#3340 = AXIS2_PLACEMENT_3D ( 'NONE', #3328, #938, #248 ) ;
#3341 = AXIS2_PLACEMENT_3D ( 'NONE', #1434, #1128, #2588 ) ;
#3342 = DIRECTION ( 'NONE',  ( 0.000000000000000000, 0.000000000000000000, 1.000000000000000000 ) ) ;
#3343 = DIRECTION ( 'NONE',  ( 0.000000000000000000, 0.000000000000000000, -1.000000000000000000 ) ) ;
#3344 = APPROVAL_ROLE ( '' ) ;
#3345 = VERTEX_POINT ( 'NONE', #2510 ) ;
#3346 = ORIENTED_EDGE ( 'NONE', *, *, #1811, .T. ) ;
#3347 = ORIENTED_EDGE ( 'NONE', *, *, #4972, .F. ) ;
#3348 = AXIS2_PLACEMENT_3D ( 'NONE', #621, #999, #4021 ) ;
#3349 = CYLINDRICAL_SURFACE ( 'NONE', #2108, 2.000000000000001776 ) ;
#3350 = DIRECTION ( 'NONE',  ( 0.000000000000000000, 0.000000000000000000, -1.000000000000000000 ) ) ;
#3351 = DIRECTION ( 'NONE',  ( -0.000000000000000000, -0.000000000000000000, -1.000000000000000000 ) ) ;
#3352 = ADVANCED_FACE ( 'NONE', ( #2830 ), #2541, .T. ) ;
#3353 = CYLINDRICAL_SURFACE ( 'NONE', #2923, 3.000000000000002665 ) ;
#3354 = CARTESIAN_POINT ( 'NONE',  ( -28.34051892185214072, -19.65303777888381731, 996.9139625912529254 ) ) ;
#3355 = CARTESIAN_POINT ( 'NONE',  ( 29.57421773772592033, -12.21471164223880734, 996.9139625912529254 ) ) ;
#3356 = LINE ( 'NONE', #6, #684 ) ;
#3357 = VERTEX_POINT ( 'NONE', #168 ) ;
#3358 = EDGE_LOOP ( 'NONE', ( #3549, #2579, #3747, #675 ) ) ;
#3359 = VECTOR ( 'NONE', #2200, 1000.000000000000000 ) ;
#3360 = DIRECTION ( 'NONE',  ( 0.000000000000000000, 1.000000000000000000, 0.000000000000000000 ) ) ;
#3361 = CARTESIAN_POINT ( 'NONE',  ( 35.62847732750292806, -1.622572957961810891, 1003.700882987317073 ) ) ;
#3362 = AXIS2_PLACEMENT_3D ( 'NONE', #4895, #1530, #16 ) ;
#3363 = ORIENTED_EDGE ( 'NONE', *, *, #3313, .F. ) ;
#3364 = ORIENTED_EDGE ( 'NONE', *, *, #2975, .F. ) ;
#3365 = CIRCLE ( 'NONE', #1194, 0.9842597834286564984 ) ;
#3366 = CC_DESIGN_PERSON_AND_ORGANIZATION_ASSIGNMENT ( #138, #947, ( #4324 ) ) ;
#3367 = EDGE_CURVE ( 'NONE', #4277, #1597, #685, .T. ) ;
#3368 = DIRECTION ( 'NONE',  ( 0.000000000000000000, -0.000000000000000000, -1.000000000000000000 ) ) ;
#3369 = LINE ( 'NONE', #259, #4903 ) ;
#3370 = DIRECTION ( 'NONE',  ( -0.000000000000000000, 0.000000000000000000, -1.000000000000000000 ) ) ;
#3371 = ORIENTED_EDGE ( 'NONE', *, *, #3424, .T. ) ;
#3372 = VERTEX_POINT ( 'NONE', #2131 ) ;
#3373 = ORIENTED_EDGE ( 'NONE', *, *, #3020, .F. ) ;
#3374 = EDGE_CURVE ( 'NONE', #1822, #1395, #1007, .T. ) ;
#3375 = DIRECTION ( 'NONE',  ( -0.000000000000000000, 1.000000000000000000, -0.000000000000000000 ) ) ;
#3376 = DIRECTION ( 'NONE',  ( 1.000000000000000000, 0.000000000000000000, 0.000000000000000000 ) ) ;
#3377 = DIRECTION ( 'NONE',  ( -1.000000000000000000, 0.000000000000000000, 0.000000000000000000 ) ) ;
#3378 = CARTESIAN_POINT ( 'NONE',  ( -31.32357194782614584, 12.33987306693118668, 1001.913962591253039 ) ) ;
#3379 = CARTESIAN_POINT ( 'NONE',  ( -18.12579369198158119, -23.15303777888382086, 1014.913962591252925 ) ) ;
#3380 = CARTESIAN_POINT ( 'NONE',  ( 32.22847732750289396, -21.11880338007142299, 996.9139625912529254 ) ) ;
#3381 = CARTESIAN_POINT ( 'NONE',  ( -41.97721736514307622, -14.23259327800181495, 1007.089689327331826 ) ) ;
#3382 = DIRECTION ( 'NONE',  ( 0.000000000000000000, 0.000000000000000000, 1.000000000000000000 ) ) ;
#3383 = EDGE_CURVE ( 'NONE', #3999, #3206, #4875, .T. ) ;
#3384 = ORIENTED_EDGE ( 'NONE', *, *, #211, .T. ) ;
#3385 = VECTOR ( 'NONE', #4756, 1000.000000000000000 ) ;
#3386 = CARTESIAN_POINT ( 'NONE',  ( 35.62847732750292806, 5.433063313312188392, 1003.100119513241225 ) ) ;
#3387 = VERTEX_POINT ( 'NONE', #547 ) ;
#3388 = EDGE_LOOP ( 'NONE', ( #1646, #1470, #2223, #3839 ) ) ;
#3389 = EDGE_CURVE ( 'NONE', #4248, #356, #2615, .T. ) ;
#3390 = EDGE_LOOP ( 'NONE', ( #3921, #12, #444, #1228, #3035, #2244, #2881, #4916, #4988, #3346, #2498, #3373, #4653, #3602, #4099, #3462, #1289, #4105, #640, #4572, #1827, #1872, #87, #2361, #3741, #2168, #2638, #4023, #177, #1669, #993, #4080, #973, #1868, #4470, #1925, #2219, #1443, #4862, #2655 ) ) ;
#3391 = CARTESIAN_POINT ( 'NONE',  ( 29.99463058461726916, 12.31503181724918150, 1001.913962591253039 ) ) ;
#3392 = APPLICATION_CONTEXT ( 'configuration controlled 3d designs of mechanical parts and assemblies' ) ;
#3393 = CYLINDRICAL_SURFACE ( 'NONE', #3601, 2.000000000000001776 ) ;
#3394 = PLANE ( 'NONE',  #4222 ) ;
#3395 = CALENDAR_DATE ( 2026, 27, 6 ) ;
#3396 = VERTEX_POINT ( 'NONE', #977 ) ;
#3397 = ADVANCED_FACE ( 'NONE', ( #4084 ), #4798, .T. ) ;
#3398 = EDGE_LOOP ( 'NONE', ( #4898, #972, #2703, #3070, #3423, #1802, #1429 ) ) ;
#3399 = ORIENTED_EDGE ( 'NONE', *, *, #3426, .F. ) ;
#3400 = VECTOR ( 'NONE', #1849, 1000.000000000000000 ) ;
#3401 = DIRECTION ( 'NONE',  ( -0.000000000000000000, -0.000000000000000000, -1.000000000000000000 ) ) ;
#3402 = CARTESIAN_POINT ( 'NONE',  ( 32.42847732750293233, -1.622572957961810447, 1010.199372304193048 ) ) ;
#3403 = LINE ( 'NONE', #3760, #2971 ) ;
#3404 = DIRECTION ( 'NONE',  ( -0.000000000000000000, -0.000000000000000000, 1.000000000000000000 ) ) ;
#3405 = EDGE_CURVE ( 'NONE', #31, #449, #3683, .T. ) ;
#3406 = VECTOR ( 'NONE', #2107, 1000.000000000000000 ) ;
#3407 = AXIS2_PLACEMENT_3D ( 'NONE', #2191, #1748, #180 ) ;
#3408 = AXIS2_PLACEMENT_3D ( 'NONE', #1439, #4164, #4490 ) ;
#3409 = DIRECTION ( 'NONE',  ( -1.000000000000000000, 0.000000000000000000, 0.000000000000000000 ) ) ;
#3410 = FACE_OUTER_BOUND ( 'NONE', #3914, .T. ) ;
#3411 = CIRCLE ( 'NONE', #1557, 4.999999999999997335 ) ;
#3412 = FACE_OUTER_BOUND ( 'NONE', #485, .T. ) ;
#3413 = FACE_OUTER_BOUND ( 'NONE', #1052, .T. ) ;
#3414 = VERTEX_POINT ( 'NONE', #3242 ) ;
#3415 = AXIS2_PLACEMENT_3D ( 'NONE', #3044, #1033, #1785 ) ;
#3416 = CIRCLE ( 'NONE', #349, 0.9842597834286564984 ) ;
#3417 = DIRECTION ( 'NONE',  ( 0.000000000000000000, 0.000000000000000000, -1.000000000000000000 ) ) ;
#3418 = CARTESIAN_POINT ( 'NONE',  ( 37.12847732750292806, 14.92306331331015379, 1004.850119513241111 ) ) ;
#3419 = VECTOR ( 'NONE', #1536, 1000.000000000000000 ) ;
#3420 = VECTOR ( 'NONE', #2596, 1000.000000000000000 ) ;
#3421 = ORIENTED_EDGE ( 'NONE', *, *, #4415, .F. ) ;
#3422 = VECTOR ( 'NONE', #1535, 1000.000000000000000 ) ;
#3423 = ORIENTED_EDGE ( 'NONE', *, *, #4076, .T. ) ;
#3424 = EDGE_CURVE ( 'NONE', #419, #1286, #4763, .T. ) ;
#3425 = AXIS2_PLACEMENT_3D ( 'NONE', #4338, #4489, #3689 ) ;
#3426 = EDGE_CURVE ( 'NONE', #2004, #1675, #2858, .T. ) ;
#3427 = DIRECTION ( 'NONE',  ( -0.000000000000000000, -0.000000000000000000, -1.000000000000000000 ) ) ;
#3428 = DIRECTION ( 'NONE',  ( -1.000000000000000000, -0.000000000000000000, -0.000000000000000000 ) ) ;
#3429 = CARTESIAN_POINT ( 'NONE',  ( 29.07081667092392507, 16.56833509385418779, 1001.913962591253039 ) ) ;
#3430 = DATE_AND_TIME ( #3395, #2577 ) ;
#3431 = ORIENTED_EDGE ( 'NONE', *, *, #3301, .F. ) ;
#3432 = VECTOR ( 'NONE', #2625, 1000.000000000000000 ) ;
#3433 = VECTOR ( 'NONE', #2766, 1000.000000000000000 ) ;
#3434 = VERTEX_POINT ( 'NONE', #953 ) ;
#3435 = EDGE_CURVE ( 'NONE', #4899, #753, #769, .T. ) ;
#3436 = CARTESIAN_POINT ( 'NONE',  ( 26.64700021722460477, 9.315031817249179724, 996.9139625912529254 ) ) ;
#3437 = CARTESIAN_POINT ( 'NONE',  ( 15.32705365434144618, 19.82163583045518962, 1016.713962591252880 ) ) ;
#3438 = CARTESIAN_POINT ( 'NONE',  ( -41.47721736514306201, -9.409369376549065578, 1016.713962591252880 ) ) ;
#3439 = FACE_OUTER_BOUND ( 'NONE', #1729, .T. ) ;
#3440 = APPROVAL ( #3312, '未' ) ;
#3441 = EDGE_CURVE ( 'NONE', #3849, #3257, #4029, .T. ) ;
#3442 = CARTESIAN_POINT ( 'NONE',  ( -33.92590926252307781, 17.32163583045618793, 1001.913962591253039 ) ) ;
#3443 = CARTESIAN_POINT ( 'NONE',  ( -18.12579369198156698, 20.82163583045519673, 1016.713962591252880 ) ) ;
#3444 = DIRECTION ( 'NONE',  ( 1.000000000000000000, -0.000000000000000000, 0.000000000000000000 ) ) ;
#3445 = DIRECTION ( 'NONE',  ( 0.000000000000000000, 0.000000000000000000, 1.000000000000000000 ) ) ;
#3446 = ORIENTED_EDGE ( 'NONE', *, *, #4863, .T. ) ;
#3447 = CARTESIAN_POINT ( 'NONE',  ( 35.92847732750293943, 8.077967428120429005, 1016.713962591252880 ) ) ;
#3448 = DIRECTION ( 'NONE',  ( -0.000000000000000000, -0.000000000000000000, -1.000000000000000000 ) ) ;
#3449 = VERTEX_POINT ( 'NONE', #3656 ) ;
#3450 = VERTEX_POINT ( 'NONE', #1734 ) ;
#3451 = DIRECTION ( 'NONE',  ( 1.000000000000000000, 0.000000000000000000, 0.000000000000000000 ) ) ;
#3452 = CARTESIAN_POINT ( 'NONE',  ( 32.42847732750293233, 22.32163583045518962, 994.9139625912529254 ) ) ;
#3453 = CARTESIAN_POINT ( 'NONE',  ( -18.87579369198156698, 19.82163583045519317, 1016.713962591252880 ) ) ;
#3454 = ORIENTED_EDGE ( 'NONE', *, *, #1547, .F. ) ;
#3455 = CIRCLE ( 'NONE', #1266, 3.049999999999997158 ) ;
#3456 = EDGE_CURVE ( 'NONE', #204, #2959, #2154, .T. ) ;
#3457 = ORIENTED_EDGE ( 'NONE', *, *, #1694, .T. ) ;
#3458 = CARTESIAN_POINT ( 'NONE',  ( 31.42847732750292522, -21.65303777888381731, 1003.413962591253039 ) ) ;
#3459 = CARTESIAN_POINT ( 'NONE',  ( 35.62847732750292806, 14.92306331331018754, 1005.510119513240056 ) ) ;
#3460 = DIRECTION ( 'NONE',  ( -0.000000000000000000, -0.000000000000000000, -1.000000000000000000 ) ) ;
#3461 = DIRECTION ( 'NONE',  ( 1.000000000000000000, 0.000000000000000000, 0.000000000000000000 ) ) ;
#3462 = ORIENTED_EDGE ( 'NONE', *, *, #70, .F. ) ;
#3463 = CARTESIAN_POINT ( 'NONE',  ( -38.31129706319399730, -21.00042597840437253, 1016.913962591252925 ) ) ;
#3464 = FACE_OUTER_BOUND ( 'NONE', #4779, .T. ) ;
#3465 = AXIS2_PLACEMENT_3D ( 'NONE', #381, #1573, #3467 ) ;
#3466 = AXIS2_PLACEMENT_3D ( 'NONE', #1059, #4161, #1838 ) ;
#3467 = DIRECTION ( 'NONE',  ( 0.000000000000000000, 0.000000000000000000, -1.000000000000000000 ) ) ;
#3468 = DIRECTION ( 'NONE',  ( 0.000000000000000000, 0.000000000000000000, -1.000000000000000000 ) ) ;
#3469 = ADVANCED_FACE ( 'NONE', ( #4845 ), #3268, .T. ) ;
#3470 = ORIENTED_EDGE ( 'NONE', *, *, #2493, .T. ) ;
#3471 = DIRECTION ( 'NONE',  ( -1.000000000000000000, 0.000000000000000000, 0.000000000000000000 ) ) ;
#3472 = CARTESIAN_POINT ( 'NONE',  ( 37.42847732750293233, 15.22306331331018647, 1005.510119513240056 ) ) ;
#3473 = ORIENTED_EDGE ( 'NONE', *, *, #3793, .T. ) ;
#3474 = EDGE_CURVE ( 'NONE', #1196, #1731, #1809, .T. ) ;
#3475 = VERTEX_POINT ( 'NONE', #524 ) ;
#3476 = DIRECTION ( 'NONE',  ( 0.000000000000000000, 0.000000000000000000, 1.000000000000000000 ) ) ;
#3477 = DIRECTION ( 'NONE',  ( 0.000000000000000000, 0.000000000000000000, 1.000000000000000000 ) ) ;
#3478 = CARTESIAN_POINT ( 'NONE',  ( 23.64700021722458345, 12.31503181724919926, 1001.913962591253039 ) ) ;
#3479 = EDGE_LOOP ( 'NONE', ( #3578, #2188, #4395, #3139, #990, #4662, #1339 ) ) ;
#3480 = CARTESIAN_POINT ( 'NONE',  ( 37.42847732750293233, -19.65303777888381731, 994.9139625912529254 ) ) ;
#3481 = DIRECTION ( 'NONE',  ( 0.000000000000000000, 1.000000000000000000, 0.000000000000000000 ) ) ;
#3482 = CIRCLE ( 'NONE', #3719, 0.3000000000000016542 ) ;
#3483 = FACE_OUTER_BOUND ( 'NONE', #307, .T. ) ;
#3484 = ORIENTED_EDGE ( 'NONE', *, *, #1478, .T. ) ;
#3485 = VERTEX_POINT ( 'NONE', #3708 ) ;
#3486 = VECTOR ( 'NONE', #3978, 1000.000000000000000 ) ;
#3487 = EDGE_CURVE ( 'NONE', #1600, #18, #2927, .T. ) ;
#3488 = DIRECTION ( 'NONE',  ( 1.000000000000000000, 0.000000000000000000, 0.000000000000000000 ) ) ;
#3489 = DIRECTION ( 'NONE',  ( -0.000000000000000000, -0.000000000000000000, -1.000000000000000000 ) ) ;
#3490 = FACE_BOUND ( 'NONE', #3974, .T. ) ;
#3491 = LINE ( 'NONE', #1615, #2181 ) ;
#3492 = VECTOR ( 'NONE', #3351, 1000.000000000000000 ) ;
#3493 = ORIENTED_EDGE ( 'NONE', *, *, #4558, .T. ) ;
#3494 = AXIS2_PLACEMENT_3D ( 'NONE', #811, #3516, #3559 ) ;
#3495 = DIRECTION ( 'NONE',  ( -0.000000000000000000, -0.000000000000000000, -1.000000000000000000 ) ) ;
#3496 = FACE_OUTER_BOUND ( 'NONE', #3289, .T. ) ;
#3497 = ORIENTED_EDGE ( 'NONE', *, *, #1056, .T. ) ;
#3498 = ORIENTED_EDGE ( 'NONE', *, *, #1412, .F. ) ;
#3499 = AXIS2_PLACEMENT_3D ( 'NONE', #4534, #628, #267 ) ;
#3500 = EDGE_CURVE ( 'NONE', #2681, #940, #2056, .T. ) ;
#3501 = CARTESIAN_POINT ( 'NONE',  ( 31.42847732750292522, -21.65303777888381731, 996.9139625912529254 ) ) ;
#3502 = AXIS2_PLACEMENT_3D ( 'NONE', #2534, #1075, #2561 ) ;
#3503 = CIRCLE ( 'NONE', #1638, 4.500000000000003553 ) ;
#3504 = DIRECTION ( 'NONE',  ( -1.000000000000000000, 0.000000000000000000, 0.000000000000000000 ) ) ;
#3505 = DIRECTION ( 'NONE',  ( 1.000000000000000000, 0.000000000000000000, 0.000000000000000000 ) ) ;
#3506 = ORIENTED_EDGE ( 'NONE', *, *, #4028, .F. ) ;
#3507 = CIRCLE ( 'NONE', #1317, 1.250000000000002887 ) ;
#3508 = VECTOR ( 'NONE', #549, 1000.000000000000000 ) ;
#3509 = DIRECTION ( 'NONE',  ( 0.000000000000000000, 0.000000000000000000, -1.000000000000000000 ) ) ;
#3510 = LINE ( 'NONE', #1155, #994 ) ;
#3511 = LINE ( 'NONE', #3533, #3258 ) ;
#3512 = VECTOR ( 'NONE', #3605, 1000.000000000000000 ) ;
#3513 = ORIENTED_EDGE ( 'NONE', *, *, #3009, .T. ) ;
#3514 = EDGE_LOOP ( 'NONE', ( #1373, #3624, #420, #132 ) ) ;
#3515 = LINE ( 'NONE', #3099, #2447 ) ;
#3516 = DIRECTION ( 'NONE',  ( 1.000000000000000000, -0.000000000000000000, -0.000000000000000000 ) ) ;
#3517 = FACE_OUTER_BOUND ( 'NONE', #868, .T. ) ;
#3518 = CARTESIAN_POINT ( 'NONE',  ( 32.42847732750293233, -24.65303777888381376, 1016.913962591252925 ) ) ;
#3519 = VERTEX_POINT ( 'NONE', #2640 ) ;
#3520 = EDGE_CURVE ( 'NONE', #1000, #752, #4228, .T. ) ;
#3521 = EDGE_CURVE ( 'NONE', #1800, #3754, #3732, .T. ) ;
#3522 = FACE_OUTER_BOUND ( 'NONE', #2937, .T. ) ;
#3523 = PLANE ( 'NONE',  #2353 ) ;
#3524 = VERTEX_POINT ( 'NONE', #3783 ) ;
#3525 = ORIENTED_EDGE ( 'NONE', *, *, #3295, .F. ) ;
#3526 = CYLINDRICAL_SURFACE ( 'NONE', #4207, 1.639569763765003074 ) ;
#3527 = CARTESIAN_POINT ( 'NONE',  ( -36.04963720278257000, -14.31558395544890772, 996.9139625912529254 ) ) ;
#3528 = VERTEX_POINT ( 'NONE', #4183 ) ;
#3529 = ADVANCED_FACE ( 'NONE', ( #1812 ), #3758, .F. ) ;
#3530 = CIRCLE ( 'NONE', #3768, 3.049999999999997158 ) ;
#3531 = LINE ( 'NONE', #1203, #265 ) ;
#3532 = DIRECTION ( 'NONE',  ( -0.000000000000000000, -0.000000000000000000, -1.000000000000000000 ) ) ;
#3533 = CARTESIAN_POINT ( 'NONE',  ( 32.42847732750293233, 3.683063313312236353, 1005.510119513240056 ) ) ;
#3534 = EDGE_LOOP ( 'NONE', ( #2725, #163, #334, #2127 ) ) ;
#3535 = ORIENTED_EDGE ( 'NONE', *, *, #2891, .T. ) ;
#3536 = ADVANCED_FACE ( 'NONE', ( #4586 ), #4533, .F. ) ;
#3537 = CARTESIAN_POINT ( 'NONE',  ( 35.07158772934652546, 6.577967428120429894, 1016.713962591252880 ) ) ;
#3538 = DIRECTION ( 'NONE',  ( 1.000000000000000000, 0.000000000000000000, -0.000000000000000000 ) ) ;
#3539 = FACE_OUTER_BOUND ( 'NONE', #2780, .T. ) ;
#3540 = CARTESIAN_POINT ( 'NONE',  ( -41.97721736514307622, -14.23259327800181495, 1005.450119563566773 ) ) ;
#3541 = ORIENTED_EDGE ( 'NONE', *, *, #2210, .T. ) ;
#3542 = DIRECTION ( 'NONE',  ( 0.000000000000000000, 0.000000000000000000, 1.000000000000000000 ) ) ;
#3543 = CARTESIAN_POINT ( 'NONE',  ( 35.92847732750293943, 6.093707644691767733, 1016.713962591252880 ) ) ;
#3544 = ORIENTED_EDGE ( 'NONE', *, *, #2415, .T. ) ;
#3545 = EDGE_LOOP ( 'NONE', ( #3673, #4453, #858, #1609 ) ) ;
#3546 = CARTESIAN_POINT ( 'NONE',  ( 35.64590896369588791, -10.90936937654907801, 1014.913962591252925 ) ) ;
#3547 = EDGE_CURVE ( 'NONE', #1295, #4414, #2618, .T. ) ;
#3548 = EDGE_CURVE ( 'NONE', #1195, #3475, #1057, .T. ) ;
#3549 = ORIENTED_EDGE ( 'NONE', *, *, #1495, .T. ) ;
#3550 = CC_DESIGN_SECURITY_CLASSIFICATION ( #814, ( #2656 ) ) ;
#3551 = EDGE_CURVE ( 'NONE', #3096, #341, #373, .T. ) ;
#3552 = CARTESIAN_POINT ( 'NONE',  ( 15.32705365434144618, 19.82163583045518962, 1014.913962591252925 ) ) ;
#3553 = LINE ( 'NONE', #805, #3160 ) ;
#3554 = DIRECTION ( 'NONE',  ( -1.000000000000000000, 0.000000000000000000, 0.000000000000000000 ) ) ;
#3555 = ORIENTED_EDGE ( 'NONE', *, *, #535, .F. ) ;
#3556 = ORIENTED_EDGE ( 'NONE', *, *, #4592, .T. ) ;
#3557 = EDGE_CURVE ( 'NONE', #820, #3891, #2665, .T. ) ;
#3558 = LINE ( 'NONE', #1612, #3018 ) ;
#3559 = DIRECTION ( 'NONE',  ( 0.000000000000000000, 0.000000000000000000, -1.000000000000000000 ) ) ;
#3560 = DIRECTION ( 'NONE',  ( 1.000000000000000000, -0.000000000000000000, -0.000000000000000000 ) ) ;
#3561 = CARTESIAN_POINT ( 'NONE',  ( -36.97721736514306201, 16.32163583045519673, 1014.913962591252925 ) ) ;
#3562 = CARTESIAN_POINT ( 'NONE',  ( 21.64700021722458345, 17.32163583045519317, 1001.913962591253039 ) ) ;
#3563 = AXIS2_PLACEMENT_3D ( 'NONE', #2885, #1682, #1353 ) ;
#3564 = DIRECTION ( 'NONE',  ( 0.000000000000000000, 0.000000000000000000, -1.000000000000000000 ) ) ;
#3565 = VECTOR ( 'NONE', #3427, 1000.000000000000000 ) ;
#3566 = ORIENTED_EDGE ( 'NONE', *, *, #3226, .T. ) ;
#3567 = ORIENTED_EDGE ( 'NONE', *, *, #3267, .F. ) ;
#3568 = VECTOR ( 'NONE', #424, 1000.000000000000000 ) ;
#3569 = CARTESIAN_POINT ( 'NONE',  ( -39.97721736514306912, 16.32163583045519673, 996.9139625912529254 ) ) ;
#3570 = EDGE_LOOP ( 'NONE', ( #1504, #107, #1475, #4530 ) ) ;
#3571 = ADVANCED_FACE ( 'NONE', ( #1887 ), #4208, .F. ) ;
#3572 = EDGE_CURVE ( 'NONE', #1908, #2427, #3066, .T. ) ;
#3573 = AXIS2_PLACEMENT_3D ( 'NONE', #2460, #3584, #1657 ) ;
#3574 = DIRECTION ( 'NONE',  ( 0.000000000000000000, 1.000000000000000000, 0.000000000000000000 ) ) ;
#3575 = CARTESIAN_POINT ( 'NONE',  ( -33.92590926252307781, -18.84873628028381276, 1001.913962591253039 ) ) ;
#3576 = CARTESIAN_POINT ( 'NONE',  ( -21.62579369198158474, -23.15303777888382086, 1014.913962591252925 ) ) ;
#3577 = ORIENTED_EDGE ( 'NONE', *, *, #209, .T. ) ;
#3578 = ORIENTED_EDGE ( 'NONE', *, *, #3618, .F. ) ;
#3579 = VECTOR ( 'NONE', #4319, 1000.000000000000000 ) ;
#3580 = EDGE_CURVE ( 'NONE', #3135, #2637, #4614, .T. ) ;
#3581 = VECTOR ( 'NONE', #823, 1000.000000000000000 ) ;
#3582 = AXIS2_PLACEMENT_3D ( 'NONE', #2938, #4483, #2566 ) ;
#3583 = LINE ( 'NONE', #56, #3336 ) ;
#3584 = DIRECTION ( 'NONE',  ( -0.000000000000000000, 1.000000000000000000, 0.000000000000000000 ) ) ;
#3585 = CARTESIAN_POINT ( 'NONE',  ( -33.07215846222758415, -11.54443224168380588, 996.9139625912529254 ) ) ;
#3586 = DIRECTION ( 'NONE',  ( -1.000000000000000000, -0.000000000000000000, -0.000000000000000000 ) ) ;
#3587 = AXIS2_PLACEMENT_3D ( 'NONE', #3790, #1820, #2241 ) ;
#3588 = EDGE_CURVE ( 'NONE', #4259, #2977, #3503, .T. ) ;
#3589 = CARTESIAN_POINT ( 'NONE',  ( -33.17590799252307221, 16.58075571869518683, 1009.913962591253039 ) ) ;
#3590 = CARTESIAN_POINT ( 'NONE',  ( -34.56089783250507708, -14.31558395544890772, 1001.913962591253039 ) ) ;
#3591 = CARTESIAN_POINT ( 'NONE',  ( -32.42590672252307371, -21.65303777888381731, 1009.913962591253039 ) ) ;
#3592 = ORIENTED_EDGE ( 'NONE', *, *, #3939, .T. ) ;
#3593 = VERTEX_POINT ( 'NONE', #1106 ) ;
#3594 = DIRECTION ( 'NONE',  ( 0.000000000000000000, -0.000000000000000000, -1.000000000000000000 ) ) ;
#3595 = ORIENTED_EDGE ( 'NONE', *, *, #2525, .F. ) ;
#3596 = DIRECTION ( 'NONE',  ( -0.000000000000000000, -0.000000000000000000, 1.000000000000000000 ) ) ;
#3597 = CARTESIAN_POINT ( 'NONE',  ( -37.97721736514308333, 22.32163583045519317, 994.9139625912529254 ) ) ;
#3598 = EDGE_CURVE ( 'NONE', #2446, #3870, #728, .T. ) ;
#3599 = EDGE_CURVE ( 'NONE', #2959, #4811, #1857, .T. ) ;
#3600 = ORIENTED_EDGE ( 'NONE', *, *, #988, .T. ) ;
#3601 = AXIS2_PLACEMENT_3D ( 'NONE', #644, #4579, #3724 ) ;
#3602 = ORIENTED_EDGE ( 'NONE', *, *, #3762, .F. ) ;
#3603 = DIRECTION ( 'NONE',  ( 0.000000000000000000, 0.000000000000000000, -1.000000000000000000 ) ) ;
#3604 = CIRCLE ( 'NONE', #4250, 0.5743212343493758754 ) ;
#3605 = DIRECTION ( 'NONE',  ( -1.000000000000000000, 0.000000000000000000, 0.000000000000000000 ) ) ;
#3606 = CARTESIAN_POINT ( 'NONE',  ( -26.32357194782614940, 19.32163583045519317, 1001.913962591253039 ) ) ;
#3607 = DIRECTION ( 'NONE',  ( -1.000000000000000000, -0.000000000000000000, 0.000000000000000000 ) ) ;
#3608 = PLANE ( 'NONE',  #3563 ) ;
#3609 = DIRECTION ( 'NONE',  ( -0.000000000000000000, 1.000000000000000000, -0.000000000000000000 ) ) ;
#3610 = CARTESIAN_POINT ( 'NONE',  ( 29.07081667092392507, 19.32163583045519317, 1009.913962591253039 ) ) ;
#3611 = DIRECTION ( 'NONE',  ( -0.000000000000000000, -0.000000000000000000, -1.000000000000000000 ) ) ;
#3612 = EDGE_CURVE ( 'NONE', #1419, #3281, #4562, .T. ) ;
#3613 = CYLINDRICAL_SURFACE ( 'NONE', #772, 0.9842597834286564984 ) ;
#3614 = ORIENTED_EDGE ( 'NONE', *, *, #4083, .F. ) ;
#3615 = VERTEX_POINT ( 'NONE', #3436 ) ;
#3616 = LINE ( 'NONE', #482, #1145 ) ;
#3617 = ORIENTED_EDGE ( 'NONE', *, *, #3641, .F. ) ;
#3618 = EDGE_CURVE ( 'NONE', #2051, #3593, #4980, .T. ) ;
#3619 = ORIENTED_EDGE ( 'NONE', *, *, #3793, .F. ) ;
#3620 = CARTESIAN_POINT ( 'NONE',  ( 35.62847732750292806, 5.433063313312188392, 1001.800119513241157 ) ) ;
#3621 = DIRECTION ( 'NONE',  ( 0.000000000000000000, 0.000000000000000000, 1.000000000000000000 ) ) ;
#3622 = DIRECTION ( 'NONE',  ( 1.000000000000000000, 0.000000000000000000, 0.000000000000000000 ) ) ;
#3623 = ORIENTED_EDGE ( 'NONE', *, *, #4261, .F. ) ;
#3624 = ORIENTED_EDGE ( 'NONE', *, *, #4001, .T. ) ;
#3625 = ORIENTED_EDGE ( 'NONE', *, *, #134, .F. ) ;
#3626 = AXIS2_PLACEMENT_3D ( 'NONE', #2149, #4079, #3622 ) ;
#3627 = PLANE ( 'NONE',  #258 ) ;
#3628 = AXIS2_PLACEMENT_3D ( 'NONE', #4854, #1766, #1416 ) ;
#3629 = DIRECTION ( 'NONE',  ( -0.000000000000000000, -0.000000000000000000, -1.000000000000000000 ) ) ;
#3630 = DIRECTION ( 'NONE',  ( 0.000000000000000000, 1.000000000000000000, 0.000000000000000000 ) ) ;
#3631 = CARTESIAN_POINT ( 'NONE',  ( 35.62847732750292806, -1.167094277858411688, 1006.650127645755106 ) ) ;
#3632 = CARTESIAN_POINT ( 'NONE',  ( -33.07215846222758415, -14.31558395544890772, 996.9139625912529254 ) ) ;
#3633 = EDGE_CURVE ( 'NONE', #2521, #255, #2685, .T. ) ;
#3634 = CARTESIAN_POINT ( 'NONE',  ( 35.62847732750292806, 11.87306331331018860, 1004.850119513241111 ) ) ;
#3635 = FACE_OUTER_BOUND ( 'NONE', #4425, .T. ) ;
#3636 = CARTESIAN_POINT ( 'NONE',  ( -20.87579369198158474, -22.15303777888381731, 1016.713962591252880 ) ) ;
#3637 = PLANE ( 'NONE',  #2841 ) ;
#3638 = CIRCLE ( 'NONE', #4941, 1.250000000000001110 ) ;
#3639 = VERTEX_POINT ( 'NONE', #2402 ) ;
#3640 = ORIENTED_EDGE ( 'NONE', *, *, #950, .F. ) ;
#3641 = EDGE_CURVE ( 'NONE', #2984, #3103, #4642, .T. ) ;
#3642 = LINE ( 'NONE', #664, #893 ) ;
#3643 = ORIENTED_EDGE ( 'NONE', *, *, #3020, .T. ) ;
#3644 = ORIENTED_EDGE ( 'NONE', *, *, #4028, .T. ) ;
#3645 = AXIS2_PLACEMENT_3D ( 'NONE', #682, #2291, #3735 ) ;
#3646 = EDGE_CURVE ( 'NONE', #3133, #2315, #1641, .T. ) ;
#3647 = DIRECTION ( 'NONE',  ( 0.000000000000000000, 0.000000000000000000, -1.000000000000000000 ) ) ;
#3648 = LINE ( 'NONE', #1344, #3244 ) ;
#3649 = DIRECTION ( 'NONE',  ( 0.000000000000000000, 0.000000000000000000, -1.000000000000000000 ) ) ;
#3650 = EDGE_LOOP ( 'NONE', ( #2152, #2128, #4900, #1094 ) ) ;
#3651 = ORIENTED_EDGE ( 'NONE', *, *, #830, .F. ) ;
#3652 = ORIENTED_EDGE ( 'NONE', *, *, #3327, .F. ) ;
#3653 = EDGE_CURVE ( 'NONE', #1151, #3874, #1650, .T. ) ;
#3654 = CIRCLE ( 'NONE', #2357, 4.236159195338595751 ) ;
#3655 = CYLINDRICAL_SURFACE ( 'NONE', #1867, 0.9842597834286564984 ) ;
#3656 = CARTESIAN_POINT ( 'NONE',  ( 13.32705365434144440, 19.82163583045518962, 1014.913962591252925 ) ) ;
#3657 = CARTESIAN_POINT ( 'NONE',  ( 34.42847732750292522, -18.65303777888382086, 1003.100119513241225 ) ) ;
#3658 = VECTOR ( 'NONE', #3261, 1000.000000000000000 ) ;
#3659 = CYLINDRICAL_SURFACE ( 'NONE', #4780, 1.488739370277492036 ) ;
#3660 = AXIS2_PLACEMENT_3D ( 'NONE', #1415, #687, #2672 ) ;
#3661 = CYLINDRICAL_SURFACE ( 'NONE', #2267, 1.065469383577623885 ) ;
#3662 = VECTOR ( 'NONE', #4117, 1000.000000000000000 ) ;
#3663 = DIRECTION ( 'NONE',  ( 0.000000000000000000, 0.000000000000000000, -1.000000000000000000 ) ) ;
#3664 = CYLINDRICAL_SURFACE ( 'NONE', #4539, 1.250000000000002887 ) ;
#3665 = LINE ( 'NONE', #2918, #4027 ) ;
#3666 = CARTESIAN_POINT ( 'NONE',  ( -41.47721736514306201, 6.093707644691781944, 1016.713962591252880 ) ) ;
#3667 = CIRCLE ( 'NONE', #4797, 0.9842597834286564984 ) ;
#3668 = EDGE_CURVE ( 'NONE', #3845, #1581, #3531, .T. ) ;
#3669 = ORIENTED_EDGE ( 'NONE', *, *, #968, .F. ) ;
#3670 = VECTOR ( 'NONE', #4354, 1000.000000000000000 ) ;
#3671 = ORIENTED_EDGE ( 'NONE', *, *, #575, .F. ) ;
#3672 = DIRECTION ( 'NONE',  ( -1.000000000000000000, 0.000000000000000000, 0.000000000000000000 ) ) ;
#3673 = ORIENTED_EDGE ( 'NONE', *, *, #1378, .T. ) ;
#3674 = ORIENTED_EDGE ( 'NONE', *, *, #4408, .T. ) ;
#3675 = EDGE_CURVE ( 'NONE', #2531, #4734, #2358, .T. ) ;
#3676 = DIRECTION ( 'NONE',  ( -0.000000000000000000, -0.000000000000000000, -1.000000000000000000 ) ) ;
#3677 = CARTESIAN_POINT ( 'NONE',  ( 27.57081413091892585, 19.32163583045519317, 1009.913962591253039 ) ) ;
#3678 = LINE ( 'NONE', #3287, #3385 ) ;
#3679 = VERTEX_POINT ( 'NONE', #3480 ) ;
#3680 = EDGE_CURVE ( 'NONE', #3316, #1114, #4455, .T. ) ;
#3681 = ORIENTED_EDGE ( 'NONE', *, *, #2834, .T. ) ;
#3682 = ORIENTED_EDGE ( 'NONE', *, *, #378, .F. ) ;
#3683 = LINE ( 'NONE', #2078, #119 ) ;
#3684 = DIRECTION ( 'NONE',  ( 1.000000000000000000, 0.000000000000000000, 0.000000000000000000 ) ) ;
#3685 = AXIS2_PLACEMENT_3D ( 'NONE', #1024, #4525, #4920 ) ;
#3686 = DIRECTION ( 'NONE',  ( 1.000000000000000000, 0.000000000000000000, -0.000000000000000000 ) ) ;
#3687 = CARTESIAN_POINT ( 'NONE',  ( -31.34051892185214072, -14.54443224168380588, 1001.913962591253039 ) ) ;
#3688 = EDGE_CURVE ( 'NONE', #2315, #4096, #3896, .T. ) ;
#3689 = DIRECTION ( 'NONE',  ( 0.000000000000000000, -9.849086720322156431E-13, -1.000000000000000000 ) ) ;
#3690 = CARTESIAN_POINT ( 'NONE',  ( 32.99463058461726916, 12.31503181724918150, 1001.913962591253039 ) ) ;
#3691 = DIRECTION ( 'NONE',  ( 1.000000000000000000, -0.000000000000000000, -0.000000000000000000 ) ) ;
#3692 = LINE ( 'NONE', #1767, #4309 ) ;
#3693 = VECTOR ( 'NONE', #922, 1000.000000000000000 ) ;
#3694 = ORIENTED_EDGE ( 'NONE', *, *, #2639, .F. ) ;
#3695 = VERTEX_POINT ( 'NONE', #3552 ) ;
#3696 = EDGE_CURVE ( 'NONE', #3803, #2520, #915, .T. ) ;
#3697 = CARTESIAN_POINT ( 'NONE',  ( -36.97721736514306201, 20.82163583045519673, 1016.913962591252925 ) ) ;
#3698 = ORIENTED_EDGE ( 'NONE', *, *, #3804, .T. ) ;
#3699 = ORIENTED_EDGE ( 'NONE', *, *, #996, .F. ) ;
#3700 = ORIENTED_EDGE ( 'NONE', *, *, #3964, .F. ) ;
#3701 = ADVANCED_FACE ( 'NONE', ( #781 ), #804, .T. ) ;
#3702 = DIRECTION ( 'NONE',  ( -0.000000000000000000, -0.000000000000000000, -1.000000000000000000 ) ) ;
#3703 = CARTESIAN_POINT ( 'NONE',  ( -41.47721736514306201, 7.077967428120443216, 1014.913962591252925 ) ) ;
#3704 = ORIENTED_EDGE ( 'NONE', *, *, #4571, .F. ) ;
#3705 = ORIENTED_EDGE ( 'NONE', *, *, #4538, .F. ) ;
#3706 = ORIENTED_EDGE ( 'NONE', *, *, #394, .T. ) ;
#3707 = ADVANCED_FACE ( 'NONE', ( #2757 ), #3092, .F. ) ;
#3708 = CARTESIAN_POINT ( 'NONE',  ( 35.62847732750292806, 3.683063313312236353, 1005.510119513240056 ) ) ;
#3709 = LINE ( 'NONE', #242, #4957 ) ;
#3710 = CARTESIAN_POINT ( 'NONE',  ( 32.99463058461726916, 12.31503181724918150, 1001.913962591253039 ) ) ;
#3711 = DIRECTION ( 'NONE',  ( 1.000000000000000000, 0.000000000000000000, 0.000000000000000000 ) ) ;
#3712 = ADVANCED_FACE ( 'NONE', ( #4307 ), #1606, .F. ) ;
#3713 = CARTESIAN_POINT ( 'NONE',  ( -35.01129706319400015, -14.54443224168380233, 1001.913962591253039 ) ) ;
#3714 = DIRECTION ( 'NONE',  ( -1.000000000000000000, -5.181944496840982175E-16, 0.000000000000000000 ) ) ;
#3715 = LINE ( 'NONE', #2494, #595 ) ;
#3716 = EDGE_LOOP ( 'NONE', ( #183, #771, #1551, #4402, #4507, #939, #661, #2253 ) ) ;
#3717 = VERTEX_POINT ( 'NONE', #2335 ) ;
#3718 = CARTESIAN_POINT ( 'NONE',  ( 35.62847732750292806, 11.87306331331118869, 1003.100119513241225 ) ) ;
#3719 = AXIS2_PLACEMENT_3D ( 'NONE', #4861, #638, #1363 ) ;
#3720 = ORIENTED_EDGE ( 'NONE', *, *, #65, .T. ) ;
#3721 = VERTEX_POINT ( 'NONE', #828 ) ;
#3722 = ORIENTED_EDGE ( 'NONE', *, *, #673, .F. ) ;
#3723 = CIRCLE ( 'NONE', #4358, 3.249244658438010802 ) ;
#3724 = DIRECTION ( 'NONE',  ( 1.000000000000000000, 0.000000000000000000, 0.000000000000000000 ) ) ;
#3725 = DIRECTION ( 'NONE',  ( 0.000000000000000000, 0.000000000000000000, -1.000000000000000000 ) ) ;
#3726 = AXIS2_PLACEMENT_3D ( 'NONE', #1305, #148, #4431 ) ;
#3727 = ORIENTED_EDGE ( 'NONE', *, *, #2158, .F. ) ;
#3728 = ORIENTED_EDGE ( 'NONE', *, *, #4291, .T. ) ;
#3729 = EDGE_CURVE ( 'NONE', #3414, #624, #4373, .T. ) ;
#3730 = EDGE_CURVE ( 'NONE', #1364, #581, #3927, .T. ) ;
#3731 = VERTEX_POINT ( 'NONE', #4328 ) ;
#3732 = LINE ( 'NONE', #266, #4888 ) ;
#3733 = LINE ( 'NONE', #1204, #348 ) ;
#3734 = DIRECTION ( 'NONE',  ( -0.000000000000000000, -0.000000000000000000, -1.000000000000000000 ) ) ;
#3735 = DIRECTION ( 'NONE',  ( 1.000000000000000000, 0.000000000000000000, 0.000000000000000000 ) ) ;
#3736 = VECTOR ( 'NONE', #1983, 1000.000000000000000 ) ;
#3737 = AXIS2_PLACEMENT_3D ( 'NONE', #71, #1626, #4730 ) ;
#3738 = DIRECTION ( 'NONE',  ( 0.000000000000000000, 0.000000000000000000, -1.000000000000000000 ) ) ;
#3739 = PLANE ( 'NONE',  #4273 ) ;
#3740 = CARTESIAN_POINT ( 'NONE',  ( 34.42847732750292522, 13.62306331331042664, 1016.913962591252243 ) ) ;
#3741 = ORIENTED_EDGE ( 'NONE', *, *, #4396, .T. ) ;
#3742 = EDGE_CURVE ( 'NONE', #2951, #537, #1313, .T. ) ;
#3743 = ORIENTED_EDGE ( 'NONE', *, *, #1031, .F. ) ;
#3744 = VECTOR ( 'NONE', #117, 1000.000000000000000 ) ;
#3745 = VECTOR ( 'NONE', #1090, 1000.000000000000000 ) ;
#3746 = CARTESIAN_POINT ( 'NONE',  ( 35.07158772934651836, -8.909369376549079789, 1016.713962591252880 ) ) ;
#3747 = ORIENTED_EDGE ( 'NONE', *, *, #1362, .F. ) ;
#3748 = VECTOR ( 'NONE', #2104, 1000.000000000000000 ) ;
#3749 = VERTEX_POINT ( 'NONE', #395 ) ;
#3750 = EDGE_CURVE ( 'NONE', #696, #356, #2312, .T. ) ;
#3751 = CARTESIAN_POINT ( 'NONE',  ( -40.62032776698665515, 6.577967428120441440, 1016.713962591252880 ) ) ;
#3752 = FACE_OUTER_BOUND ( 'NONE', #462, .T. ) ;
#3753 = DIRECTION ( 'NONE',  ( -1.000000000000000000, 0.000000000000000000, 0.000000000000000000 ) ) ;
#3754 = VERTEX_POINT ( 'NONE', #1561 ) ;
#3755 = ORIENTED_EDGE ( 'NONE', *, *, #773, .T. ) ;
#3756 = ORIENTED_EDGE ( 'NONE', *, *, #3953, .F. ) ;
#3757 = EDGE_CURVE ( 'NONE', #1976, #3135, #431, .T. ) ;
#3758 = CYLINDRICAL_SURFACE ( 'NONE', #2045, 0.5743212343493758754 ) ;
#3759 = DIRECTION ( 'NONE',  ( -0.000000000000000000, -0.000000000000000000, -1.000000000000000000 ) ) ;
#3760 = CARTESIAN_POINT ( 'NONE',  ( 28.50874835414829889, -12.21471164223880734, 996.9139625912529254 ) ) ;
#3761 = CARTESIAN_POINT ( 'NONE',  ( -20.87579369198157053, 19.82163583045519317, 1014.913962591252925 ) ) ;
#3762 = EDGE_CURVE ( 'NONE', #1221, #2617, #463, .T. ) ;
#3763 = CARTESIAN_POINT ( 'NONE',  ( -31.32357194782616716, 9.339873066931188461, 1001.913962591253039 ) ) ;
#3764 = DIRECTION ( 'NONE',  ( -0.000000000000000000, -0.000000000000000000, -1.000000000000000000 ) ) ;
#3765 = DIRECTION ( 'NONE',  ( -0.000000000000000000, -0.000000000000000000, -1.000000000000000000 ) ) ;
#3766 = DIRECTION ( 'NONE',  ( -1.000000000000000000, 0.000000000000000000, 0.000000000000000000 ) ) ;
#3767 = ORIENTED_EDGE ( 'NONE', *, *, #3867, .F. ) ;
#3768 = AXIS2_PLACEMENT_3D ( 'NONE', #336, #2634, #1805 ) ;
#3769 = APPROVAL ( #4608, '未' ) ;
#3770 = EDGE_CURVE ( 'NONE', #4303, #4149, #3996, .T. ) ;
#3771 = CARTESIAN_POINT ( 'NONE',  ( 31.42847732750292522, -21.65303777888381731, 1001.913962591253039 ) ) ;
#3772 = VERTEX_POINT ( 'NONE', #1726 ) ;
#3773 = EDGE_LOOP ( 'NONE', ( #4792, #4858, #4627, #1172 ) ) ;
#3774 = EDGE_LOOP ( 'NONE', ( #1456, #3681, #4204, #4733 ) ) ;
#3775 = AXIS2_PLACEMENT_3D ( 'NONE', #3620, #2453, #2874 ) ;
#3776 = EDGE_CURVE ( 'NONE', #4098, #2951, #1343, .T. ) ;
#3777 = FACE_OUTER_BOUND ( 'NONE', #4498, .T. ) ;
#3778 = CARTESIAN_POINT ( 'NONE',  ( 24.64700021722460122, -19.65303777888381731, 1001.913962591253039 ) ) ;
#3779 = DIRECTION ( 'NONE',  ( -9.451529943690347701E-16, -1.000000000000000000, 0.000000000000000000 ) ) ;
#3780 = ORIENTED_EDGE ( 'NONE', *, *, #3633, .F. ) ;
#3781 = VERTEX_POINT ( 'NONE', #997 ) ;
#3782 = ORIENTED_EDGE ( 'NONE', *, *, #4724, .T. ) ;
#3783 = CARTESIAN_POINT ( 'NONE',  ( 28.64700021722461898, -11.54443224168380944, 996.9139625912529254 ) ) ;
#3784 = DIRECTION ( 'NONE',  ( -0.000000000000000000, -0.000000000000000000, -1.000000000000000000 ) ) ;
#3785 = FACE_OUTER_BOUND ( 'NONE', #1835, .T. ) ;
#3786 = CARTESIAN_POINT ( 'NONE',  ( -31.32357194782614584, 12.33987306693118668, 996.9139625912529254 ) ) ;
#3787 = FACE_OUTER_BOUND ( 'NONE', #4474, .T. ) ;
#3788 = CARTESIAN_POINT ( 'NONE',  ( -28.32357194782614584, 17.32163583045519317, 996.9139625912529254 ) ) ;
#3789 = CARTESIAN_POINT ( 'NONE',  ( 32.42847732750293233, -24.65303777888381731, 1016.913962591252925 ) ) ;
#3790 = CARTESIAN_POINT ( 'NONE',  ( -36.97721736514306201, -18.65303777888382086, 1014.913962591252925 ) ) ;
#3791 = VERTEX_POINT ( 'NONE', #4046 ) ;
#3792 = EDGE_CURVE ( 'NONE', #719, #1701, #539, .T. ) ;
#3793 = EDGE_CURVE ( 'NONE', #316, #3278, #4077, .T. ) ;
#3794 = DIRECTION ( 'NONE',  ( -0.000000000000000000, -0.000000000000000000, 1.000000000000000000 ) ) ;
#3795 = CYLINDRICAL_SURFACE ( 'NONE', #2516, 0.5743212343493758754 ) ;
#3796 = ORIENTED_EDGE ( 'NONE', *, *, #4268, .T. ) ;
#3797 = ORIENTED_EDGE ( 'NONE', *, *, #4641, .F. ) ;
#3798 = FACE_OUTER_BOUND ( 'NONE', #951, .T. ) ;
#3799 = DIRECTION ( 'NONE',  ( -1.000000000000000000, 0.000000000000000000, 0.000000000000000000 ) ) ;
#3800 = LINE ( 'NONE', #1806, #4139 ) ;
#3801 = APPROVAL_DATE_TIME ( #1076, #3141 ) ;
#3802 = ORIENTED_EDGE ( 'NONE', *, *, #2183, .F. ) ;
#3803 = VERTEX_POINT ( 'NONE', #894 ) ;
#3804 = EDGE_CURVE ( 'NONE', #2428, #3994, #2952, .T. ) ;
#3805 = VECTOR ( 'NONE', #4380, 1000.000000000000000 ) ;
#3806 = CARTESIAN_POINT ( 'NONE',  ( 34.42847732750292522, -18.65303777888382086, 996.9139625912529254 ) ) ;
#3807 = FACE_OUTER_BOUND ( 'NONE', #3773, .T. ) ;
#3808 = DIRECTION ( 'NONE',  ( 0.000000000000000000, 0.000000000000000000, 1.000000000000000000 ) ) ;
#3809 = FACE_OUTER_BOUND ( 'NONE', #801, .T. ) ;
#3810 = VECTOR ( 'NONE', #2569, 1000.000000000000000 ) ;
#3811 = DIRECTION ( 'NONE',  ( 0.000000000000000000, 1.000000000000000000, 0.000000000000000000 ) ) ;
#3812 = CYLINDRICAL_SURFACE ( 'NONE', #3408, 4.500000000000003553 ) ;
#3813 = DIRECTION ( 'NONE',  ( 0.000000000000000000, 0.000000000000000000, -1.000000000000000000 ) ) ;
#3814 = CARTESIAN_POINT ( 'NONE',  ( 31.42847732750292522, -23.15303777888382086, 1016.913962591252925 ) ) ;
#3815 = ORIENTED_EDGE ( 'NONE', *, *, #1624, .T. ) ;
#3816 = VECTOR ( 'NONE', #3982, 1000.000000000000000 ) ;
#3817 = VECTOR ( 'NONE', #1911, 1000.000000000000000 ) ;
#3818 = CARTESIAN_POINT ( 'NONE',  ( -31.34051892185214072, -14.54443224168380588, 996.9139625912529254 ) ) ;
#3819 = CARTESIAN_POINT ( 'NONE',  ( 35.92847732750292522, 16.32163583045519673, 1014.913962591252925 ) ) ;
#3820 = EDGE_CURVE ( 'NONE', #3120, #25, #3455, .T. ) ;
#3821 = ADVANCED_FACE ( 'NONE', ( #4397 ), #4836, .F. ) ;
#3822 = CIRCLE ( 'NONE', #32, 0.3000000000000016542 ) ;
#3823 = CIRCLE ( 'NONE', #3660, 1.488739370277492036 ) ;
#3824 = ORIENTED_EDGE ( 'NONE', *, *, #4369, .F. ) ;
#3825 = ORIENTED_EDGE ( 'NONE', *, *, #1886, .T. ) ;
#3826 = CIRCLE ( 'NONE', #3169, 1.999999999999998224 ) ;
#3827 = VECTOR ( 'NONE', #4962, 1000.000000000000000 ) ;
#3828 = CARTESIAN_POINT ( 'NONE',  ( 16.07705365434144795, 20.82163583045518962, 1016.713962591252880 ) ) ;
#3829 = DIRECTION ( 'NONE',  ( -1.000000000000000000, 0.000000000000000000, 0.000000000000000000 ) ) ;
#3830 = CARTESIAN_POINT ( 'NONE',  ( -33.92590926252307781, 16.58075571869518683, 1009.913962591253039 ) ) ;
#3831 = ORIENTED_EDGE ( 'NONE', *, *, #1146, .T. ) ;
#3832 = CIRCLE ( 'NONE', #3340, 3.000000000000002665 ) ;
#3833 = ORIENTED_EDGE ( 'NONE', *, *, #298, .F. ) ;
#3834 = EDGE_CURVE ( 'NONE', #1119, #139, #1917, .T. ) ;
#3835 = DIRECTION ( 'NONE',  ( 1.000000000000000000, 0.000000000000000000, 0.000000000000000000 ) ) ;
#3836 = CARTESIAN_POINT ( 'NONE',  ( 37.42847732750293233, -1.167094277858412132, 1001.500119513241088 ) ) ;
#3837 = DIRECTION ( 'NONE',  ( -0.000000000000000000, -0.000000000000000000, 1.000000000000000000 ) ) ;
#3838 = PLANE ( 'NONE',  #4619 ) ;
#3839 = ORIENTED_EDGE ( 'NONE', *, *, #528, .T. ) ;
#3840 = ADVANCED_FACE ( 'NONE', ( #161 ), #2094, .F. ) ;
#3841 = CARTESIAN_POINT ( 'NONE',  ( 32.22847732750289396, -21.11880338007142299, 996.9139625912529254 ) ) ;
#3842 = DIRECTION ( 'NONE',  ( 0.000000000000000000, 0.000000000000000000, 1.000000000000000000 ) ) ;
#3843 = CARTESIAN_POINT ( 'NONE',  ( 35.62847732750292806, 14.92306331331015379, 1004.850119513241111 ) ) ;
#3844 = DIRECTION ( 'NONE',  ( -1.000000000000000000, 0.000000000000000000, 0.000000000000000000 ) ) ;
#3845 = VERTEX_POINT ( 'NONE', #3308 ) ;
#3846 = DIRECTION ( 'NONE',  ( 0.000000000000000000, 0.000000000000000000, 1.000000000000000000 ) ) ;
#3847 = CARTESIAN_POINT ( 'NONE',  ( -41.97721736514307622, -7.232593278003813353, 1003.510549799801765 ) ) ;
#3848 = VECTOR ( 'NONE', #1049, 1000.000000000000000 ) ;
#3849 = VERTEX_POINT ( 'NONE', #970 ) ;
#3850 = ORIENTED_EDGE ( 'NONE', *, *, #710, .T. ) ;
#3851 = AXIS2_PLACEMENT_3D ( 'NONE', #552, #3989, #531 ) ;
#3852 = CARTESIAN_POINT ( 'NONE',  ( 29.99463058461724785, 9.315031817249181501, 1001.913962591253039 ) ) ;
#3853 = CYLINDRICAL_SURFACE ( 'NONE', #3925, 1.999999999999998224 ) ;
#3854 = DIRECTION ( 'NONE',  ( -0.000000000000000000, -0.000000000000000000, -1.000000000000000000 ) ) ;
#3855 = ORIENTED_EDGE ( 'NONE', *, *, #394, .F. ) ;
#3856 = ADVANCED_FACE ( 'NONE', ( #2147 ), #2424, .F. ) ;
#3857 = DIRECTION ( 'NONE',  ( -1.000000000000000000, 0.000000000000000000, -0.000000000000000000 ) ) ;
#3858 = CARTESIAN_POINT ( 'NONE',  ( 32.42847732750293233, -24.65303777888381376, 994.9139625912529254 ) ) ;
#3859 = DIRECTION ( 'NONE',  ( -0.000000000000000000, -0.000000000000000000, -1.000000000000000000 ) ) ;
#3860 = ORIENTED_EDGE ( 'NONE', *, *, #3374, .T. ) ;
#3861 = EDGE_LOOP ( 'NONE', ( #2869, #4082, #3880, #1550 ) ) ;
#3862 = DIRECTION ( 'NONE',  ( -0.000000000000000000, 1.000000000000000000, -0.000000000000000000 ) ) ;
#3863 = PLANE ( 'NONE',  #750 ) ;
#3864 = DIRECTION ( 'NONE',  ( -0.000000000000000000, -0.000000000000000000, -1.000000000000000000 ) ) ;
#3865 = CARTESIAN_POINT ( 'NONE',  ( 35.62847732750292806, 13.62306331331013887, 1004.850119513241111 ) ) ;
#3866 = ORIENTED_EDGE ( 'NONE', *, *, #962, .T. ) ;
#3867 = EDGE_CURVE ( 'NONE', #2129, #2844, #1321, .T. ) ;
#3868 = CARTESIAN_POINT ( 'NONE',  ( -37.97721736514308333, 17.32163583045519317, 1016.913962591252925 ) ) ;
#3869 = DIRECTION ( 'NONE',  ( 0.000000000000000000, 0.000000000000000000, 1.000000000000000000 ) ) ;
#3870 = VERTEX_POINT ( 'NONE', #2850 ) ;
#3871 = ORIENTED_EDGE ( 'NONE', *, *, #1290, .T. ) ;
#3872 = PLANE ( 'NONE',  #4942 ) ;
#3873 = CARTESIAN_POINT ( 'NONE',  ( 28.64700021722461898, -11.54443224168380944, 1001.913962591253039 ) ) ;
#3874 = VERTEX_POINT ( 'NONE', #945 ) ;
#3875 = CARTESIAN_POINT ( 'NONE',  ( -28.32357194782614584, 12.33987306693120978, 996.9139625912529254 ) ) ;
#3876 = LINE ( 'NONE', #3836, #1080 ) ;
#3877 = CIRCLE ( 'NONE', #1693, 0.7500012700000016075 ) ;
#3878 = EDGE_CURVE ( 'NONE', #2246, #4098, #3365, .T. ) ;
#3879 = FACE_OUTER_BOUND ( 'NONE', #290, .T. ) ;
#3880 = ORIENTED_EDGE ( 'NONE', *, *, #193, .F. ) ;
#3881 = ORIENTED_EDGE ( 'NONE', *, *, #1316, .T. ) ;
#3882 = DIRECTION ( 'NONE',  ( 0.000000000000000000, 1.000000000000000000, 0.000000000000000000 ) ) ;
#3883 = CARTESIAN_POINT ( 'NONE',  ( 32.22847732750289396, -19.65303777888381376, 1003.413962591253039 ) ) ;
#3884 = LINE ( 'NONE', #1614, #2203 ) ;
#3885 = LINE ( 'NONE', #1968, #2900 ) ;
#3886 = VECTOR ( 'NONE', #653, 1000.000000000000000 ) ;
#3887 = ORIENTED_EDGE ( 'NONE', *, *, #3588, .F. ) ;
#3888 = FACE_OUTER_BOUND ( 'NONE', #292, .T. ) ;
#3889 = LINE ( 'NONE', #434, #761 ) ;
#3890 = EDGE_CURVE ( 'NONE', #4499, #4149, #1115, .T. ) ;
#3891 = VERTEX_POINT ( 'NONE', #212 ) ;
#3892 = ORIENTED_EDGE ( 'NONE', *, *, #2631, .F. ) ;
#3893 = CIRCLE ( 'NONE', #3499, 0.2999999999999669598 ) ;
#3894 = VECTOR ( 'NONE', #360, 1000.000000000000000 ) ;
#3895 = CARTESIAN_POINT ( 'NONE',  ( -38.02824403722000568, 18.65931137067387979, 996.9139625912529254 ) ) ;
#3896 = CIRCLE ( 'NONE', #4706, 4.850008132514016523 ) ;
#3897 = EDGE_CURVE ( 'NONE', #537, #2246, #1366, .T. ) ;
#3898 = DIRECTION ( 'NONE',  ( -1.000000000000000000, 0.000000000000000000, 0.000000000000000000 ) ) ;
#3899 = ORIENTED_EDGE ( 'NONE', *, *, #1280, .T. ) ;
#3900 = VECTOR ( 'NONE', #1466, 1000.000000000000000 ) ;
#3901 = VECTOR ( 'NONE', #2910, 1000.000000000000000 ) ;
#3902 = DIRECTION ( 'NONE',  ( 1.000000000000000000, -0.000000000000000000, 0.000000000000000000 ) ) ;
#3903 = LINE ( 'NONE', #3162, #4958 ) ;
#3904 = VECTOR ( 'NONE', #303, 1000.000000000000000 ) ;
#3905 = LINE ( 'NONE', #2426, #737 ) ;
#3906 = VECTOR ( 'NONE', #1209, 1000.000000000000000 ) ;
#3907 = ORIENTED_EDGE ( 'NONE', *, *, #441, .T. ) ;
#3908 = VERTEX_POINT ( 'NONE', #2048 ) ;
#3909 = ADVANCED_FACE ( 'NONE', ( #2800 ), #4448, .T. ) ;
#3910 = CARTESIAN_POINT ( 'NONE',  ( 29.07081667092392507, 19.32163583045519317, 1001.913962591253039 ) ) ;
#3911 = LINE ( 'NONE', #1941, #4777 ) ;
#3912 = CARTESIAN_POINT ( 'NONE',  ( 37.12847732750292806, 5.433063313312188392, 1008.560119513240124 ) ) ;
#3913 = DIRECTION ( 'NONE',  ( -1.000000000000000000, 0.000000000000000000, 0.000000000000000000 ) ) ;
#3914 = EDGE_LOOP ( 'NONE', ( #3290, #944, #4017, #796 ) ) ;
#3915 = ADVANCED_FACE ( 'NONE', ( #4554 ), #4200, .F. ) ;
#3916 = ADVANCED_FACE ( 'NONE', ( #748 ), #4128, .T. ) ;
#3917 = PLANE ( 'NONE',  #39 ) ;
#3918 = DIRECTION ( 'NONE',  ( -0.000000000000000000, -0.000000000000000000, 1.000000000000000000 ) ) ;
#3919 = AXIS2_PLACEMENT_3D ( 'NONE', #517, #491, #2024 ) ;
#3920 = ORIENTED_EDGE ( 'NONE', *, *, #1811, .F. ) ;
#3921 = ORIENTED_EDGE ( 'NONE', *, *, #3121, .T. ) ;
#3922 = ADVANCED_FACE ( 'NONE', ( #669 ), #698, .T. ) ;
#3923 = LINE ( 'NONE', #2046, #494 ) ;
#3924 = ORIENTED_EDGE ( 'NONE', *, *, #655, .F. ) ;
#3925 = AXIS2_PLACEMENT_3D ( 'NONE', #2710, #1953, #4363 ) ;
#3926 = EDGE_CURVE ( 'NONE', #2904, #4811, #2560, .T. ) ;
#3927 = LINE ( 'NONE', #465, #4785 ) ;
#3928 = FACE_OUTER_BOUND ( 'NONE', #2196, .T. ) ;
#3929 = LINE ( 'NONE', #875, #305 ) ;
#3930 = VERTEX_POINT ( 'NONE', #2170 ) ;
#3931 = ORIENTED_EDGE ( 'NONE', *, *, #802, .F. ) ;
#3932 = DIRECTION ( 'NONE',  ( 1.000000000000000000, 0.000000000000000000, 0.000000000000000000 ) ) ;
#3933 = LINE ( 'NONE', #4719, #3568 ) ;
#3934 = CARTESIAN_POINT ( 'NONE',  ( 13.32705365434141598, -22.15303777888381376, 1014.913962591252925 ) ) ;
#3935 = DIRECTION ( 'NONE',  ( 0.000000000000000000, -0.000000000000000000, 1.000000000000000000 ) ) ;
#3936 = CARTESIAN_POINT ( 'NONE',  ( 37.12847732750292806, 11.87306331331018860, 1004.850119513241111 ) ) ;
#3937 = DIRECTION ( 'NONE',  ( -1.000000000000000000, 0.000000000000000000, 0.000000000000000000 ) ) ;
#3938 = ORIENTED_EDGE ( 'NONE', *, *, #4576, .F. ) ;
#3939 = EDGE_CURVE ( 'NONE', #1114, #1196, #2660, .T. ) ;
#3940 = ORIENTED_EDGE ( 'NONE', *, *, #1208, .T. ) ;
#3941 = CARTESIAN_POINT ( 'NONE',  ( 37.12847732750292806, 15.22306331331012252, 1004.850119513241111 ) ) ;
#3942 = EDGE_LOOP ( 'NONE', ( #1795, #4506, #4818, #505 ) ) ;
#3943 = ADVANCED_FACE ( 'NONE', ( #4945 ), #3393, .F. ) ;
#3944 = DIRECTION ( 'NONE',  ( 0.000000000000000000, 1.000000000000000000, -2.102695122399332711E-14 ) ) ;
#3945 = CARTESIAN_POINT ( 'NONE',  ( 26.64700021722460477, -21.65303777888381731, 1001.913962591253039 ) ) ;
#3946 = DIRECTION ( 'NONE',  ( 0.000000000000000000, 0.000000000000000000, 1.000000000000000000 ) ) ;
#3947 = ORIENTED_EDGE ( 'NONE', *, *, #4749, .F. ) ;
#3948 = EDGE_CURVE ( 'NONE', #3237, #3434, #2311, .T. ) ;
#3949 = ORIENTED_EDGE ( 'NONE', *, *, #2480, .F. ) ;
#3950 = VECTOR ( 'NONE', #1722, 1000.000000000000000 ) ;
#3951 = CARTESIAN_POINT ( 'NONE',  ( 31.42847732750292522, 19.32163583045519317, 1001.913962591253039 ) ) ;
#3952 = PLANE ( 'NONE',  #4697 ) ;
#3953 = EDGE_CURVE ( 'NONE', #581, #278, #3369, .T. ) ;
#3954 = CARTESIAN_POINT ( 'NONE',  ( -37.97721736514308333, -24.65303777888381376, 994.9139625912529254 ) ) ;
#3955 = CARTESIAN_POINT ( 'NONE',  ( -36.97721736514306201, 20.82163583045519673, 1016.913962591252925 ) ) ;
#3956 = CYLINDRICAL_SURFACE ( 'NONE', #4767, 4.999999999999997335 ) ;
#3957 = VECTOR ( 'NONE', #4461, 1000.000000000000000 ) ;
#3958 = CARTESIAN_POINT ( 'NONE',  ( -36.97721736514306201, -23.15303777888382086, 1014.913962591252925 ) ) ;
#3959 = CARTESIAN_POINT ( 'NONE',  ( -39.97721736514306912, -14.23259327800181495, 1007.089689327331826 ) ) ;
#3960 = ORIENTED_EDGE ( 'NONE', *, *, #2706, .T. ) ;
#3961 = ORIENTED_EDGE ( 'NONE', *, *, #156, .T. ) ;
#3962 = AXIS2_PLACEMENT_3D ( 'NONE', #4063, #606, #4853 ) ;
#3963 = ADVANCED_FACE ( 'NONE', ( #4154 ), #1427, .F. ) ;
#3964 = EDGE_CURVE ( 'NONE', #1976, #3031, #1480, .T. ) ;
#3965 = CYLINDRICAL_SURFACE ( 'NONE', #1222, 4.500000000000003553 ) ;
#3966 = VECTOR ( 'NONE', #2582, 1000.000000000000000 ) ;
#3967 = ORIENTED_EDGE ( 'NONE', *, *, #4342, .T. ) ;
#3968 = CIRCLE ( 'NONE', #1073, 4.999999999999997335 ) ;
#3969 = AXIS2_PLACEMENT_3D ( 'NONE', #4320, #794, #2377 ) ;
#3970 = VECTOR ( 'NONE', #3136, 1000.000000000000000 ) ;
#3971 = CARTESIAN_POINT ( 'NONE',  ( -42.97721736514308333, -19.65303777888381731, 1016.913962591252925 ) ) ;
#3972 = DIRECTION ( 'NONE',  ( -1.000000000000000000, -0.000000000000000000, -0.000000000000000000 ) ) ;
#3973 = CARTESIAN_POINT ( 'NONE',  ( -40.62032776698665515, 8.577967428120441440, 1014.913962591252925 ) ) ;
#3974 = EDGE_LOOP ( 'NONE', ( #84, #47 ) ) ;
#3975 = ORIENTED_EDGE ( 'NONE', *, *, #4039, .T. ) ;
#3976 = AXIS2_PLACEMENT_3D ( 'NONE', #4433, #2109, #1037 ) ;
#3977 = ADVANCED_FACE ( 'NONE', ( #3752 ), #1452, .T. ) ;
#3978 = DIRECTION ( 'NONE',  ( -0.000000000000000000, -1.000000000000000000, -0.000000000000000000 ) ) ;
#3979 = VECTOR ( 'NONE', #4253, 1000.000000000000000 ) ;
#3980 = AXIS2_PLACEMENT_3D ( 'NONE', #2485, #218, #1374 ) ;
#3981 = CARTESIAN_POINT ( 'NONE',  ( -42.97721736514308333, 17.32163583045519317, 994.9139625912529254 ) ) ;
#3982 = DIRECTION ( 'NONE',  ( -1.000000000000000000, -0.000000000000000000, -0.000000000000000000 ) ) ;
#3983 = PLANE ( 'NONE',  #272 ) ;
#3984 = LINE ( 'NONE', #2157, #982 ) ;
#3985 = VECTOR ( 'NONE', #3375, 1000.000000000000000 ) ;
#3986 = EDGE_CURVE ( 'NONE', #4811, #4701, #2464, .T. ) ;
#3987 = CARTESIAN_POINT ( 'NONE',  ( -33.17590799252307221, -18.84873628028381276, 1009.913962591253039 ) ) ;
#3988 = CARTESIAN_POINT ( 'NONE',  ( -41.97721736514307622, -7.232593278003813353, 1003.810549799801720 ) ) ;
#3989 = DIRECTION ( 'NONE',  ( -0.000000000000000000, -0.000000000000000000, -1.000000000000000000 ) ) ;
#3990 = DIRECTION ( 'NONE',  ( -0.000000000000000000, -0.000000000000000000, -1.000000000000000000 ) ) ;
#3991 = ORIENTED_EDGE ( 'NONE', *, *, #1747, .F. ) ;
#3992 = ORIENTED_EDGE ( 'NONE', *, *, #1972, .T. ) ;
#3993 = DIRECTION ( 'NONE',  ( -1.000000000000000000, 0.000000000000000000, 0.000000000000000000 ) ) ;
#3994 = VERTEX_POINT ( 'NONE', #2226 ) ;
#3995 = ORIENTED_EDGE ( 'NONE', *, *, #4849, .F. ) ;
#3996 = LINE ( 'NONE', #3971, #2473 ) ;
#3997 = LINE ( 'NONE', #2851, #4783 ) ;
#3998 = DIRECTION ( 'NONE',  ( -1.000000000000000000, 0.000000000000000000, 0.000000000000000000 ) ) ;
#3999 = VERTEX_POINT ( 'NONE', #287 ) ;
#4000 = EDGE_LOOP ( 'NONE', ( #3722, #1719, #1927, #1853 ) ) ;
#4001 = EDGE_CURVE ( 'NONE', #2382, #2144, #3530, .T. ) ;
#4002 = VERTEX_POINT ( 'NONE', #2932 ) ;
#4003 = LINE ( 'NONE', #142, #1559 ) ;
#4004 = CARTESIAN_POINT ( 'NONE',  ( 28.64700021722460122, -13.54443224168380944, 1001.913962591253039 ) ) ;
#4005 = CARTESIAN_POINT ( 'NONE',  ( -39.97721736514306912, -18.65303777888382086, 1016.913962591252925 ) ) ;
#4006 = DIRECTION ( 'NONE',  ( -0.000000000000000000, -0.000000000000000000, -1.000000000000000000 ) ) ;
#4007 = DIRECTION ( 'NONE',  ( -0.000000000000000000, -0.000000000000000000, -1.000000000000000000 ) ) ;
#4008 = EDGE_CURVE ( 'NONE', #1191, #4156, #1879, .T. ) ;
#4009 = CARTESIAN_POINT ( 'NONE',  ( 29.57421773772592033, -12.21471164223880734, 996.9139625912529254 ) ) ;
#4010 = AXIS2_PLACEMENT_3D ( 'NONE', #3029, #1942, #1468 ) ;
#4011 = DIRECTION ( 'NONE',  ( 0.000000000000000000, 0.000000000000000000, -1.000000000000000000 ) ) ;
#4012 = LINE ( 'NONE', #2162, #2288 ) ;
#4013 = ORIENTED_EDGE ( 'NONE', *, *, #4790, .F. ) ;
#4014 = ADVANCED_FACE ( 'NONE', ( #4974 ), #3039, .F. ) ;
#4015 = ORIENTED_EDGE ( 'NONE', *, *, #1788, .T. ) ;
#4016 = CARTESIAN_POINT ( 'NONE',  ( 26.64700021722460477, -21.65303777888381731, 996.9139625912529254 ) ) ;
#4017 = ORIENTED_EDGE ( 'NONE', *, *, #3051, .F. ) ;
#4018 = ORIENTED_EDGE ( 'NONE', *, *, #347, .T. ) ;
#4019 = CARTESIAN_POINT ( 'NONE',  ( -37.97721736514308333, -19.65303777888381731, 994.9139625912529254 ) ) ;
#4020 = DIRECTION ( 'NONE',  ( -1.000000000000000000, 0.000000000000000000, 0.000000000000000000 ) ) ;
#4021 = DIRECTION ( 'NONE',  ( -1.000000000000000000, 0.000000000000000000, 0.000000000000000000 ) ) ;
#4022 = ORIENTED_EDGE ( 'NONE', *, *, #673, .T. ) ;
#4023 = ORIENTED_EDGE ( 'NONE', *, *, #892, .F. ) ;
#4024 = ORIENTED_EDGE ( 'NONE', *, *, #3897, .T. ) ;
#4025 = APPROVAL_PERSON_ORGANIZATION ( #2479, #3141, #3344 ) ;
#4026 = CARTESIAN_POINT ( 'NONE',  ( 35.92847732750293943, 6.093707644691767733, 1016.713962591252880 ) ) ;
#4027 = VECTOR ( 'NONE', #4491, 1000.000000000000000 ) ;
#4028 = EDGE_CURVE ( 'NONE', #1749, #1269, #1430, .T. ) ;
#4029 = LINE ( 'NONE', #569, #3748 ) ;
#4030 = DIRECTION ( 'NONE',  ( 0.000000000000000000, 0.000000000000000000, 1.000000000000000000 ) ) ;
#4031 = DIRECTION ( 'NONE',  ( -1.000000000000000000, 0.000000000000000000, 0.000000000000000000 ) ) ;
#4032 = CARTESIAN_POINT ( 'NONE',  ( 32.22847732750289396, -13.54443224168382187, 1001.913962591253039 ) ) ;
#4033 = LINE ( 'NONE', #3296, #2269 ) ;
#4034 = DIRECTION ( 'NONE',  ( -5.181944496840982175E-16, 1.000000000000000000, 0.000000000000000000 ) ) ;
#4035 = DIRECTION ( 'NONE',  ( -1.000000000000000000, -0.000000000000000000, -0.000000000000000000 ) ) ;
#4036 = ORIENTED_EDGE ( 'NONE', *, *, #4396, .F. ) ;
#4037 = ORIENTED_EDGE ( 'NONE', *, *, #4415, .T. ) ;
#4038 = VECTOR ( 'NONE', #2421, 1000.000000000000000 ) ;
#4039 = EDGE_CURVE ( 'NONE', #4158, #3874, #297, .T. ) ;
#4040 = CARTESIAN_POINT ( 'NONE',  ( -40.62032776698665515, 6.577967428120442328, 1014.913962591252925 ) ) ;
#4041 = EDGE_LOOP ( 'NONE', ( #2795, #4124, #1346, #1476 ) ) ;
#4042 = VERTEX_POINT ( 'NONE', #2467 ) ;
#4043 = CIRCLE ( 'NONE', #4612, 0.7500012700010008082 ) ;
#4044 = VECTOR ( 'NONE', #1497, 1000.000000000000000 ) ;
#4045 = EDGE_CURVE ( 'NONE', #4173, #4418, #2469, .T. ) ;
#4046 = CARTESIAN_POINT ( 'NONE',  ( 26.64700021722460477, -13.54443224168382187, 996.9139625912529254 ) ) ;
#4047 = CARTESIAN_POINT ( 'NONE',  ( -35.02824403722000568, 12.33987306693118668, 1001.913962591253039 ) ) ;
#4048 = CYLINDRICAL_SURFACE ( 'NONE', #3348, 2.999999999999995559 ) ;
#4049 = ORIENTED_EDGE ( 'NONE', *, *, #3878, .T. ) ;
#4050 = VERTEX_POINT ( 'NONE', #2063 ) ;
#4051 = AXIS2_PLACEMENT_3D ( 'NONE', #2543, #4823, #4056 ) ;
#4052 = ORIENTED_EDGE ( 'NONE', *, *, #760, .F. ) ;
#4053 = CIRCLE ( 'NONE', #1878, 3.000000000000002665 ) ;
#4054 = DIRECTION ( 'NONE',  ( 1.000000000000000000, 0.000000000000000000, -0.000000000000000000 ) ) ;
#4055 = DIRECTION ( 'NONE',  ( 0.000000000000000000, 0.000000000000000000, 1.000000000000000000 ) ) ;
#4056 = DIRECTION ( 'NONE',  ( 1.000000000000000000, 0.000000000000000000, 0.000000000000000000 ) ) ;
#4057 = CIRCLE ( 'NONE', #827, 4.999999999999997335 ) ;
#4058 = DIRECTION ( 'NONE',  ( -0.000000000000000000, -0.000000000000000000, -1.000000000000000000 ) ) ;
#4059 = EDGE_CURVE ( 'NONE', #4701, #2428, #2331, .T. ) ;
#4060 = VECTOR ( 'NONE', #2309, 1000.000000000000000 ) ;
#4061 = VECTOR ( 'NONE', #2441, 1000.000000000000000 ) ;
#4062 = LINE ( 'NONE', #4826, #920 ) ;
#4063 = CARTESIAN_POINT ( 'NONE',  ( 28.32081540092092453, 16.56833509385418779, 1001.913962591253039 ) ) ;
#4064 = CARTESIAN_POINT ( 'NONE',  ( -32.42590672252307371, 19.32163583045519317, 1001.913962591253039 ) ) ;
#4065 = CARTESIAN_POINT ( 'NONE',  ( -28.34051892185214072, -14.54443224168383253, 996.9139625912529254 ) ) ;
#4066 = AXIS2_PLACEMENT_3D ( 'NONE', #498, #1234, #904 ) ;
#4067 = VECTOR ( 'NONE', #4596, 1000.000000000000000 ) ;
#4068 = ORIENTED_EDGE ( 'NONE', *, *, #1894, .T. ) ;
#4069 = AXIS2_PLACEMENT_3D ( 'NONE', #1276, #1231, #27 ) ;
#4070 = VERTEX_POINT ( 'NONE', #1930 ) ;
#4071 = ADVANCED_FACE ( 'NONE', ( #4252 ), #3853, .T. ) ;
#4072 = DIRECTION ( 'NONE',  ( 1.000000000000000000, 0.000000000000000000, 0.000000000000000000 ) ) ;
#4073 = ORIENTED_EDGE ( 'NONE', *, *, #957, .T. ) ;
#4074 = VERTEX_POINT ( 'NONE', #3591 ) ;
#4075 = VERTEX_POINT ( 'NONE', #3959 ) ;
#4076 = EDGE_CURVE ( 'NONE', #4323, #54, #3037, .T. ) ;
#4077 = LINE ( 'NONE', #2821, #2791 ) ;
#4078 = CARTESIAN_POINT ( 'NONE',  ( -33.97721736514307622, -14.23259327800181495, 1003.810549799801720 ) ) ;
#4079 = DIRECTION ( 'NONE',  ( 0.000000000000000000, 0.000000000000000000, 1.000000000000000000 ) ) ;
#4080 = ORIENTED_EDGE ( 'NONE', *, *, #2401, .F. ) ;
#4081 = ORIENTED_EDGE ( 'NONE', *, *, #97, .T. ) ;
#4082 = ORIENTED_EDGE ( 'NONE', *, *, #3612, .T. ) ;
#4083 = EDGE_CURVE ( 'NONE', #2387, #318, #4088, .T. ) ;
#4084 = FACE_OUTER_BOUND ( 'NONE', #2069, .T. ) ;
#4085 = FACE_OUTER_BOUND ( 'NONE', #671, .T. ) ;
#4086 = CARTESIAN_POINT ( 'NONE',  ( 32.42847732750293233, 11.87306331331118869, 1003.100119513241225 ) ) ;
#4087 = CARTESIAN_POINT ( 'NONE',  ( 29.07081667092342769, 16.56833509385418779, 1009.913962591253039 ) ) ;
#4088 = CIRCLE ( 'NONE', #3191, 2.000000000000001776 ) ;
#4089 = DIRECTION ( 'NONE',  ( 0.000000000000000000, 0.000000000000000000, 1.000000000000000000 ) ) ;
#4090 = LINE ( 'NONE', #3988, #1792 ) ;
#4091 = DIRECTION ( 'NONE',  ( -0.000000000000000000, -0.000000000000000000, -1.000000000000000000 ) ) ;
#4092 = DIRECTION ( 'NONE',  ( -0.000000000000000000, -0.000000000000000000, -1.000000000000000000 ) ) ;
#4093 = ORIENTED_EDGE ( 'NONE', *, *, #863, .F. ) ;
#4094 = EDGE_LOOP ( 'NONE', ( #4174, #807, #1533, #428 ) ) ;
#4095 = CARTESIAN_POINT ( 'NONE',  ( -37.97721736514308333, 22.32163583045519673, 1016.913962591252925 ) ) ;
#4096 = VERTEX_POINT ( 'NONE', #4230 ) ;
#4097 = ADVANCED_FACE ( 'NONE', ( #2308 ), #503, .F. ) ;
#4098 = VERTEX_POINT ( 'NONE', #4606 ) ;
#4099 = ORIENTED_EDGE ( 'NONE', *, *, #1023, .T. ) ;
#4100 = VECTOR ( 'NONE', #4215, 1000.000000000000000 ) ;
#4101 = CARTESIAN_POINT ( 'NONE',  ( 37.42847732750293233, -19.65303777888381731, 1016.913962591252925 ) ) ;
#4102 = FACE_OUTER_BOUND ( 'NONE', #2627, .T. ) ;
#4103 = CARTESIAN_POINT ( 'NONE',  ( -37.97721736514308333, 22.32163583045519673, 1016.913962591252925 ) ) ;
#4104 = EDGE_LOOP ( 'NONE', ( #534, #279, #1388, #2728 ) ) ;
#4105 = ORIENTED_EDGE ( 'NONE', *, *, #4045, .F. ) ;
#4106 = ORIENTED_EDGE ( 'NONE', *, *, #1023, .F. ) ;
#4107 = EDGE_CURVE ( 'NONE', #3639, #3999, #1028, .T. ) ;
#4108 = CARTESIAN_POINT ( 'NONE',  ( -38.31129706319399730, -21.00042597840437253, 1001.913962591253039 ) ) ;
#4109 = CARTESIAN_POINT ( 'NONE',  ( -38.47835811189522559, 18.91905309736484497, 1016.913962591252925 ) ) ;
#4110 = LINE ( 'NONE', #269, #4628 ) ;
#4111 = CARTESIAN_POINT ( 'NONE',  ( -31.34051892185216204, -11.54443224168380766, 1001.913962591253039 ) ) ;
#4112 = CC_DESIGN_APPROVAL ( #3440, ( #4324 ) ) ;
#4113 = TOROIDAL_SURFACE ( 'NONE', #1411, 5.150008132514018122, 0.2999999999999999889 ) ;
#4114 = CARTESIAN_POINT ( 'NONE',  ( -33.97721736514307622, -7.232593278003813353, 1007.089689327331826 ) ) ;
#4115 = CARTESIAN_POINT ( 'NONE',  ( -33.92590926252307781, -18.84873628028381276, 1009.913962591253039 ) ) ;
#4116 = FACE_OUTER_BOUND ( 'NONE', #4327, .T. ) ;
#4117 = DIRECTION ( 'NONE',  ( -0.000000000000000000, -1.000000000000000000, -0.000000000000000000 ) ) ;
#4118 = ORIENTED_EDGE ( 'NONE', *, *, #122, .T. ) ;
#4119 = ORIENTED_EDGE ( 'NONE', *, *, #1603, .F. ) ;
#4120 = CARTESIAN_POINT ( 'NONE',  ( -33.92590926252307781, 17.32163583045618793, 1009.913962591253039 ) ) ;
#4121 = VECTOR ( 'NONE', #1578, 1000.000000000000000 ) ;
#4122 = DIRECTION ( 'NONE',  ( -1.000000000000000000, -0.000000000000000000, 0.000000000000000000 ) ) ;
#4123 = ORIENTED_EDGE ( 'NONE', *, *, #3487, .F. ) ;
#4124 = ORIENTED_EDGE ( 'NONE', *, *, #643, .T. ) ;
#4125 = CIRCLE ( 'NONE', #3227, 1.639569763765003074 ) ;
#4126 = ADVANCED_FACE ( 'NONE', ( #45 ), #1284, .F. ) ;
#4127 = LINE ( 'NONE', #4403, #3805 ) ;
#4128 = PLANE ( 'NONE',  #63 ) ;
#4129 = DIRECTION ( 'NONE',  ( 1.000000000000000000, -0.000000000000000000, 0.000000000000000000 ) ) ;
#4130 = VECTOR ( 'NONE', #3586, 1000.000000000000000 ) ;
#4131 = VERTEX_POINT ( 'NONE', #3111 ) ;
#4132 = ORIENTED_EDGE ( 'NONE', *, *, #3926, .F. ) ;
#4133 = VERTEX_POINT ( 'NONE', #1583 ) ;
#4134 = CARTESIAN_POINT ( 'NONE',  ( -38.01129706319400015, -14.54443224168382187, 996.9139625912529254 ) ) ;
#4135 = DIRECTION ( 'NONE',  ( -1.000000000000000000, 0.000000000000000000, 0.000000000000000000 ) ) ;
#4136 = CARTESIAN_POINT ( 'NONE',  ( 35.92847732750293943, 8.077967428120429005, 1016.713962591252880 ) ) ;
#4137 = CARTESIAN_POINT ( 'NONE',  ( 32.52847732750289111, -21.11880338007142299, 996.9139625912529254 ) ) ;
#4138 = ADVANCED_FACE ( 'NONE', ( #1686 ), #4772, .F. ) ;
#4139 = VECTOR ( 'NONE', #1832, 1000.000000000000000 ) ;
#4140 = VECTOR ( 'NONE', #4678, 1000.000000000000000 ) ;
#4141 = CARTESIAN_POINT ( 'NONE',  ( 35.92847732750292522, 16.32163583045519673, 1014.913962591252925 ) ) ;
#4142 = PLANE ( 'NONE',  #2102 ) ;
#4143 = CARTESIAN_POINT ( 'NONE',  ( 23.64700021722458345, 17.32163583045519317, 1001.913962591253039 ) ) ;
#4144 = DIRECTION ( 'NONE',  ( -1.000000000000000000, -0.000000000000000000, -0.000000000000000000 ) ) ;
#4145 = VERTEX_POINT ( 'NONE', #1200 ) ;
#4146 = VECTOR ( 'NONE', #764, 1000.000000000000000 ) ;
#4147 = EDGE_CURVE ( 'NONE', #454, #556, #3604, .T. ) ;
#4148 = LINE ( 'NONE', #692, #4761 ) ;
#4149 = VERTEX_POINT ( 'NONE', #911 ) ;
#4150 = VECTOR ( 'NONE', #3052, 1000.000000000000000 ) ;
#4151 = ORIENTED_EDGE ( 'NONE', *, *, #1442, .T. ) ;
#4152 = ORIENTED_EDGE ( 'NONE', *, *, #1904, .F. ) ;
#4153 = DIRECTION ( 'NONE',  ( 1.000000000000000000, 0.000000000000000000, 0.000000000000000000 ) ) ;
#4154 = FACE_OUTER_BOUND ( 'NONE', #2230, .T. ) ;
#4155 = CARTESIAN_POINT ( 'NONE',  ( 34.42847732750292522, 13.62306331331013887, 1004.850119513241111 ) ) ;
#4156 = VERTEX_POINT ( 'NONE', #3873 ) ;
#4157 = ORIENTED_EDGE ( 'NONE', *, *, #3599, .T. ) ;
#4158 = VERTEX_POINT ( 'NONE', #2839 ) ;
#4159 = DIRECTION ( 'NONE',  ( 0.000000000000000000, -1.000000000000000000, 0.000000000000000000 ) ) ;
#4160 = DIRECTION ( 'NONE',  ( 0.000000000000000000, 0.000000000000000000, -1.000000000000000000 ) ) ;
#4161 = DIRECTION ( 'NONE',  ( 0.000000000000000000, -1.000000000000000000, 2.036985899824353436E-14 ) ) ;
#4162 = DIRECTION ( 'NONE',  ( -1.000000000000000000, -0.000000000000000000, -0.000000000000000000 ) ) ;
#4163 = CARTESIAN_POINT ( 'NONE',  ( 34.42847732750292522, 5.433063313312188392, 1003.100119513241225 ) ) ;
#4164 = DIRECTION ( 'NONE',  ( -0.000000000000000000, -0.000000000000000000, 1.000000000000000000 ) ) ;
#4165 = DIRECTION ( 'NONE',  ( 0.000000000000000000, 0.000000000000000000, 1.000000000000000000 ) ) ;
#4166 = ADVANCED_FACE ( 'NONE', ( #4275 ), #4389, .T. ) ;
#4167 = CARTESIAN_POINT ( 'NONE',  ( 37.12847732750292806, 15.22306331331018647, 1005.510119513240056 ) ) ;
#4168 = VERTEX_POINT ( 'NONE', #3452 ) ;
#4169 = AXIS2_PLACEMENT_3D ( 'NONE', #1123, #3829, #3342 ) ;
#4170 = FACE_OUTER_BOUND ( 'NONE', #1150, .T. ) ;
#4171 = LINE ( 'NONE', #3847, #1393 ) ;
#4172 = ADVANCED_FACE ( 'NONE', ( #4994 ), #2686, .F. ) ;
#4173 = VERTEX_POINT ( 'NONE', #202 ) ;
#4174 = ORIENTED_EDGE ( 'NONE', *, *, #115, .T. ) ;
#4175 = DIRECTION ( 'NONE',  ( -1.000000000000000000, 0.000000000000000000, 0.000000000000000000 ) ) ;
#4176 = ADVANCED_FACE ( 'NONE', ( #2944, #4116 ), #634, .T. ) ;
#4177 = DIRECTION ( 'NONE',  ( -0.000000000000000000, -0.000000000000000000, -1.000000000000000000 ) ) ;
#4178 = CARTESIAN_POINT ( 'NONE',  ( 37.12847732750292806, 15.22306331331012252, 1004.850119513241111 ) ) ;
#4179 = SECURITY_CLASSIFICATION_LEVEL ( 'unclassified' ) ;
#4180 = ORIENTED_EDGE ( 'NONE', *, *, #2236, .F. ) ;
#4181 = ORIENTED_EDGE ( 'NONE', *, *, #816, .T. ) ;
#4182 = VECTOR ( 'NONE', #734, 1000.000000000000000 ) ;
#4183 = CARTESIAN_POINT ( 'NONE',  ( 34.42847732750292522, 5.433063313312190168, 1007.260119513240056 ) ) ;
#4184 = DIRECTION ( 'NONE',  ( -0.000000000000000000, -0.000000000000000000, -1.000000000000000000 ) ) ;
#4185 = CARTESIAN_POINT ( 'NONE',  ( 29.57421773772592033, -12.21471164223880734, 996.9139625912529254 ) ) ;
#4186 = PLANE ( 'NONE',  #826 ) ;
#4187 = ADVANCED_FACE ( 'NONE', ( #1742 ), #3274, .F. ) ;
#4188 = DIRECTION ( 'NONE',  ( -0.000000000000000000, -0.000000000000000000, -1.000000000000000000 ) ) ;
#4189 = CARTESIAN_POINT ( 'NONE',  ( 35.92847732750292522, 16.32163583045519673, 1014.913962591252925 ) ) ;
#4190 = CARTESIAN_POINT ( 'NONE',  ( 27.57081413091892585, 16.56833509385418779, 1009.913962591253039 ) ) ;
#4191 = CARTESIAN_POINT ( 'NONE',  ( 28.64700021722460122, -13.54443224168380944, 1001.913962591253039 ) ) ;
#4192 = EDGE_LOOP ( 'NONE', ( #2824, #969, #3651, #4912 ) ) ;
#4193 = CIRCLE ( 'NONE', #1281, 1.065469383577623885 ) ;
#4194 = CARTESIAN_POINT ( 'NONE',  ( -21.62579369198158474, -23.15303777888382086, 1016.713962591252880 ) ) ;
#4195 = VERTEX_POINT ( 'NONE', #225 ) ;
#4196 = ORIENTED_EDGE ( 'NONE', *, *, #3114, .F. ) ;
#4197 = ORIENTED_EDGE ( 'NONE', *, *, #4522, .T. ) ;
#4198 = EDGE_CURVE ( 'NONE', #4807, #940, #2547, .T. ) ;
#4199 = CARTESIAN_POINT ( 'NONE',  ( 29.57421773772592033, -18.39474720230881033, 1001.913962591253039 ) ) ;
#4200 = CYLINDRICAL_SURFACE ( 'NONE', #2225, 1.749999999999918288 ) ;
#4201 = LINE ( 'NONE', #1954, #3581 ) ;
#4202 = DATE_TIME_ROLE ( 'classification_date' ) ;
#4203 = ORIENTED_EDGE ( 'NONE', *, *, #479, .F. ) ;
#4204 = ORIENTED_EDGE ( 'NONE', *, *, #1592, .F. ) ;
#4205 = EDGE_CURVE ( 'NONE', #2696, #228, #3665, .T. ) ;
#4206 = VECTOR ( 'NONE', #4007, 1000.000000000000000 ) ;
#4207 = AXIS2_PLACEMENT_3D ( 'NONE', #2753, #508, #1288 ) ;
#4208 = PLANE ( 'NONE',  #1406 ) ;
#4209 = DIRECTION ( 'NONE',  ( -0.000000000000000000, -0.000000000000000000, -1.000000000000000000 ) ) ;
#4210 = PLANE ( 'NONE',  #3466 ) ;
#4211 = DIRECTION ( 'NONE',  ( 1.000000000000000000, 0.000000000000000000, 0.000000000000000000 ) ) ;
#4212 = VERTEX_POINT ( 'NONE', #2597 ) ;
#4213 = DIRECTION ( 'NONE',  ( -0.000000000000000000, -0.000000000000000000, -1.000000000000000000 ) ) ;
#4214 = FACE_OUTER_BOUND ( 'NONE', #2853, .T. ) ;
#4215 = DIRECTION ( 'NONE',  ( -1.000000000000000000, -0.000000000000000000, -0.000000000000000000 ) ) ;
#4216 = DIRECTION ( 'NONE',  ( -0.000000000000000000, -0.000000000000000000, -1.000000000000000000 ) ) ;
#4217 = ADVANCED_FACE ( 'NONE', ( #2573 ), #4828, .F. ) ;
#4218 = ORIENTED_EDGE ( 'NONE', *, *, #3939, .F. ) ;
#4219 = VECTOR ( 'NONE', #1303, 1000.000000000000000 ) ;
#4220 = LINE ( 'NONE', #4654, #487 ) ;
#4221 = ORIENTED_EDGE ( 'NONE', *, *, #432, .F. ) ;
#4222 = AXIS2_PLACEMENT_3D ( 'NONE', #2227, #3779, #4502 ) ;
#4223 = VERTEX_POINT ( 'NONE', #275 ) ;
#4224 = CIRCLE ( 'NONE', #2035, 2.000000000000001776 ) ;
#4225 = ADVANCED_FACE ( 'NONE', ( #1384 ), #2111, .F. ) ;
#4226 = ORIENTED_EDGE ( 'NONE', *, *, #2493, .F. ) ;
#4227 = VECTOR ( 'NONE', #2280, 1000.000000000000000 ) ;
#4228 = CIRCLE ( 'NONE', #2042, 0.9842597834286564984 ) ;
#4229 = CARTESIAN_POINT ( 'NONE',  ( -33.92590926252307781, 19.32163583045519317, 1009.913962591253039 ) ) ;
#4230 = CARTESIAN_POINT ( 'NONE',  ( 37.12847732750292806, -1.167094277858411688, 1001.800119513241157 ) ) ;
#4231 = FACE_BOUND ( 'NONE', #3107, .T. ) ;
#4232 = ORIENTED_EDGE ( 'NONE', *, *, #1425, .F. ) ;
#4233 = ADVANCED_FACE ( 'NONE', ( #247 ), #2492, .T. ) ;
#4234 = AXIS2_PLACEMENT_3D ( 'NONE', #4191, #4964, #328 ) ;
#4235 = CARTESIAN_POINT ( 'NONE',  ( -33.17590799252307221, 16.58075571869518683, 1009.913962591253039 ) ) ;
#4236 = CARTESIAN_POINT ( 'NONE',  ( 30.22847732750289396, -13.54443224168380944, 1001.913962591253039 ) ) ;
#4237 = DIRECTION ( 'NONE',  ( 1.000000000000000000, 0.000000000000000000, -0.000000000000000000 ) ) ;
#4238 = ORIENTED_EDGE ( 'NONE', *, *, #85, .T. ) ;
#4239 = ADVANCED_FACE ( 'NONE', ( #4467 ), #3739, .F. ) ;
#4240 = EDGE_LOOP ( 'NONE', ( #815, #1532, #3152, #3797 ) ) ;
#4241 = LINE ( 'NONE', #3027, #2691 ) ;
#4242 = DIRECTION ( 'NONE',  ( 0.000000000000000000, -0.000000000000000000, 1.000000000000000000 ) ) ;
#4243 = LINE ( 'NONE', #402, #4100 ) ;
#4244 = LINE ( 'NONE', #839, #4446 ) ;
#4245 = VERTEX_POINT ( 'NONE', #4908 ) ;
#4246 = CARTESIAN_POINT ( 'NONE',  ( -35.02824403721998436, 9.339873066931186685, 1001.913962591253039 ) ) ;
#4247 = DIRECTION ( 'NONE',  ( -1.000000000000000000, -0.000000000000000000, -0.000000000000000000 ) ) ;
#4248 = VERTEX_POINT ( 'NONE', #4411 ) ;
#4249 = ORIENTED_EDGE ( 'NONE', *, *, #4790, .T. ) ;
#4250 = AXIS2_PLACEMENT_3D ( 'NONE', #4638, #1176, #2813 ) ;
#4251 = FACE_OUTER_BOUND ( 'NONE', #283, .T. ) ;
#4252 = FACE_OUTER_BOUND ( 'NONE', #4707, .T. ) ;
#4253 = DIRECTION ( 'NONE',  ( -0.000000000000000000, -0.000000000000000000, -1.000000000000000000 ) ) ;
#4254 = ORIENTED_EDGE ( 'NONE', *, *, #4436, .F. ) ;
#4255 = AXIS2_PLACEMENT_3D ( 'NONE', #2477, #4814, #2071 ) ;
#4256 = DIRECTION ( 'NONE',  ( -0.000000000000000000, -0.000000000000000000, -1.000000000000000000 ) ) ;
#4257 = CARTESIAN_POINT ( 'NONE',  ( 32.22847732750289396, -21.11880338007142299, 1003.413962591253039 ) ) ;
#4258 = DIRECTION ( 'NONE',  ( -0.000000000000000000, -0.000000000000000000, 1.000000000000000000 ) ) ;
#4259 = VERTEX_POINT ( 'NONE', #1440 ) ;
#4260 = VERTEX_POINT ( 'NONE', #4064 ) ;
#4261 = EDGE_CURVE ( 'NONE', #2043, #1030, #2967, .T. ) ;
#4262 = LINE ( 'NONE', #3951, #2772 ) ;
#4263 = DIRECTION ( 'NONE',  ( 0.000000000000000000, 0.000000000000000000, 1.000000000000000000 ) ) ;
#4264 = VECTOR ( 'NONE', #3864, 1000.000000000000000 ) ;
#4265 = DIRECTION ( 'NONE',  ( 1.000000000000000000, -0.000000000000000000, 0.000000000000000000 ) ) ;
#4266 = LINE ( 'NONE', #2370, #1144 ) ;
#4267 = VERTEX_POINT ( 'NONE', #4885 ) ;
#4268 = EDGE_CURVE ( 'NONE', #1120, #4529, #2866, .T. ) ;
#4269 = CARTESIAN_POINT ( 'NONE',  ( 37.12847732750292806, 2.734954183441571818, 1009.530508990493786 ) ) ;
#4270 = DIRECTION ( 'NONE',  ( 0.000000000000000000, 0.000000000000000000, 1.000000000000000000 ) ) ;
#4271 = VERTEX_POINT ( 'NONE', #4143 ) ;
#4272 = ORIENTED_EDGE ( 'NONE', *, *, #4812, .F. ) ;
#4273 = AXIS2_PLACEMENT_3D ( 'NONE', #579, #1793, #3326 ) ;
#4274 = CARTESIAN_POINT ( 'NONE',  ( 30.40897836413879674, -11.55259405152544261, 1001.913962591253039 ) ) ;
#4275 = FACE_OUTER_BOUND ( 'NONE', #832, .T. ) ;
#4276 = LINE ( 'NONE', #3527, #4545 ) ;
#4277 = VERTEX_POINT ( 'NONE', #2084 ) ;
#4278 = EDGE_CURVE ( 'NONE', #3717, #4775, #4805, .T. ) ;
#4279 = CARTESIAN_POINT ( 'NONE',  ( 32.42847732750293233, 13.62306331331017439, 1004.850119513241111 ) ) ;
#4280 = CARTESIAN_POINT ( 'NONE',  ( 35.07158772934651836, -10.90936937654907801, 1014.913962591252925 ) ) ;
#4281 = DIRECTION ( 'NONE',  ( -0.000000000000000000, 0.000000000000000000, -1.000000000000000000 ) ) ;
#4282 = ORIENTED_EDGE ( 'NONE', *, *, #3750, .T. ) ;
#4283 = ORIENTED_EDGE ( 'NONE', *, *, #65, .F. ) ;
#4284 = EDGE_CURVE ( 'NONE', #18, #1600, #2893, .T. ) ;
#4285 = CARTESIAN_POINT ( 'NONE',  ( -36.97721736514306201, -21.65303777888381731, 1016.913962591252925 ) ) ;
#4286 = DIRECTION ( 'NONE',  ( 0.000000000000000000, 1.000000000000000000, 0.000000000000000000 ) ) ;
#4287 = DIRECTION ( 'NONE',  ( -0.000000000000000000, -1.000000000000000000, 0.000000000000000000 ) ) ;
#4288 = DIRECTION ( 'NONE',  ( -0.000000000000000000, -0.000000000000000000, -1.000000000000000000 ) ) ;
#4289 = AXIS2_PLACEMENT_3D ( 'NONE', #3561, #3321, #4824 ) ;
#4290 = AXIS2_PLACEMENT_3D ( 'NONE', #3048, #657, #3842 ) ;
#4291 = EDGE_CURVE ( 'NONE', #3396, #4450, #960, .T. ) ;
#4292 = ORIENTED_EDGE ( 'NONE', *, *, #3282, .F. ) ;
#4293 = DIRECTION ( 'NONE',  ( 0.000000000000000000, 0.000000000000000000, -1.000000000000000000 ) ) ;
#4294 = LINE ( 'NONE', #2396, #430 ) ;
#4295 = VECTOR ( 'NONE', #1377, 1000.000000000000000 ) ;
#4296 = ORIENTED_EDGE ( 'NONE', *, *, #2514, .T. ) ;
#4297 = EDGE_CURVE ( 'NONE', #383, #2043, #4352, .T. ) ;
#4298 = ORIENTED_EDGE ( 'NONE', *, *, #968, .T. ) ;
#4299 = CIRCLE ( 'NONE', #1306, 1.250000000000001110 ) ;
#4300 = CARTESIAN_POINT ( 'NONE',  ( -31.34051892185214072, -14.54443224168380588, 1001.913962591253039 ) ) ;
#4301 = CIRCLE ( 'NONE', #2603, 3.000000000000002665 ) ;
#4302 = VECTOR ( 'NONE', #1111, 1000.000000000000000 ) ;
#4303 = VERTEX_POINT ( 'NONE', #1543 ) ;
#4304 = VECTOR ( 'NONE', #912, 1000.000000000000000 ) ;
#4305 = AXIS2_PLACEMENT_3D ( 'NONE', #3936, #865, #501 ) ;
#4306 = CIRCLE ( 'NONE', #2122, 3.000000000000002665 ) ;
#4307 = FACE_OUTER_BOUND ( 'NONE', #3053, .T. ) ;
#4308 = DIRECTION ( 'NONE',  ( 1.000000000000000000, 0.000000000000000000, 0.000000000000000000 ) ) ;
#4309 = VECTOR ( 'NONE', #4035, 1000.000000000000000 ) ;
#4310 = DIRECTION ( 'NONE',  ( -0.000000000000000000, -0.000000000000000000, -1.000000000000000000 ) ) ;
#4311 = VERTEX_POINT ( 'NONE', #4190 ) ;
#4312 = ORIENTED_EDGE ( 'NONE', *, *, #2415, .F. ) ;
#4313 = ADVANCED_FACE ( 'NONE', ( #1842 ), #354, .F. ) ;
#4314 = CARTESIAN_POINT ( 'NONE',  ( -36.97721736514306201, -18.65303777888382086, 996.9139625912529254 ) ) ;
#4315 = DIRECTION ( 'NONE',  ( -0.000000000000000000, 1.000000000000000000, -0.000000000000000000 ) ) ;
#4316 = CARTESIAN_POINT ( 'NONE',  ( 32.42847732750293233, -1.622572957961810891, 1003.700882987317073 ) ) ;
#4317 = LINE ( 'NONE', #1235, #3154 ) ;
#4318 = ADVANCED_FACE ( 'NONE', ( #4624, #3490, #2648 ), #29, .F. ) ;
#4319 = DIRECTION ( 'NONE',  ( 0.000000000000000000, 0.000000000000000000, -1.000000000000000000 ) ) ;
#4320 = CARTESIAN_POINT ( 'NONE',  ( -18.12579369198158119, -23.15303777888382086, 1016.713962591252880 ) ) ;
#4321 = AXIS2_PLACEMENT_3D ( 'NONE', #4645, #897, #3946 ) ;
#4322 = ORIENTED_EDGE ( 'NONE', *, *, #690, .T. ) ;
#4323 = VERTEX_POINT ( 'NONE', #1897 ) ;
#4324 = PRODUCT_DEFINITION ( '�', '', #2656, #2836 ) ;
#4325 = EDGE_CURVE ( 'NONE', #3450, #4050, #1189, .T. ) ;
#4326 = CARTESIAN_POINT ( 'NONE',  ( 30.01021976972992178, -19.65303777888381376, 1001.913962591253039 ) ) ;
#4327 = EDGE_LOOP ( 'NONE', ( #986, #3064, #3229, #4322 ) ) ;
#4328 = CARTESIAN_POINT ( 'NONE',  ( -18.87579369198158119, -22.15303777888381731, 1016.713962591252880 ) ) ;
#4329 = LINE ( 'NONE', #3677, #350 ) ;
#4330 = DIRECTION ( 'NONE',  ( 1.000000000000000000, 0.000000000000000000, -0.000000000000000000 ) ) ;
#4331 = ORIENTED_EDGE ( 'NONE', *, *, #1952, .F. ) ;
#4332 = ORIENTED_EDGE ( 'NONE', *, *, #1369, .F. ) ;
#4333 = DIRECTION ( 'NONE',  ( 1.000000000000000000, 0.000000000000000000, 0.000000000000000000 ) ) ;
#4334 = CARTESIAN_POINT ( 'NONE',  ( 26.64700021722460832, -21.65303777888381731, 1016.913962591252925 ) ) ;
#4335 = DIRECTION ( 'NONE',  ( -0.000000000000000000, -0.000000000000000000, 1.000000000000000000 ) ) ;
#4336 = DIRECTION ( 'NONE',  ( -1.000000000000000000, 0.000000000000000000, 0.000000000000000000 ) ) ;
#4337 = ADVANCED_FACE ( 'NONE', ( #3412 ), #2262, .F. ) ;
#4338 = CARTESIAN_POINT ( 'NONE',  ( 37.42847732750293233, 11.87306331331018860, 1004.850119513241111 ) ) ;
#4339 = DIRECTION ( 'NONE',  ( 0.000000000000000000, 0.000000000000000000, -1.000000000000000000 ) ) ;
#4340 = ORIENTED_EDGE ( 'NONE', *, *, #3688, .F. ) ;
#4341 = ORIENTED_EDGE ( 'NONE', *, *, #1952, .T. ) ;
#4342 = EDGE_CURVE ( 'NONE', #1119, #1539, #1865, .T. ) ;
#4343 = DIRECTION ( 'NONE',  ( -1.000000000000000000, 0.000000000000000000, 0.000000000000000000 ) ) ;
#4344 = ORIENTED_EDGE ( 'NONE', *, *, #1856, .F. ) ;
#4345 = EDGE_CURVE ( 'NONE', #3721, #3524, #4243, .T. ) ;
#4346 = DIRECTION ( 'NONE',  ( 0.000000000000000000, 0.000000000000000000, -1.000000000000000000 ) ) ;
#4347 = LINE ( 'NONE', #2875, #2763 ) ;
#4348 = LINE ( 'NONE', #2736, #1739 ) ;
#4349 = VERTEX_POINT ( 'NONE', #3075 ) ;
#4350 = ORIENTED_EDGE ( 'NONE', *, *, #4576, .T. ) ;
#4351 = EDGE_CURVE ( 'NONE', #4133, #1833, #789, .T. ) ;
#4352 = CIRCLE ( 'NONE', #736, 0.7500012700000016075 ) ;
#4353 = PLANE ( 'NONE',  #4610 ) ;
#4354 = DIRECTION ( 'NONE',  ( -0.000000000000000000, -0.000000000000000000, -1.000000000000000000 ) ) ;
#4355 = DIRECTION ( 'NONE',  ( -0.000000000000000000, -1.000000000000000000, -0.000000000000000000 ) ) ;
#4356 = CARTESIAN_POINT ( 'NONE',  ( -39.97721736514306912, -18.65303777888382086, 996.9139625912529254 ) ) ;
#4357 = FACE_OUTER_BOUND ( 'NONE', #2281, .T. ) ;
#4358 = AXIS2_PLACEMENT_3D ( 'NONE', #1620, #2381, #3155 ) ;
#4359 = PLANE ( 'NONE',  #2837 ) ;
#4360 = AXIS2_PLACEMENT_3D ( 'NONE', #4880, #604, #2810 ) ;
#4361 = FACE_OUTER_BOUND ( 'NONE', #3570, .T. ) ;
#4362 = AXIS2_PLACEMENT_3D ( 'NONE', #3941, #2797, #2017 ) ;
#4363 = DIRECTION ( 'NONE',  ( -1.000000000000000000, 0.000000000000000000, 0.000000000000000000 ) ) ;
#4364 = DIRECTION ( 'NONE',  ( 1.000000000000000000, 0.000000000000000000, 0.000000000000000000 ) ) ;
#4365 = ORIENTED_EDGE ( 'NONE', *, *, #3032, .F. ) ;
#4366 = EDGE_LOOP ( 'NONE', ( #181, #2785, #2194, #1618 ) ) ;
#4367 = VECTOR ( 'NONE', #3489, 1000.000000000000000 ) ;
#4368 = FACE_OUTER_BOUND ( 'NONE', #2562, .T. ) ;
#4369 = EDGE_CURVE ( 'NONE', #1996, #25, #766, .T. ) ;
#4370 = EDGE_CURVE ( 'NONE', #1731, #4419, #1920, .T. ) ;
#4371 = VECTOR ( 'NONE', #2567, 1000.000000000000000 ) ;
#4372 = ORIENTED_EDGE ( 'NONE', *, *, #1527, .F. ) ;
#4373 = CIRCLE ( 'NONE', #2195, 2.000000000000001776 ) ;
#4374 = CARTESIAN_POINT ( 'NONE',  ( 16.07705365434141953, -23.15303777888381376, 1016.713962591252880 ) ) ;
#4375 = CARTESIAN_POINT ( 'NONE',  ( -28.32357194782614584, 12.33987306693120978, 1001.913962591253039 ) ) ;
#4376 = EDGE_LOOP ( 'NONE', ( #120, #4093, #40, #785 ) ) ;
#4377 = ORIENTED_EDGE ( 'NONE', *, *, #131, .F. ) ;
#4378 = AXIS2_PLACEMENT_3D ( 'NONE', #4513, #352, #4984 ) ;
#4379 = ORIENTED_EDGE ( 'NONE', *, *, #2183, .T. ) ;
#4380 = DIRECTION ( 'NONE',  ( -0.000000000000000000, -0.000000000000000000, -1.000000000000000000 ) ) ;
#4381 = VECTOR ( 'NONE', #423, 1000.000000000000000 ) ;
#4382 = EDGE_CURVE ( 'NONE', #1143, #4418, #4986, .T. ) ;
#4383 = DIRECTION ( 'NONE',  ( 0.000000000000000000, 0.000000000000000000, 1.000000000000000000 ) ) ;
#4384 = CARTESIAN_POINT ( 'NONE',  ( 35.62847732750292806, 14.92306331331012359, 1004.850119513241111 ) ) ;
#4385 = DIRECTION ( 'NONE',  ( 0.000000000000000000, 0.000000000000000000, 1.000000000000000000 ) ) ;
#4386 = DIRECTION ( 'NONE',  ( 0.000000000000000000, 1.000000000000000000, 0.000000000000000000 ) ) ;
#4387 = LINE ( 'NONE', #935, #681 ) ;
#4388 = LINE ( 'NONE', #551, #500 ) ;
#4389 = CYLINDRICAL_SURFACE ( 'NONE', #2006, 0.2999999999999669598 ) ;
#4390 = FACE_BOUND ( 'NONE', #1273, .T. ) ;
#4391 = VERTEX_POINT ( 'NONE', #3381 ) ;
#4392 = ORIENTED_EDGE ( 'NONE', *, *, #2948, .T. ) ;
#4393 = FACE_OUTER_BOUND ( 'NONE', #3008, .T. ) ;
#4394 = VERTEX_POINT ( 'NONE', #1520 ) ;
#4395 = ORIENTED_EDGE ( 'NONE', *, *, #2631, .T. ) ;
#4396 = EDGE_CURVE ( 'NONE', #4734, #3257, #2624, .T. ) ;
#4397 = FACE_OUTER_BOUND ( 'NONE', #4192, .T. ) ;
#4398 = DIRECTION ( 'NONE',  ( 0.000000000000000000, 0.000000000000000000, -1.000000000000000000 ) ) ;
#4399 = DATE_AND_TIME ( #924, #320 ) ;
#4400 = ORIENTED_EDGE ( 'NONE', *, *, #1215, .F. ) ;
#4401 = ORIENTED_EDGE ( 'NONE', *, *, #3192, .T. ) ;
#4402 = ORIENTED_EDGE ( 'NONE', *, *, #2146, .T. ) ;
#4403 = CARTESIAN_POINT ( 'NONE',  ( -31.32357194782616716, 9.339873066931188461, 1001.913962591253039 ) ) ;
#4404 = DIRECTION ( 'NONE',  ( -0.000000000000000000, -0.000000000000000000, -1.000000000000000000 ) ) ;
#4405 = PLANE ( 'NONE',  #425 ) ;
#4406 = CARTESIAN_POINT ( 'NONE',  ( -41.47721736514306201, 16.32163583045519673, 1014.913962591252925 ) ) ;
#4407 = LINE ( 'NONE', #956, #1552 ) ;
#4408 = EDGE_CURVE ( 'NONE', #3891, #3485, #1676, .T. ) ;
#4409 = DIRECTION ( 'NONE',  ( 0.000000000000000000, 0.000000000000000000, 1.000000000000000000 ) ) ;
#4410 = FACE_OUTER_BOUND ( 'NONE', #4617, .T. ) ;
#4411 = CARTESIAN_POINT ( 'NONE',  ( -26.32357194782614940, 19.32163583045519317, 996.9139625912529254 ) ) ;
#4412 = CARTESIAN_POINT ( 'NONE',  ( -38.01129706319400015, -14.54443224168382187, 1001.913962591253039 ) ) ;
#4413 = ORIENTED_EDGE ( 'NONE', *, *, #2924, .F. ) ;
#4414 = VERTEX_POINT ( 'NONE', #3101 ) ;
#4415 = EDGE_CURVE ( 'NONE', #2982, #2446, #1165, .T. ) ;
#4416 = VECTOR ( 'NONE', #2723, 1000.000000000000000 ) ;
#4417 = DIRECTION ( 'NONE',  ( 1.000000000000000000, 5.181944496840982175E-16, 0.000000000000000000 ) ) ;
#4418 = VERTEX_POINT ( 'NONE', #713 ) ;
#4419 = VERTEX_POINT ( 'NONE', #688 ) ;
#4420 = DIRECTION ( 'NONE',  ( -1.000000000000000000, 0.000000000000000000, 0.000000000000000000 ) ) ;
#4421 = DIRECTION ( 'NONE',  ( 0.000000000000000000, 1.000000000000000000, -0.000000000000000000 ) ) ;
#4422 = APPLICATION_PROTOCOL_DEFINITION ( 'international standard', 'config_control_design', 1994, #3392 ) ;
#4423 = ORIENTED_EDGE ( 'NONE', *, *, #3226, .F. ) ;
#4424 = EDGE_LOOP ( 'NONE', ( #141, #4940, #3164 ) ) ;
#4425 = EDGE_LOOP ( 'NONE', ( #4717, #215, #1750, #2784 ) ) ;
#4426 = CARTESIAN_POINT ( 'NONE',  ( 32.42847732750293233, -19.65303777888381731, 1016.913962591252925 ) ) ;
#4427 = LINE ( 'NONE', #2079, #991 ) ;
#4428 = EDGE_CURVE ( 'NONE', #3519, #2844, #4742, .T. ) ;
#4429 = DIRECTION ( 'NONE',  ( 1.000000000000000000, -0.000000000000000000, -0.000000000000000000 ) ) ;
#4430 = ADVANCED_FACE ( 'NONE', ( #3539 ), #125, .F. ) ;
#4431 = DIRECTION ( 'NONE',  ( 0.000000000000000000, 0.000000000000000000, -1.000000000000000000 ) ) ;
#4432 = AXIS2_PLACEMENT_3D ( 'NONE', #3868, #2704, #1900 ) ;
#4433 = CARTESIAN_POINT ( 'NONE',  ( -36.97721736514306201, -18.65303777888382086, 1016.913962591252925 ) ) ;
#4434 = DIRECTION ( 'NONE',  ( 0.000000000000000000, 0.000000000000000000, -1.000000000000000000 ) ) ;
#4435 = CARTESIAN_POINT ( 'NONE',  ( 35.62847732750292806, 5.433063313312188392, 1012.796278708578711 ) ) ;
#4436 = EDGE_CURVE ( 'NONE', #2144, #3133, #3216, .T. ) ;
#4437 = FACE_OUTER_BOUND ( 'NONE', #4970, .T. ) ;
#4438 = EDGE_LOOP ( 'NONE', ( #2047, #4577, #210, #2389 ) ) ;
#4439 = VERTEX_POINT ( 'NONE', #1967 ) ;
#4440 = AXIS2_PLACEMENT_3D ( 'NONE', #3378, #4565, #346 ) ;
#4441 = CIRCLE ( 'NONE', #4768, 1.250000000000001110 ) ;
#4442 = DIRECTION ( 'NONE',  ( 0.000000000000000000, -1.000000000000000000, -3.295974604356296482E-13 ) ) ;
#4443 = VERTEX_POINT ( 'NONE', #1989 ) ;
#4444 = EDGE_CURVE ( 'NONE', #4248, #3845, #1658, .T. ) ;
#4445 = ORIENTED_EDGE ( 'NONE', *, *, #4345, .T. ) ;
#4446 = VECTOR ( 'NONE', #2412, 1000.000000000000000 ) ;
#4447 = AXIS2_PLACEMENT_3D ( 'NONE', #3273, #2887, #1790 ) ;
#4448 = PLANE ( 'NONE',  #1746 ) ;
#4449 = DIRECTION ( 'NONE',  ( -0.000000000000000000, -0.000000000000000000, 1.000000000000000000 ) ) ;
#4450 = VERTEX_POINT ( 'NONE', #3934 ) ;
#4451 = ORIENTED_EDGE ( 'NONE', *, *, #513, .F. ) ;
#4452 = AXIS2_PLACEMENT_3D ( 'NONE', #4929, #4616, #1108 ) ;
#4453 = ORIENTED_EDGE ( 'NONE', *, *, #1972, .F. ) ;
#4454 = AXIS2_PLACEMENT_3D ( 'NONE', #4615, #3093, #4999 ) ;
#4455 = CIRCLE ( 'NONE', #1239, 4.999999999999997335 ) ;
#4456 = DIRECTION ( 'NONE',  ( -1.000000000000000000, 0.000000000000000000, 0.000000000000000000 ) ) ;
#4457 = CARTESIAN_POINT ( 'NONE',  ( -36.04963720278257000, -11.72985416415261106, 1001.913962591253039 ) ) ;
#4458 = AXIS2_PLACEMENT_3D ( 'NONE', #2336, #2359, #1957 ) ;
#4459 = DIRECTION ( 'NONE',  ( 1.000000000000000000, -0.000000000000000000, -0.000000000000000000 ) ) ;
#4460 = CIRCLE ( 'NONE', #1003, 4.500000000000003553 ) ;
#4461 = DIRECTION ( 'NONE',  ( -0.000000000000000000, -1.000000000000000000, 0.000000000000000000 ) ) ;
#4462 = CIRCLE ( 'NONE', #2040, 1.250000000000001110 ) ;
#4463 = ADVANCED_FACE ( 'NONE', ( #58 ), #1211, .T. ) ;
#4464 = AXIS2_PLACEMENT_3D ( 'NONE', #3589, #3542, #81 ) ;
#4465 = EDGE_CURVE ( 'NONE', #3803, #2475, #1278, .T. ) ;
#4466 = LINE ( 'NONE', #1283, #1238 ) ;
#4467 = FACE_OUTER_BOUND ( 'NONE', #4977, .T. ) ;
#4468 = DIRECTION ( 'NONE',  ( 0.000000000000000000, 0.000000000000000000, 1.000000000000000000 ) ) ;
#4469 = VERTEX_POINT ( 'NONE', #3195 ) ;
#4470 = ORIENTED_EDGE ( 'NONE', *, *, #2863, .T. ) ;
#4471 = EDGE_CURVE ( 'NONE', #4267, #2475, #2342, .T. ) ;
#4472 = CARTESIAN_POINT ( 'NONE',  ( 35.92847732750292522, -10.40936937654907979, 1016.713962591252880 ) ) ;
#4473 = ORIENTED_EDGE ( 'NONE', *, *, #2305, .F. ) ;
#4474 = EDGE_LOOP ( 'NONE', ( #4689, #94, #3780, #2333 ) ) ;
#4475 = EDGE_CURVE ( 'NONE', #647, #2977, #2809, .T. ) ;
#4476 = DIRECTION ( 'NONE',  ( -0.000000000000000000, -1.000000000000000000, -0.000000000000000000 ) ) ;
#4477 = CARTESIAN_POINT ( 'NONE',  ( 34.42847732750292522, 11.87306331331018860, 1005.510119513240056 ) ) ;
#4478 = CALENDAR_DATE ( 2026, 27, 6 ) ;
#4479 = ORIENTED_EDGE ( 'NONE', *, *, #4008, .F. ) ;
#4480 = ORIENTED_EDGE ( 'NONE', *, *, #286, .F. ) ;
#4481 = ORIENTED_EDGE ( 'NONE', *, *, #1413, .F. ) ;
#4482 = ADVANCED_FACE ( 'NONE', ( #3126, #2392, #474 ), #812, .F. ) ;
#4483 = DIRECTION ( 'NONE',  ( 1.000000000000000000, 0.000000000000000000, -0.000000000000000000 ) ) ;
#4484 = LINE ( 'NONE', #4928, #4537 ) ;
#4485 = VECTOR ( 'NONE', #4476, 1000.000000000000000 ) ;
#4486 = DIRECTION ( 'NONE',  ( 1.000000000000000000, 0.000000000000000000, 0.000000000000000000 ) ) ;
#4487 = DIRECTION ( 'NONE',  ( -1.000000000000000000, 0.000000000000000000, 0.000000000000000000 ) ) ;
#4488 = AXIS2_PLACEMENT_3D ( 'NONE', #3061, #1555, #3477 ) ;
#4489 = DIRECTION ( 'NONE',  ( -1.000000000000000000, 0.000000000000000000, -0.000000000000000000 ) ) ;
#4490 = DIRECTION ( 'NONE',  ( 1.000000000000000000, 0.000000000000000000, 0.000000000000000000 ) ) ;
#4491 = DIRECTION ( 'NONE',  ( -0.000000000000000000, -0.000000000000000000, -1.000000000000000000 ) ) ;
#4492 = LINE ( 'NONE', #2574, #1088 ) ;
#4493 = ADVANCED_FACE ( 'NONE', ( #3517 ), #2369, .F. ) ;
#4494 = ORIENTED_EDGE ( 'NONE', *, *, #4819, .F. ) ;
#4495 = ORIENTED_EDGE ( 'NONE', *, *, #4740, .F. ) ;
#4496 = CARTESIAN_POINT ( 'NONE',  ( -41.47721736514306201, -9.409369376549065578, 1014.913962591252925 ) ) ;
#4497 = ORIENTED_EDGE ( 'NONE', *, *, #1702, .T. ) ;
#4498 = EDGE_LOOP ( 'NONE', ( #2192, #3363, #1029, #1500 ) ) ;
#4499 = VERTEX_POINT ( 'NONE', #3954 ) ;
#4500 = CARTESIAN_POINT ( 'NONE',  ( 37.12847732750292806, 11.87306331331018860, 1005.510119513240056 ) ) ;
#4501 = CARTESIAN_POINT ( 'NONE',  ( 32.42847732750293233, -24.65303777888381731, 1016.913962591252925 ) ) ;
#4502 = DIRECTION ( 'NONE',  ( 1.000000000000000000, -9.451529943690347701E-16, 0.000000000000000000 ) ) ;
#4503 = PERSON_AND_ORGANIZATION_ROLE ( 'creator' ) ;
#4504 = ORIENTED_EDGE ( 'NONE', *, *, #378, .T. ) ;
#4505 = ADVANCED_FACE ( 'NONE', ( #4738 ), #2411, .F. ) ;
#4506 = ORIENTED_EDGE ( 'NONE', *, *, #1261, .F. ) ;
#4507 = ORIENTED_EDGE ( 'NONE', *, *, #233, .T. ) ;
#4508 = CARTESIAN_POINT ( 'NONE',  ( 35.62847732750292806, 11.87306331331018860, 1007.260119513240056 ) ) ;
#4509 = CYLINDRICAL_SURFACE ( 'NONE', #587, 2.000000000000001776 ) ;
#4510 = DIRECTION ( 'NONE',  ( 1.000000000000000000, -0.000000000000000000, 0.000000000000000000 ) ) ;
#4511 = CARTESIAN_POINT ( 'NONE',  ( 32.65069954972511113, -21.39277733575893592, 1003.413962591253039 ) ) ;
#4512 = EDGE_CURVE ( 'NONE', #3849, #3639, #3884, .T. ) ;
#4513 = CARTESIAN_POINT ( 'NONE',  ( 28.32081540092092453, 16.56833509385418779, 1009.913962591253039 ) ) ;
#4514 = DIRECTION ( 'NONE',  ( -0.000000000000000000, -0.000000000000000000, -1.000000000000000000 ) ) ;
#4515 = CARTESIAN_POINT ( 'NONE',  ( -33.92590926252307781, -18.84873628028381276, 1009.913962591253039 ) ) ;
#4516 = LINE ( 'NONE', #355, #4067 ) ;
#4517 = ORIENTED_EDGE ( 'NONE', *, *, #1420, .F. ) ;
#4518 = CARTESIAN_POINT ( 'NONE',  ( -19.37579369198158119, -23.15303777888382086, 1016.713962591252880 ) ) ;
#4519 = AXIS2_PLACEMENT_3D ( 'NONE', #1548, #3033, #306 ) ;
#4520 = ORIENTED_EDGE ( 'NONE', *, *, #2130, .F. ) ;
#4521 = ORIENTED_EDGE ( 'NONE', *, *, #2960, .T. ) ;
#4522 = EDGE_CURVE ( 'NONE', #1597, #18, #4765, .T. ) ;
#4523 = ADVANCED_FACE ( 'NONE', ( #1637 ), #3983, .F. ) ;
#4524 = DIRECTION ( 'NONE',  ( 0.000000000000000000, -1.000000000000000000, 0.000000000000000000 ) ) ;
#4525 = DIRECTION ( 'NONE',  ( -0.000000000000000000, -0.000000000000000000, -1.000000000000000000 ) ) ;
#4526 = FACE_OUTER_BOUND ( 'NONE', #3304, .T. ) ;
#4527 = AXIS2_PLACEMENT_3D ( 'NONE', #1741, #2083, #1333 ) ;
#4528 = ORIENTED_EDGE ( 'NONE', *, *, #4863, .F. ) ;
#4529 = VERTEX_POINT ( 'NONE', #3585 ) ;
#4530 = ORIENTED_EDGE ( 'NONE', *, *, #4261, .T. ) ;
#4531 = VECTOR ( 'NONE', #4315, 1000.000000000000000 ) ;
#4532 = ADVANCED_FACE ( 'NONE', ( #147 ), #1681, .F. ) ;
#4533 = CYLINDRICAL_SURFACE ( 'NONE', #3341, 3.000000000000002665 ) ;
#4534 = CARTESIAN_POINT ( 'NONE',  ( 37.12847732750292806, 11.87306331331018683, 1008.860119513240079 ) ) ;
#4535 = DIRECTION ( 'NONE',  ( 0.000000000000000000, 0.000000000000000000, -1.000000000000000000 ) ) ;
#4536 = DIRECTION ( 'NONE',  ( 0.000000000000000000, 0.000000000000000000, 1.000000000000000000 ) ) ;
#4537 = VECTOR ( 'NONE', #2155, 1000.000000000000000 ) ;
#4538 = EDGE_CURVE ( 'NONE', #4658, #284, #932, .T. ) ;
#4539 = AXIS2_PLACEMENT_3D ( 'NONE', #4827, #1685, #4804 ) ;
#4540 = CARTESIAN_POINT ( 'NONE',  ( 32.42847732750293233, -24.65303777888381376, 1016.913962591252925 ) ) ;
#4541 = CYLINDRICAL_SURFACE ( 'NONE', #1870, 1.250000000000001110 ) ;
#4542 = DIRECTION ( 'NONE',  ( -0.000000000000000000, -0.000000000000000000, -1.000000000000000000 ) ) ;
#4543 = CARTESIAN_POINT ( 'NONE',  ( 29.99463058461724785, 9.315031817249181501, 1001.913962591253039 ) ) ;
#4544 = ORIENTED_EDGE ( 'NONE', *, *, #282, .T. ) ;
#4545 = VECTOR ( 'NONE', #3089, 1000.000000000000000 ) ;
#4546 = CIRCLE ( 'NONE', #2290, 3.049999999999997158 ) ;
#4547 = EDGE_CURVE ( 'NONE', #2121, #93, #955, .T. ) ;
#4548 = CIRCLE ( 'NONE', #4051, 1.250000000000001110 ) ;
#4549 = CYLINDRICAL_SURFACE ( 'NONE', #3223, 1.749999999999918288 ) ;
#4550 = ORIENTED_EDGE ( 'NONE', *, *, #3675, .T. ) ;
#4551 = AXIS2_PLACEMENT_3D ( 'NONE', #4167, #4625, #3766 ) ;
#4552 = ORIENTED_EDGE ( 'NONE', *, *, #1071, .F. ) ;
#4553 = FACE_OUTER_BOUND ( 'NONE', #2405, .T. ) ;
#4554 = FACE_OUTER_BOUND ( 'NONE', #1525, .T. ) ;
#4555 = DIRECTION ( 'NONE',  ( 0.000000000000000000, 0.000000000000000000, -1.000000000000000000 ) ) ;
#4556 = ORIENTED_EDGE ( 'NONE', *, *, #957, .F. ) ;
#4557 = ORIENTED_EDGE ( 'NONE', *, *, #4894, .T. ) ;
#4558 = EDGE_CURVE ( 'NONE', #3225, #2602, #4847, .T. ) ;
#4559 = EDGE_CURVE ( 'NONE', #316, #753, #1409, .T. ) ;
#4560 = ORIENTED_EDGE ( 'NONE', *, *, #1577, .T. ) ;
#4561 = AXIS2_PLACEMENT_3D ( 'NONE', #4667, #4330, #4281 ) ;
#4562 = LINE ( 'NONE', #343, #3817 ) ;
#4563 = LINE ( 'NONE', #3402, #4371 ) ;
#4564 = CARTESIAN_POINT ( 'NONE',  ( 37.12847732750292806, -1.167094277858411688, 1006.650127645755106 ) ) ;
#4565 = DIRECTION ( 'NONE',  ( 0.000000000000000000, 0.000000000000000000, 1.000000000000000000 ) ) ;
#4566 = ADVANCED_FACE ( 'NONE', ( #1814 ), #2461, .F. ) ;
#4567 = LINE ( 'NONE', #1110, #510 ) ;
#4568 = LINE ( 'NONE', #3354, #2906 ) ;
#4569 = CARTESIAN_POINT ( 'NONE',  ( 15.32705365434141775, -22.15303777888381376, 1014.913962591252925 ) ) ;
#4570 = CARTESIAN_POINT ( 'NONE',  ( -26.32357194782614940, 19.32163583045519317, 996.9139625912529254 ) ) ;
#4571 = EDGE_CURVE ( 'NONE', #1448, #1755, #629, .T. ) ;
#4572 = ORIENTED_EDGE ( 'NONE', *, *, #3051, .T. ) ;
#4573 = LINE ( 'NONE', #4936, #906 ) ;
#4574 = DIRECTION ( 'NONE',  ( -1.000000000000000000, 0.000000000000000000, 0.000000000000000000 ) ) ;
#4575 = ORIENTED_EDGE ( 'NONE', *, *, #4685, .F. ) ;
#4576 = EDGE_CURVE ( 'NONE', #228, #2585, #1009, .T. ) ;
#4577 = ORIENTED_EDGE ( 'NONE', *, *, #746, .F. ) ;
#4578 = CARTESIAN_POINT ( 'NONE',  ( -41.47721736514306201, 7.077967428120441440, 1016.713962591252880 ) ) ;
#4579 = DIRECTION ( 'NONE',  ( 0.000000000000000000, 0.000000000000000000, 1.000000000000000000 ) ) ;
#4580 = DIRECTION ( 'NONE',  ( -0.000000000000000000, -0.000000000000000000, -1.000000000000000000 ) ) ;
#4581 = COORDINATED_UNIVERSAL_TIME_OFFSET ( 8, 0, .AHEAD. ) ;
#4582 = ORIENTED_EDGE ( 'NONE', *, *, #2237, .F. ) ;
#4583 = ORIENTED_EDGE ( 'NONE', *, *, #1342, .T. ) ;
#4584 = CIRCLE ( 'NONE', #3205, 0.5743212343493758754 ) ;
#4585 = ADVANCED_FACE ( 'NONE', ( #2179 ), #652, .F. ) ;
#4586 = FACE_OUTER_BOUND ( 'NONE', #4808, .T. ) ;
#4587 = LINE ( 'NONE', #2939, #2515 ) ;
#4588 = CARTESIAN_POINT ( 'NONE',  ( -38.45952814075521076, -21.26124688946221042, 996.9139625912529254 ) ) ;
#4589 = DIRECTION ( 'NONE',  ( 0.000000000000000000, 0.000000000000000000, 1.000000000000000000 ) ) ;
#4590 = ORIENTED_EDGE ( 'NONE', *, *, #899, .T. ) ;
#4591 = EDGE_CURVE ( 'NONE', #1295, #2121, #4548, .T. ) ;
#4592 = EDGE_CURVE ( 'NONE', #3096, #1756, #3015, .T. ) ;
#4593 = DIRECTION ( 'NONE',  ( 1.000000000000000000, 0.000000000000000000, 0.000000000000000000 ) ) ;
#4594 = CYLINDRICAL_SURFACE ( 'NONE', #4705, 1.250000000000001110 ) ;
#4595 = DIRECTION ( 'NONE',  ( 0.000000000000000000, 0.000000000000000000, 1.000000000000000000 ) ) ;
#4596 = DIRECTION ( 'NONE',  ( -0.000000000000000000, -0.000000000000000000, 1.000000000000000000 ) ) ;
#4597 = ORIENTED_EDGE ( 'NONE', *, *, #3072, .T. ) ;
#4598 = ADVANCED_FACE ( 'NONE', ( #2133 ), #2106, .F. ) ;
#4599 = CARTESIAN_POINT ( 'NONE',  ( 26.64700021722458345, 12.31503181724917795, 996.9139625912529254 ) ) ;
#4600 = ORIENTED_EDGE ( 'NONE', *, *, #2143, .T. ) ;
#4601 = EDGE_LOOP ( 'NONE', ( #504, #4996, #4817, #2014 ) ) ;
#4602 = ORIENTED_EDGE ( 'NONE', *, *, #2614, .T. ) ;
#4603 = CIRCLE ( 'NONE', #2346, 2.999999999999995559 ) ;
#4604 = ADVANCED_FACE ( 'NONE', ( #170 ), #3659, .F. ) ;
#4605 = DIRECTION ( 'NONE',  ( -1.000000000000000000, 0.000000000000000000, 0.000000000000000000 ) ) ;
#4606 = CARTESIAN_POINT ( 'NONE',  ( -40.62032776698665515, 6.577967428120441440, 1016.713962591252880 ) ) ;
#4607 = DIRECTION ( 'NONE',  ( 0.000000000000000000, 0.000000000000000000, 1.000000000000000000 ) ) ;
#4608 = APPROVAL_STATUS ( 'not_yet_approved' ) ;
#4609 = ORIENTED_EDGE ( 'NONE', *, *, #3696, .F. ) ;
#4610 = AXIS2_PLACEMENT_3D ( 'NONE', #2429, #1506, #44 ) ;
#4611 = ORIENTED_EDGE ( 'NONE', *, *, #3389, .F. ) ;
#4612 = AXIS2_PLACEMENT_3D ( 'NONE', #1212, #3196, #2343 ) ;
#4613 = AXIS2_PLACEMENT_3D ( 'NONE', #3391, #4943, #1479 ) ;
#4614 = LINE ( 'NONE', #1514, #2915 ) ;
#4615 = CARTESIAN_POINT ( 'NONE',  ( 31.42847732750292522, -23.15303777888382086, 1014.913962591252925 ) ) ;
#4616 = DIRECTION ( 'NONE',  ( 0.000000000000000000, 0.000000000000000000, 1.000000000000000000 ) ) ;
#4617 = EDGE_LOOP ( 'NONE', ( #1961, #1619, #1484, #2283 ) ) ;
#4618 = VERTEX_POINT ( 'NONE', #1034 ) ;
#4619 = AXIS2_PLACEMENT_3D ( 'NONE', #523, #1733, #3368 ) ;
#4620 = VECTOR ( 'NONE', #2546, 1000.000000000000000 ) ;
#4621 = CARTESIAN_POINT ( 'NONE',  ( 35.62847732750292806, 3.683063313312188392, 1004.850119513241111 ) ) ;
#4622 = CARTESIAN_POINT ( 'NONE',  ( 26.64700021722460477, -19.65303777888381376, 1003.413962591253039 ) ) ;
#4623 = VECTOR ( 'NONE', #2368, 1000.000000000000000 ) ;
#4624 = FACE_BOUND ( 'NONE', #1782, .T. ) ;
#4625 = DIRECTION ( 'NONE',  ( 0.000000000000000000, 0.000000000000000000, -1.000000000000000000 ) ) ;
#4626 = APPLICATION_CONTEXT ( 'configuration controlled 3d designs of mechanical parts and assemblies' ) ;
#4627 = ORIENTED_EDGE ( 'NONE', *, *, #3804, .F. ) ;
#4628 = VECTOR ( 'NONE', #979, 1000.000000000000000 ) ;
#4629 = VECTOR ( 'NONE', #3185, 1000.000000000000000 ) ;
#4630 = CARTESIAN_POINT ( 'NONE',  ( -38.31129706319399730, -21.00042597840437253, 996.9139625912529254 ) ) ;
#4631 = EDGE_LOOP ( 'NONE', ( #2632, #4400, #2713, #594 ) ) ;
#4632 = AXIS2_PLACEMENT_3D ( 'NONE', #563, #1398, #699 ) ;
#4633 = ORIENTED_EDGE ( 'NONE', *, *, #3953, .T. ) ;
#4634 = VECTOR ( 'NONE', #3609, 1000.000000000000000 ) ;
#4635 = EDGE_LOOP ( 'NONE', ( #4776, #2242, #2733, #3083 ) ) ;
#4636 = AXIS2_PLACEMENT_3D ( 'NONE', #3478, #3505, #2732 ) ;
#4637 = DIRECTION ( 'NONE',  ( 0.000000000000000000, 0.000000000000000000, -1.000000000000000000 ) ) ;
#4638 = CARTESIAN_POINT ( 'NONE',  ( 35.64590896369590212, 8.577967428120430782, 1016.713962591252880 ) ) ;
#4639 = CARTESIAN_POINT ( 'NONE',  ( -20.87579369198158474, -22.15303777888381731, 1016.713962591252880 ) ) ;
#4640 = EDGE_LOOP ( 'NONE', ( #408, #4495, #3949, #3446 ) ) ;
#4641 = EDGE_CURVE ( 'NONE', #1191, #3721, #1708, .T. ) ;
#4642 = LINE ( 'NONE', #2384, #1962 ) ;
#4643 = DIRECTION ( 'NONE',  ( -0.000000000000000000, -1.000000000000000000, 0.000000000000000000 ) ) ;
#4644 = VECTOR ( 'NONE', #2234, 1000.000000000000000 ) ;
#4645 = CARTESIAN_POINT ( 'NONE',  ( -39.97721736514306912, -7.232593278003813353, 1005.450119563566773 ) ) ;
#4646 = ORIENTED_EDGE ( 'NONE', *, *, #3680, .F. ) ;
#4647 = ORIENTED_EDGE ( 'NONE', *, *, #2761, .F. ) ;
#4648 = EDGE_CURVE ( 'NONE', #2041, #2051, #4306, .T. ) ;
#4649 = LINE ( 'NONE', #2740, #4381 ) ;
#4650 = CARTESIAN_POINT ( 'NONE',  ( -41.47721736514306201, 8.077967428120437887, 1016.713962591252880 ) ) ;
#4651 = CARTESIAN_POINT ( 'NONE',  ( 31.42847732750292522, -23.15303777888382086, 1014.913962591252925 ) ) ;
#4652 = PLANE ( 'NONE',  #3231 ) ;
#4653 = ORIENTED_EDGE ( 'NONE', *, *, #574, .F. ) ;
#4654 = CARTESIAN_POINT ( 'NONE',  ( 35.62847732750292806, 2.734954183441571818, 1009.530508990493786 ) ) ;
#4655 = DIRECTION ( 'NONE',  ( -0.000000000000000000, -0.000000000000000000, -1.000000000000000000 ) ) ;
#4656 = EDGE_CURVE ( 'NONE', #54, #4070, #4110, .T. ) ;
#4657 = ORIENTED_EDGE ( 'NONE', *, *, #1963, .T. ) ;
#4658 = VERTEX_POINT ( 'NONE', #4406 ) ;
#4659 = DIRECTION ( 'NONE',  ( 0.000000000000000000, -1.000000000000000000, 0.000000000000000000 ) ) ;
#4660 = DIRECTION ( 'NONE',  ( -1.000000000000000000, 0.000000000000000000, -0.000000000000000000 ) ) ;
#4661 = CARTESIAN_POINT ( 'NONE',  ( 33.50198094651886294, 18.48971856456102358, 996.9139625912529254 ) ) ;
#4662 = ORIENTED_EDGE ( 'NONE', *, *, #3456, .T. ) ;
#4663 = CC_DESIGN_DATE_AND_TIME_ASSIGNMENT ( #1852, #4202, ( #814 ) ) ;
#4664 = ADVANCED_FACE ( 'NONE', ( #603 ), #4904, .T. ) ;
#4665 = DIRECTION ( 'NONE',  ( 1.000000000000000000, -0.000000000000000000, -0.000000000000000000 ) ) ;
#4666 = CARTESIAN_POINT ( 'NONE',  ( -40.62032776698665515, -8.909369376549067354, 1014.913962591252925 ) ) ;
#4667 = CARTESIAN_POINT ( 'NONE',  ( 27.57081413091892585, 17.32163583045618793, 1009.913962591253039 ) ) ;
#4668 = ORIENTED_EDGE ( 'NONE', *, *, #1788, .F. ) ;
#4669 = ORIENTED_EDGE ( 'NONE', *, *, #786, .T. ) ;
#4670 = VECTOR ( 'NONE', #2673, 1000.000000000000000 ) ;
#4671 = EDGE_CURVE ( 'NONE', #1755, #647, #674, .T. ) ;
#4672 = CARTESIAN_POINT ( 'NONE',  ( 13.32705365434144440, 19.82163583045518962, 1016.713962591252880 ) ) ;
#4673 = PLANE ( 'NONE',  #342 ) ;
#4674 = DIRECTION ( 'NONE',  ( 1.000000000000000000, -0.000000000000000000, -0.000000000000000000 ) ) ;
#4675 = CARTESIAN_POINT ( 'NONE',  ( -42.97721736514308333, 17.32163583045519317, 1016.913962591252925 ) ) ;
#4676 = ORIENTED_EDGE ( 'NONE', *, *, #2499, .F. ) ;
#4677 = CARTESIAN_POINT ( 'NONE',  ( 37.20801621769203393, 2.734954183441571374, 1009.530508990493786 ) ) ;
#4678 = DIRECTION ( 'NONE',  ( -0.000000000000000000, -0.000000000000000000, -1.000000000000000000 ) ) ;
#4679 = ORIENTED_EDGE ( 'NONE', *, *, #3598, .F. ) ;
#4680 = ORIENTED_EDGE ( 'NONE', *, *, #3598, .T. ) ;
#4681 = CIRCLE ( 'NONE', #2005, 2.999999999999999112 ) ;
#4682 = DIRECTION ( 'NONE',  ( -0.000000000000000000, -0.000000000000000000, -1.000000000000000000 ) ) ;
#4683 = ORIENTED_EDGE ( 'NONE', *, *, #864, .T. ) ;
#4684 = EDGE_CURVE ( 'NONE', #1549, #316, #1633, .T. ) ;
#4685 = EDGE_CURVE ( 'NONE', #2531, #3731, #4871, .T. ) ;
#4686 = DIRECTION ( 'NONE',  ( -1.000000000000000000, 0.000000000000000000, 0.000000000000000000 ) ) ;
#4687 = LINE ( 'NONE', #22, #3419 ) ;
#4688 = CYLINDRICAL_SURFACE ( 'NONE', #2176, 0.3000000000000016542 ) ;
#4689 = ORIENTED_EDGE ( 'NONE', *, *, #2706, .F. ) ;
#4690 = ORIENTED_EDGE ( 'NONE', *, *, #2557, .F. ) ;
#4691 = LINE ( 'NONE', #4718, #4969 ) ;
#4692 = LINE ( 'NONE', #401, #4367 ) ;
#4693 = CARTESIAN_POINT ( 'NONE',  ( 32.42847732750293233, 22.32163583045519317, 1016.913962591252925 ) ) ;
#4694 = DIRECTION ( 'NONE',  ( 0.000000000000000000, 1.000000000000000000, 0.000000000000000000 ) ) ;
#4695 = VECTOR ( 'NONE', #1613, 1000.000000000000000 ) ;
#4696 = ADVANCED_FACE ( 'NONE', ( #3785 ), #345, .F. ) ;
#4697 = AXIS2_PLACEMENT_3D ( 'NONE', #2767, #99, #4263 ) ;
#4698 = LINE ( 'NONE', #883, #4061 ) ;
#4699 = LINE ( 'NONE', #2038, #2278 ) ;
#4700 = VERTEX_POINT ( 'NONE', #2642 ) ;
#4701 = VERTEX_POINT ( 'NONE', #2620 ) ;
#4702 = VECTOR ( 'NONE', #2178, 1000.000000000000000 ) ;
#4703 = CARTESIAN_POINT ( 'NONE',  ( -36.97721736514306201, 16.32163583045519673, 1001.913962591253039 ) ) ;
#4704 = VECTOR ( 'NONE', #2735, 1000.000000000000000 ) ;
#4705 = AXIS2_PLACEMENT_3D ( 'NONE', #3443, #4514, #326 ) ;
#4706 = AXIS2_PLACEMENT_3D ( 'NONE', #445, #3902, #2000 ) ;
#4707 = EDGE_LOOP ( 'NONE', ( #1160, #2067, #2890, #1998 ) ) ;
#4708 = AXIS2_PLACEMENT_3D ( 'NONE', #4114, #2864, #200 ) ;
#4709 = CARTESIAN_POINT ( 'NONE',  ( -19.37579369198158119, -23.15303777888382086, 1016.713962591252880 ) ) ;
#4710 = DIRECTION ( 'NONE',  ( 0.000000000000000000, 0.000000000000000000, -1.000000000000000000 ) ) ;
#4711 = CIRCLE ( 'NONE', #3587, 3.000000000000002665 ) ;
#4712 = EDGE_CURVE ( 'NONE', #1151, #454, #2590, .T. ) ;
#4713 = PLANE ( 'NONE',  #55 ) ;
#4714 = AXIS2_PLACEMENT_3D ( 'NONE', #196, #1032, #601 ) ;
#4715 = EDGE_CURVE ( 'NONE', #768, #1423, #4193, .T. ) ;
#4716 = VERTEX_POINT ( 'NONE', #2211 ) ;
#4717 = ORIENTED_EDGE ( 'NONE', *, *, #3295, .T. ) ;
#4718 = CARTESIAN_POINT ( 'NONE',  ( -35.02824403721998436, 9.339873066931188461, 1001.913962591253039 ) ) ;
#4719 = CARTESIAN_POINT ( 'NONE',  ( -36.04963720278257000, -14.31558395544890772, 1001.913962591253039 ) ) ;
#4720 = DIRECTION ( 'NONE',  ( 0.000000000000000000, 1.000000000000000000, 0.000000000000000000 ) ) ;
#4721 = PLANE ( 'NONE',  #4859 ) ;
#4722 = LINE ( 'NONE', #1616, #1084 ) ;
#4723 = CYLINDRICAL_SURFACE ( 'NONE', #4960, 2.999999999999999112 ) ;
#4724 = EDGE_CURVE ( 'NONE', #1800, #4131, #3403, .T. ) ;
#4725 = VERTEX_POINT ( 'NONE', #730 ) ;
#4726 = VERTEX_POINT ( 'NONE', #4588 ) ;
#4727 = CARTESIAN_POINT ( 'NONE',  ( -38.02824403722000568, 12.33987306693120978, 1001.913962591253039 ) ) ;
#4728 = ADVANCED_FACE ( 'NONE', ( #3024 ), #4210, .F. ) ;
#4729 = ORIENTED_EDGE ( 'NONE', *, *, #4471, .T. ) ;
#4730 = DIRECTION ( 'NONE',  ( 1.000000000000000000, 0.000000000000000000, 0.000000000000000000 ) ) ;
#4731 = DIRECTION ( 'NONE',  ( -1.000000000000000000, 0.000000000000000000, 0.000000000000000000 ) ) ;
#4732 = FACE_OUTER_BOUND ( 'NONE', #2947, .T. ) ;
#4733 = ORIENTED_EDGE ( 'NONE', *, *, #2212, .F. ) ;
#4734 = VERTEX_POINT ( 'NONE', #1516 ) ;
#4735 = FACE_OUTER_BOUND ( 'NONE', #363, .T. ) ;
#4736 = FACE_OUTER_BOUND ( 'NONE', #4366, .T. ) ;
#4737 = CARTESIAN_POINT ( 'NONE',  ( 29.07081667092392507, 19.32163583045519317, 1009.913962591253039 ) ) ;
#4738 = FACE_OUTER_BOUND ( 'NONE', #2167, .T. ) ;
#4739 = DIRECTION ( 'NONE',  ( 1.000000000000000000, 0.000000000000000000, 0.000000000000000000 ) ) ;
#4740 = EDGE_CURVE ( 'NONE', #3314, #4700, #4955, .T. ) ;
#4741 = EDGE_CURVE ( 'NONE', #1821, #1143, #4584, .T. ) ;
#4742 = CIRCLE ( 'NONE', #721, 1.250000000000001110 ) ;
#4743 = DIRECTION ( 'NONE',  ( 1.000000000000000000, 0.000000000000000000, -0.000000000000000000 ) ) ;
#4744 = DIRECTION ( 'NONE',  ( 0.000000000000000000, 0.000000000000000000, -1.000000000000000000 ) ) ;
#4745 = DIRECTION ( 'NONE',  ( -1.000000000000000000, 0.000000000000000000, 0.000000000000000000 ) ) ;
#4746 = LINE ( 'NONE', #3830, #3979 ) ;
#4747 = ORIENTED_EDGE ( 'NONE', *, *, #3742, .T. ) ;
#4748 = ORIENTED_EDGE ( 'NONE', *, *, #4648, .T. ) ;
#4749 = EDGE_CURVE ( 'NONE', #341, #846, #1677, .T. ) ;
#4750 = CARTESIAN_POINT ( 'NONE',  ( -28.34051892185214072, -19.65303777888381731, 996.9139625912529254 ) ) ;
#4751 = ORIENTED_EDGE ( 'NONE', *, *, #4944, .F. ) ;
#4752 = VECTOR ( 'NONE', #2876, 1000.000000000000000 ) ;
#4753 = ADVANCED_FACE ( 'NONE', ( #3483 ), #4113, .T. ) ;
#4754 = DIRECTION ( 'NONE',  ( -1.000000000000000000, 0.000000000000000000, 0.000000000000000000 ) ) ;
#4755 = DIRECTION ( 'NONE',  ( -0.000000000000000000, -0.000000000000000000, -1.000000000000000000 ) ) ;
#4756 = DIRECTION ( 'NONE',  ( 0.000000000000000000, 1.000000000000000000, 0.000000000000000000 ) ) ;
#4757 = EDGE_LOOP ( 'NONE', ( #4372, #1069, #3699, #2587 ) ) ;
#4758 = ORIENTED_EDGE ( 'NONE', *, *, #2237, .T. ) ;
#4759 = VERTEX_POINT ( 'NONE', #1913 ) ;
#4760 = EDGE_CURVE ( 'NONE', #383, #4951, #1889, .T. ) ;
#4761 = VECTOR ( 'NONE', #1845, 1000.000000000000000 ) ;
#4762 = DIRECTION ( 'NONE',  ( 0.000000000000000000, 0.000000000000000000, -1.000000000000000000 ) ) ;
#4763 = LINE ( 'NONE', #1329, #440 ) ;
#4764 = CYLINDRICAL_SURFACE ( 'NONE', #1233, 4.500000000000003553 ) ;
#4765 = LINE ( 'NONE', #4316, #182 ) ;
#4766 = CARTESIAN_POINT ( 'NONE',  ( -41.97721736514307622, -14.23259327800181495, 1007.389689327331780 ) ) ;
#4767 = AXIS2_PLACEMENT_3D ( 'NONE', #2347, #4293, #1598 ) ;
#4768 = AXIS2_PLACEMENT_3D ( 'NONE', #3828, #2730, #3451 ) ;
#4769 = CARTESIAN_POINT ( 'NONE',  ( -41.19464900133603180, 8.577967428120441440, 1014.913962591252925 ) ) ;
#4770 = VECTOR ( 'NONE', #731, 1000.000000000000000 ) ;
#4771 = LINE ( 'NONE', #1841, #351 ) ;
#4772 = CYLINDRICAL_SURFACE ( 'NONE', #792, 0.9842597834286564984 ) ;
#4773 = FACE_OUTER_BOUND ( 'NONE', #2150, .T. ) ;
#4774 = ADVANCED_FACE ( 'NONE', ( #5000 ), #3069, .T. ) ;
#4775 = VERTEX_POINT ( 'NONE', #1462 ) ;
#4776 = ORIENTED_EDGE ( 'NONE', *, *, #2306, .T. ) ;
#4777 = VECTOR ( 'NONE', #1635, 1000.000000000000000 ) ;
#4778 = DIRECTION ( 'NONE',  ( 0.000000000000000000, -1.000000000000000000, 0.000000000000000000 ) ) ;
#4779 = EDGE_LOOP ( 'NONE', ( #3513, #3017, #3506, #4118 ) ) ;
#4780 = AXIS2_PLACEMENT_3D ( 'NONE', #198, #2860, #4486 ) ;
#4781 = AXIS2_PLACEMENT_3D ( 'NONE', #1277, #4030, #1351 ) ;
#4782 = ORIENTED_EDGE ( 'NONE', *, *, #1894, .F. ) ;
#4783 = VECTOR ( 'NONE', #2478, 1000.000000000000000 ) ;
#4784 = AXIS2_PLACEMENT_3D ( 'NONE', #3590, #4270, #1170 ) ;
#4785 = VECTOR ( 'NONE', #3116, 1000.000000000000000 ) ;
#4786 = DIRECTION ( 'NONE',  ( -1.000000000000000000, 0.000000000000000000, 0.000000000000000000 ) ) ;
#4787 = DIRECTION ( 'NONE',  ( 1.000000000000000000, 0.000000000000000000, 0.000000000000000000 ) ) ;
#4788 = PERSON_AND_ORGANIZATION ( #512, #561 ) ;
#4789 = ORIENTED_EDGE ( 'NONE', *, *, #3456, .F. ) ;
#4790 = EDGE_CURVE ( 'NONE', #1214, #2538, #708, .T. ) ;
#4791 = AXIS2_PLACEMENT_3D ( 'NONE', #2444, #3854, #2711 ) ;
#4792 = ORIENTED_EDGE ( 'NONE', *, *, #3986, .F. ) ;
#4793 = AXIS2_PLACEMENT_3D ( 'NONE', #2037, #1282, #61 ) ;
#4794 = ORIENTED_EDGE ( 'NONE', *, *, #3203, .T. ) ;
#4795 = AXIS2_PLACEMENT_3D ( 'NONE', #2156, #4006, #4031 ) ;
#4796 = LINE ( 'NONE', #2484, #2096 ) ;
#4797 = AXIS2_PLACEMENT_3D ( 'NONE', #277, #4216, #1499 ) ;
#4798 = CYLINDRICAL_SURFACE ( 'NONE', #3177, 0.7500012700025031620 ) ;
#4799 = DIRECTION ( 'NONE',  ( 1.000000000000000000, 0.000000000000000000, 0.000000000000000000 ) ) ;
#4800 = CARTESIAN_POINT ( 'NONE',  ( -41.47721736514306201, 16.32163583045519673, 1014.913962591252925 ) ) ;
#4801 = CARTESIAN_POINT ( 'NONE',  ( 34.42847732750292522, -18.65303777888382086, 1014.913962591252925 ) ) ;
#4802 = ADVANCED_FACE ( 'NONE', ( #4982 ), #2668, .F. ) ;
#4803 = LINE ( 'NONE', #1817, #1804 ) ;
#4804 = DIRECTION ( 'NONE',  ( -1.000000000000000000, 0.000000000000000000, 0.000000000000000000 ) ) ;
#4805 = LINE ( 'NONE', #3636, #486 ) ;
#4806 = CARTESIAN_POINT ( 'NONE',  ( 37.42847732750293233, 17.32163583045519317, 994.9139625912529254 ) ) ;
#4807 = VERTEX_POINT ( 'NONE', #680 ) ;
#4808 = EDGE_LOOP ( 'NONE', ( #3055, #2682, #2613, #582, #4816, #3961 ) ) ;
#4809 = CYLINDRICAL_SURFACE ( 'NONE', #3147, 2.000000000000001776 ) ;
#4810 = ORIENTED_EDGE ( 'NONE', *, *, #48, .F. ) ;
#4811 = VERTEX_POINT ( 'NONE', #806 ) ;
#4812 = EDGE_CURVE ( 'NONE', #2418, #820, #118, .T. ) ;
#4813 = EDGE_CURVE ( 'NONE', #1725, #3237, #1653, .T. ) ;
#4814 = DIRECTION ( 'NONE',  ( 1.000000000000000000, -0.000000000000000000, -0.000000000000000000 ) ) ;
#4815 = CARTESIAN_POINT ( 'NONE',  ( 32.42847732750293233, 13.62306331331018860, 1005.510119513240056 ) ) ;
#4816 = ORIENTED_EDGE ( 'NONE', *, *, #2282, .F. ) ;
#4817 = ORIENTED_EDGE ( 'NONE', *, *, #3776, .F. ) ;
#4818 = ORIENTED_EDGE ( 'NONE', *, *, #2423, .F. ) ;
#4819 = EDGE_CURVE ( 'NONE', #1744, #4716, #2383, .T. ) ;
#4820 = CYLINDRICAL_SURFACE ( 'NONE', #3079, 1.639569763765003074 ) ;
#4821 = DIRECTION ( 'NONE',  ( -0.000000000000000000, -0.000000000000000000, 1.000000000000000000 ) ) ;
#4822 = DIRECTION ( 'NONE',  ( -0.000000000000000000, 0.000000000000000000, -1.000000000000000000 ) ) ;
#4823 = DIRECTION ( 'NONE',  ( -0.000000000000000000, -0.000000000000000000, -1.000000000000000000 ) ) ;
#4824 = DIRECTION ( 'NONE',  ( 1.000000000000000000, 0.000000000000000000, 0.000000000000000000 ) ) ;
#4825 = EDGE_CURVE ( 'NONE', #4775, #4050, #206, .T. ) ;
#4826 = CARTESIAN_POINT ( 'NONE',  ( -32.42590672252306661, -21.65303777888381731, 1009.913962591253039 ) ) ;
#4827 = CARTESIAN_POINT ( 'NONE',  ( 12.57705365434144262, 20.82163583045519317, 1016.713962591252880 ) ) ;
#4828 = PLANE ( 'NONE',  #1935 ) ;
#4829 = CYLINDRICAL_SURFACE ( 'NONE', #1647, 1.250000000000001110 ) ;
#4830 = ORIENTED_EDGE ( 'NONE', *, *, #1963, .F. ) ;
#4831 = ORIENTED_EDGE ( 'NONE', *, *, #4894, .F. ) ;
#4832 = AXIS2_PLACEMENT_3D ( 'NONE', #2742, #2789, #426 ) ;
#4833 = DIRECTION ( 'NONE',  ( -0.000000000000000000, -1.000000000000000000, -0.000000000000000000 ) ) ;
#4834 = VERTEX_POINT ( 'NONE', #3187 ) ;
#4835 = ORIENTED_EDGE ( 'NONE', *, *, #4741, .F. ) ;
#4836 = PLANE ( 'NONE',  #3775 ) ;
#4837 = LINE ( 'NONE', #1367, #676 ) ;
#4838 = APPROVAL_PERSON_ORGANIZATION ( #4788, #3440, #1294 ) ;
#4839 = DIRECTION ( 'NONE',  ( 0.000000000000000000, 0.000000000000000000, 1.000000000000000000 ) ) ;
#4840 = ORIENTED_EDGE ( 'NONE', *, *, #996, .T. ) ;
#4841 = VECTOR ( 'NONE', #2161, 1000.000000000000000 ) ;
#4842 = ORIENTED_EDGE ( 'NONE', *, *, #2759, .T. ) ;
#4843 = ADVANCED_FACE ( 'NONE', ( #3879 ), #2717, .F. ) ;
#4844 = ORIENTED_EDGE ( 'NONE', *, *, #917, .F. ) ;
#4845 = FACE_OUTER_BOUND ( 'NONE', #744, .T. ) ;
#4846 = DIRECTION ( 'NONE',  ( 0.000000000000000000, 9.724964941096913828E-14, 1.000000000000000000 ) ) ;
#4847 = LINE ( 'NONE', #4086, #3901 ) ;
#4848 = CARTESIAN_POINT ( 'NONE',  ( -33.07215846222758415, -14.31558395544890772, 996.9139625912529254 ) ) ;
#4849 = EDGE_CURVE ( 'NONE', #4245, #4267, #4348, .T. ) ;
#4850 = CIRCLE ( 'NONE', #2894, 3.000000000000002665 ) ;
#4851 = CIRCLE ( 'NONE', #821, 2.000000000000001776 ) ;
#4852 = DIRECTION ( 'NONE',  ( -1.000000000000000000, 0.000000000000000000, 0.000000000000000000 ) ) ;
#4853 = DIRECTION ( 'NONE',  ( 1.000000000000000000, 0.000000000000000000, 0.000000000000000000 ) ) ;
#4854 = CARTESIAN_POINT ( 'NONE',  ( -42.97721736514308333, -19.65303777888381731, 1016.913962591252925 ) ) ;
#4855 = CARTESIAN_POINT ( 'NONE',  ( -41.97721736514307622, -14.23259327800181495, 1005.450119563566773 ) ) ;
#4856 = ORIENTED_EDGE ( 'NONE', *, *, #1071, .T. ) ;
#4857 = ADVANCED_FACE ( 'NONE', ( #4732 ), #92, .F. ) ;
#4858 = ORIENTED_EDGE ( 'NONE', *, *, #1640, .F. ) ;
#4859 = AXIS2_PLACEMENT_3D ( 'NONE', #1943, #2724, #30 ) ;
#4860 = CIRCLE ( 'NONE', #2675, 2.999999999999995559 ) ;
#4861 = CARTESIAN_POINT ( 'NONE',  ( -38.32824403722000994, 18.65931137067387979, 1001.913962591253039 ) ) ;
#4862 = ORIENTED_EDGE ( 'NONE', *, *, #3551, .T. ) ;
#4863 = EDGE_CURVE ( 'NONE', #3754, #1178, #1253, .T. ) ;
#4864 = ORIENTED_EDGE ( 'NONE', *, *, #3653, .F. ) ;
#4865 = ORIENTED_EDGE ( 'NONE', *, *, #2514, .F. ) ;
#4866 = DIRECTION ( 'NONE',  ( 0.000000000000000000, -0.000000000000000000, -1.000000000000000000 ) ) ;
#4867 = LINE ( 'NONE', #619, #2528 ) ;
#4868 = COORDINATED_UNIVERSAL_TIME_OFFSET ( 8, 0, .AHEAD. ) ;
#4869 = EDGE_LOOP ( 'NONE', ( #4049, #2013, #4747, #4024 ) ) ;
#4870 = ORIENTED_EDGE ( 'NONE', *, *, #2551, .T. ) ;
#4871 = CIRCLE ( 'NONE', #3323, 1.250000000000001110 ) ;
#4872 = ORIENTED_EDGE ( 'NONE', *, *, #809, .T. ) ;
#4873 = VECTOR ( 'NONE', #3918, 1000.000000000000000 ) ;
#4874 = EDGE_CURVE ( 'NONE', #1539, #228, #4850, .T. ) ;
#4875 = LINE ( 'NONE', #1706, #3512 ) ;
#4876 = CARTESIAN_POINT ( 'NONE',  ( 31.42847732750292522, -18.65303777888382086, 1014.913962591252925 ) ) ;
#4877 = VECTOR ( 'NONE', #3481, 1000.000000000000000 ) ;
#4878 = CARTESIAN_POINT ( 'NONE',  ( -38.02824403722000568, 12.33987306693120978, 1001.913962591253039 ) ) ;
#4879 = VECTOR ( 'NONE', #1163, 1000.000000000000000 ) ;
#4880 = CARTESIAN_POINT ( 'NONE',  ( 30.22847732750289396, -13.54443224168380944, 996.9139625912529254 ) ) ;
#4881 = CIRCLE ( 'NONE', #2694, 3.000000000000002665 ) ;
#4882 = CIRCLE ( 'NONE', #1168, 3.000000000000002665 ) ;
#4883 = EDGE_CURVE ( 'NONE', #537, #759, #3905, .T. ) ;
#4884 = LINE ( 'NONE', #1519, #4302 ) ;
#4885 = CARTESIAN_POINT ( 'NONE',  ( -39.97721736514306201, -18.65303777888382086, 996.9139625912529254 ) ) ;
#4886 = CARTESIAN_POINT ( 'NONE',  ( 31.42847732750292522, 19.32163583045519317, 1014.913962591252925 ) ) ;
#4887 = ORIENTED_EDGE ( 'NONE', *, *, #3114, .T. ) ;
#4888 = VECTOR ( 'NONE', #3043, 1000.000000000000000 ) ;
#4889 = ORIENTED_EDGE ( 'NONE', *, *, #3148, .T. ) ;
#4890 = CARTESIAN_POINT ( 'NONE',  ( -38.01129706319400015, -21.00042597840437253, 1001.913962591253039 ) ) ;
#4891 = ORIENTED_EDGE ( 'NONE', *, *, #3389, .T. ) ;
#4892 = VERTEX_POINT ( 'NONE', #3973 ) ;
#4893 = ORIENTED_EDGE ( 'NONE', *, *, #319, .F. ) ;
#4894 = EDGE_CURVE ( 'NONE', #2804, #3485, #3511, .T. ) ;
#4895 = CARTESIAN_POINT ( 'NONE',  ( -41.97721736514307622, -7.232593278003813353, 1005.450119563566773 ) ) ;
#4896 = DIRECTION ( 'NONE',  ( -0.000000000000000000, -0.000000000000000000, 1.000000000000000000 ) ) ;
#4897 = PERSON_AND_ORGANIZATION_ROLE ( 'design_supplier' ) ;
#4898 = ORIENTED_EDGE ( 'NONE', *, *, #928, .T. ) ;
#4899 = VERTEX_POINT ( 'NONE', #3119 ) ;
#4900 = ORIENTED_EDGE ( 'NONE', *, *, #4684, .F. ) ;
#4901 = DIRECTION ( 'NONE',  ( -0.000000000000000000, -0.000000000000000000, -1.000000000000000000 ) ) ;
#4902 = CARTESIAN_POINT ( 'NONE',  ( 16.07705365434144795, 20.82163583045518962, 1016.713962591252880 ) ) ;
#4903 = VECTOR ( 'NONE', #2251, 1000.000000000000000 ) ;
#4904 = PLANE ( 'NONE',  #1563 ) ;
#4905 = PLANE ( 'NONE',  #4440 ) ;
#4906 = CARTESIAN_POINT ( 'NONE',  ( 31.42847732750292522, -18.65303777888382086, 1016.913962591252925 ) ) ;
#4907 = DIRECTION ( 'NONE',  ( 0.000000000000000000, 0.000000000000000000, -1.000000000000000000 ) ) ;
#4908 = CARTESIAN_POINT ( 'NONE',  ( -39.97721736514306201, -18.65303777888382086, 1014.913962591252925 ) ) ;
#4909 = CARTESIAN_POINT ( 'NONE',  ( -37.97721736514308333, -24.65303777888381731, 1016.913962591252925 ) ) ;
#4910 = VECTOR ( 'NONE', #3676, 1000.000000000000000 ) ;
#4911 = ORIENTED_EDGE ( 'NONE', *, *, #11, .F. ) ;
#4912 = ORIENTED_EDGE ( 'NONE', *, *, #4351, .F. ) ;
#4913 = ADVANCED_FACE ( 'NONE', ( #73 ), #2050, .F. ) ;
#4914 = CARTESIAN_POINT ( 'NONE',  ( 23.64700021722458345, 12.31503181724919926, 1001.913962591253039 ) ) ;
#4915 = ORIENTED_EDGE ( 'NONE', *, *, #1328, .T. ) ;
#4916 = ORIENTED_EDGE ( 'NONE', *, *, #4428, .F. ) ;
#4917 = ORIENTED_EDGE ( 'NONE', *, *, #2976, .T. ) ;
#4918 = EDGE_CURVE ( 'NONE', #4156, #3524, #23, .T. ) ;
#4919 = DIRECTION ( 'NONE',  ( -1.000000000000000000, 0.000000000000000000, 0.000000000000000000 ) ) ;
#4920 = DIRECTION ( 'NONE',  ( -1.000000000000000000, 0.000000000000000000, 0.000000000000000000 ) ) ;
#4921 = CARTESIAN_POINT ( 'NONE',  ( 35.62847732750292806, 14.92306331331018754, 1005.510119513240056 ) ) ;
#4922 = PERSON_AND_ORGANIZATION ( #512, #561 ) ;
#4923 = ORIENTED_EDGE ( 'NONE', *, *, #803, .T. ) ;
#4924 = ORIENTED_EDGE ( 'NONE', *, *, #4685, .T. ) ;
#4925 = ORIENTED_EDGE ( 'NONE', *, *, #282, .F. ) ;
#4926 = ADVANCED_FACE ( 'NONE', ( #1608 ), #4688, .F. ) ;
#4927 = CARTESIAN_POINT ( 'NONE',  ( -40.62032776698665515, -8.909369376549067354, 1016.713962591252880 ) ) ;
#4928 = CARTESIAN_POINT ( 'NONE',  ( 35.62847732750292806, 11.87306331331118869, 1001.800119513241157 ) ) ;
#4929 = CARTESIAN_POINT ( 'NONE',  ( 29.99463058461726916, 12.31503181724918150, 1001.913962591253039 ) ) ;
#4930 = CYLINDRICAL_SURFACE ( 'NONE', #3645, 1.065469383577623885 ) ;
#4931 = FACE_OUTER_BOUND ( 'NONE', #637, .T. ) ;
#4932 = CARTESIAN_POINT ( 'NONE',  ( -21.62579369198157053, 20.82163583045519673, 1016.713962591252880 ) ) ;
#4933 = DIRECTION ( 'NONE',  ( 1.000000000000000000, 0.000000000000000000, -0.000000000000000000 ) ) ;
#4934 = CYLINDRICAL_SURFACE ( 'NONE', #4968, 4.999999999999997335 ) ;
#4935 = ORIENTED_EDGE ( 'NONE', *, *, #662, .T. ) ;
#4936 = CARTESIAN_POINT ( 'NONE',  ( 13.32705365434141598, -22.15303777888381376, 1016.713962591252880 ) ) ;
#4937 = FACE_OUTER_BOUND ( 'NONE', #848, .T. ) ;
#4938 = EDGE_CURVE ( 'NONE', #318, #1580, #2760, .T. ) ;
#4939 = ORIENTED_EDGE ( 'NONE', *, *, #1362, .T. ) ;
#4940 = ORIENTED_EDGE ( 'NONE', *, *, #1208, .F. ) ;
#4941 = AXIS2_PLACEMENT_3D ( 'NONE', #4966, #1501, #2413 ) ;
#4942 = AXIS2_PLACEMENT_3D ( 'NONE', #2659, #367, #1929 ) ;
#4943 = DIRECTION ( 'NONE',  ( 0.000000000000000000, 0.000000000000000000, 1.000000000000000000 ) ) ;
#4944 = EDGE_CURVE ( 'NONE', #2959, #3593, #3929, .T. ) ;
#4945 = FACE_OUTER_BOUND ( 'NONE', #1528, .T. ) ;
#4946 = CARTESIAN_POINT ( 'NONE',  ( -41.47721736514306201, -9.409369376549065578, 1016.713962591252880 ) ) ;
#4947 = VECTOR ( 'NONE', #550, 1000.000000000000000 ) ;
#4948 = AXIS2_PLACEMENT_3D ( 'NONE', #1135, #2572, #3738 ) ;
#4949 = ORIENTED_EDGE ( 'NONE', *, *, #1977, .T. ) ;
#4950 = ORIENTED_EDGE ( 'NONE', *, *, #2499, .T. ) ;
#4951 = VERTEX_POINT ( 'NONE', #2002 ) ;
#4952 = ADVANCED_FACE ( 'NONE', ( #3163 ), #4713, .F. ) ;
#4953 = CARTESIAN_POINT ( 'NONE',  ( 35.64590896369588791, -10.90936937654907801, 1016.713962591252880 ) ) ;
#4954 = DIRECTION ( 'NONE',  ( 0.000000000000000000, 0.000000000000000000, 1.000000000000000000 ) ) ;
#4955 = LINE ( 'NONE', #2289, #1055 ) ;
#4956 = CARTESIAN_POINT ( 'NONE',  ( -33.07215846222758415, -14.31558395544890772, 1001.913962591253039 ) ) ;
#4957 = VECTOR ( 'NONE', #3023, 1000.000000000000000 ) ;
#4958 = VECTOR ( 'NONE', #2716, 1000.000000000000000 ) ;
#4959 = ADVANCED_FACE ( 'NONE', ( #2535 ), #4048, .T. ) ;
#4960 = AXIS2_PLACEMENT_3D ( 'NONE', #106, #1617, #3937 ) ;
#4961 = ADVANCED_FACE ( 'NONE', ( #593 ), #3209, .F. ) ;
#4962 = DIRECTION ( 'NONE',  ( 0.000000000000000000, -1.000000000000000000, 0.000000000000000000 ) ) ;
#4963 = CARTESIAN_POINT ( 'NONE',  ( 33.29463058461727343, 18.27291029115044196, 996.9139625912529254 ) ) ;
#4964 = DIRECTION ( 'NONE',  ( 0.000000000000000000, 0.000000000000000000, 1.000000000000000000 ) ) ;
#4965 = ORIENTED_EDGE ( 'NONE', *, *, #4107, .F. ) ;
#4966 = CARTESIAN_POINT ( 'NONE',  ( -18.12579369198156698, 20.82163583045519673, 1014.913962591252925 ) ) ;
#4967 = LINE ( 'NONE', #1502, #3001 ) ;
#4968 = AXIS2_PLACEMENT_3D ( 'NONE', #2702, #1521, #3844 ) ;
#4969 = VECTOR ( 'NONE', #4333, 1000.000000000000000 ) ;
#4970 = EDGE_LOOP ( 'NONE', ( #824, #3931, #543, #2803 ) ) ;
#4971 = ORIENTED_EDGE ( 'NONE', *, *, #2626, .T. ) ;
#4972 = EDGE_CURVE ( 'NONE', #3036, #3345, #4681, .T. ) ;
#4973 = CARTESIAN_POINT ( 'NONE',  ( 37.12847732750292806, 5.433063313312188392, 1001.500119513241088 ) ) ;
#4974 = FACE_OUTER_BOUND ( 'NONE', #1265, .T. ) ;
#4975 = CARTESIAN_POINT ( 'NONE',  ( 28.64700021722460122, -13.54443224168380944, 996.9139625912529254 ) ) ;
#4976 = VERTEX_POINT ( 'NONE', #4103 ) ;
#4977 = EDGE_LOOP ( 'NONE', ( #4789, #3992, #1372, #2946 ) ) ;
#4978 = EDGE_CURVE ( 'NONE', #3084, #719, #3678, .T. ) ;
#4979 = AXIS2_PLACEMENT_3D ( 'NONE', #3576, #1205, #831 ) ;
#4980 = LINE ( 'NONE', #3458, #3422 ) ;
#4981 = CARTESIAN_POINT ( 'NONE',  ( 35.62847732750292806, 5.433063313312188392, 1008.560119513240124 ) ) ;
#4982 = FACE_OUTER_BOUND ( 'NONE', #2798, .T. ) ;
#4983 = FACE_OUTER_BOUND ( 'NONE', #159, .T. ) ;
#4984 = DIRECTION ( 'NONE',  ( 1.000000000000000000, 0.000000000000000000, 0.000000000000000000 ) ) ;
#4985 = CARTESIAN_POINT ( 'NONE',  ( -32.42590672252207185, 16.58075571869518683, 1009.913962591253039 ) ) ;
#4986 = LINE ( 'NONE', #1498, #2873 ) ;
#4987 = DIRECTION ( 'NONE',  ( 1.000000000000000000, 0.000000000000000000, 0.000000000000000000 ) ) ;
#4988 = ORIENTED_EDGE ( 'NONE', *, *, #1611, .T. ) ;
#4989 = EDGE_CURVE ( 'NONE', #4075, #4391, #1728, .T. ) ;
#4990 = FACE_OUTER_BOUND ( 'NONE', #4104, .T. ) ;
#4991 = EDGE_LOOP ( 'NONE', ( #1311, #914, #3577, #1503, #2712, #3871, #4842, #2903, #4971, #4379, #3315, #214, #4037, #2794, #560, #4830 ) ) ;
#4992 = EDGE_LOOP ( 'NONE', ( #2708, #164, #639, #1255, #3300, #1, #1689, #2935 ) ) ;
#4993 = DIRECTION ( 'NONE',  ( 0.000000000000000000, 0.000000000000000000, 1.000000000000000000 ) ) ;
#4994 = FACE_OUTER_BOUND ( 'NONE', #3329, .T. ) ;
#4995 = PLANE ( 'NONE',  #2607 ) ;
#4996 = ORIENTED_EDGE ( 'NONE', *, *, #97, .F. ) ;
#4997 = ORIENTED_EDGE ( 'NONE', *, *, #2364, .T. ) ;
#4998 = DIRECTION ( 'NONE',  ( -0.000000000000000000, -0.000000000000000000, -1.000000000000000000 ) ) ;
#4999 = DIRECTION ( 'NONE',  ( 0.000000000000000000, 0.000000000000000000, -1.000000000000000000 ) ) ;
#5000 = FACE_OUTER_BOUND ( 'NONE', #3253, .T. ) ;
#5001 = VERTEX_POINT ( 'NONE', #646 ) ;
ENDSEC;
END-ISO-10303-21;
