ISO-10303-21;
HEADER;
FILE_DESCRIPTION (( 'STEP AP203' ),
    '1' );
FILE_NAME ('top-cover.STEP',
    '2026-06-27T09:49:39',
    ( '' ),
    ( '' ),
    'SwSTEP 2.0',
    'SolidWorks 2025',
    '' );
FILE_SCHEMA (( 'CONFIG_CONTROL_DESIGN' ));
ENDSEC;

DATA;
#1 = DIRECTION ( 'NONE',  ( -1.000000000000000000, 0.000000000000000000, 0.000000000000000000 ) ) ;
#2 = EDGE_LOOP ( 'NONE', ( #521, #3544, #725, #2535 ) ) ;
#3 = PLANE ( 'NONE',  #667 ) ;
#4 = ADVANCED_FACE ( 'NONE', ( #1399 ), #625, .F. ) ;
#5 = VERTEX_POINT ( 'NONE', #4185 ) ;
#6 = EDGE_LOOP ( 'NONE', ( #3142, #2574, #1948, #901, #2271, #2543, #4126, #2708 ) ) ;
#7 = CARTESIAN_POINT ( 'NONE',  ( -13.00875480091207592, -14.12088745453381122, 994.7617465664258134 ) ) ;
#8 = DIRECTION ( 'NONE',  ( 0.000000000000000000, 0.000000000000000000, 1.000000000000000000 ) ) ;
#9 = EDGE_CURVE ( 'NONE', #2755, #1538, #3835, .T. ) ;
#10 = LINE ( 'NONE', #3844, #1423 ) ;
#11 = ORIENTED_EDGE ( 'NONE', *, *, #3695, .F. ) ;
#12 = FACE_BOUND ( 'NONE', #3207, .T. ) ;
#13 = ORIENTED_EDGE ( 'NONE', *, *, #3599, .T. ) ;
#14 = CIRCLE ( 'NONE', #1617, 4.500000000000003553 ) ;
#15 = ORIENTED_EDGE ( 'NONE', *, *, #24, .T. ) ;
#16 = CYLINDRICAL_SURFACE ( 'NONE', #2510, 1.665039331781817289 ) ;
#17 = PERSON_AND_ORGANIZATION ( #283, #4024 ) ;
#18 = ORIENTED_EDGE ( 'NONE', *, *, #1403, .F. ) ;
#19 = VECTOR ( 'NONE', #2358, 1000.000000000000000 ) ;
#20 = CARTESIAN_POINT ( 'NONE',  ( -27.35978350296907280, -19.52082945453181040, 998.2617465664258134 ) ) ;
#21 = PLANE ( 'NONE',  #3104 ) ;
#22 = PLANE ( 'NONE',  #4521 ) ;
#23 = ORIENTED_EDGE ( 'NONE', *, *, #2181, .F. ) ;
#24 = EDGE_CURVE ( 'NONE', #4326, #404, #3620, .T. ) ;
#25 = EDGE_CURVE ( 'NONE', #1146, #4052, #1750, .T. ) ;
#26 = CARTESIAN_POINT ( 'NONE',  ( 16.94730311120392940, -19.52082945453180685, 998.2617465664258134 ) ) ;
#27 = DIRECTION ( 'NONE',  ( -0.000000000000000000, -0.000000000000000000, -1.000000000000000000 ) ) ;
#28 = ORIENTED_EDGE ( 'NONE', *, *, #870, .T. ) ;
#29 = DIRECTION ( 'NONE',  ( -1.000000000000000000, 0.000000000000000000, 0.000000000000000000 ) ) ;
#30 = AXIS2_PLACEMENT_3D ( 'NONE', #1978, #907, #1707 ) ;
#31 = AXIS2_PLACEMENT_3D ( 'NONE', #2023, #1697, #663 ) ;
#32 = AXIS2_PLACEMENT_3D ( 'NONE', #4329, #2905, #1499 ) ;
#33 = CARTESIAN_POINT ( 'NONE',  ( 35.92847732750292522, -10.40936937654907446, 996.7617465664258134 ) ) ;
#34 = CIRCLE ( 'NONE', #1429, 1.000000000000000888 ) ;
#35 = DIRECTION ( 'NONE',  ( 0.000000000000000000, 0.000000000000000000, 1.000000000000000000 ) ) ;
#36 = AXIS2_PLACEMENT_3D ( 'NONE', #4036, #4065, #924 ) ;
#37 = ORIENTED_EDGE ( 'NONE', *, *, #3529, .T. ) ;
#38 = DIRECTION ( 'NONE',  ( -7.109596452262186684E-16, -1.000000000000000000, 0.000000000000000000 ) ) ;
#39 = ORIENTED_EDGE ( 'NONE', *, *, #2865, .F. ) ;
#40 = ADVANCED_FACE ( 'NONE', ( #3154 ), #3771, .F. ) ;
#41 = VECTOR ( 'NONE', #781, 1000.000000000000000 ) ;
#42 = EDGE_LOOP ( 'NONE', ( #293, #1427, #998, #3485, #3626, #3999, #606, #704 ) ) ;
#43 = DIRECTION ( 'NONE',  ( 0.000000000000000000, 0.000000000000000000, 1.000000000000000000 ) ) ;
#44 = ORIENTED_EDGE ( 'NONE', *, *, #3367, .T. ) ;
#45 = FACE_OUTER_BOUND ( 'NONE', #2427, .T. ) ;
#46 = DIRECTION ( 'NONE',  ( -1.000000000000000000, 0.000000000000000000, 0.000000000000000000 ) ) ;
#47 = DIRECTION ( 'NONE',  ( 1.000000000000000000, 0.000000000000000000, -0.000000000000000000 ) ) ;
#48 = EDGE_LOOP ( 'NONE', ( #2117, #2011, #2293, #4162 ) ) ;
#49 = LINE ( 'NONE', #735, #4339 ) ;
#50 = FACE_OUTER_BOUND ( 'NONE', #2115, .T. ) ;
#51 = VERTEX_POINT ( 'NONE', #1062 ) ;
#52 = CARTESIAN_POINT ( 'NONE',  ( 29.07421773772599849, -9.904726882270329824, 998.2617465664258134 ) ) ;
#53 = CARTESIAN_POINT ( 'NONE',  ( 16.94730311120392940, -21.02082945453181395, 998.7617465664258134 ) ) ;
#54 = CIRCLE ( 'NONE', #2101, 1.000000000000000888 ) ;
#55 = EDGE_CURVE ( 'NONE', #353, #1391, #4517, .T. ) ;
#56 = CARTESIAN_POINT ( 'NONE',  ( -36.57593716428681319, -7.232593278003832005, 998.7617465664258134 ) ) ;
#57 = ADVANCED_FACE ( 'NONE', ( #284 ), #1676, .T. ) ;
#58 = ORIENTED_EDGE ( 'NONE', *, *, #3572, .F. ) ;
#59 = CYLINDRICAL_SURFACE ( 'NONE', #913, 1.500000000000001332 ) ;
#60 = ORIENTED_EDGE ( 'NONE', *, *, #761, .F. ) ;
#61 = VERTEX_POINT ( 'NONE', #324 ) ;
#62 = CARTESIAN_POINT ( 'NONE',  ( 29.57421773772599849, -9.904726882270324495, 994.7617465664258134 ) ) ;
#63 = EDGE_CURVE ( 'NONE', #602, #694, #1728, .T. ) ;
#64 = VERTEX_POINT ( 'NONE', #2867 ) ;
#65 = ORIENTED_EDGE ( 'NONE', *, *, #2655, .T. ) ;
#66 = CARTESIAN_POINT ( 'NONE',  ( -1.248856400913074260, -19.52082945453180685, 994.7617465664258134 ) ) ;
#67 = DIRECTION ( 'NONE',  ( 0.000000000000000000, 0.000000000000000000, 1.000000000000000000 ) ) ;
#68 = ADVANCED_FACE ( 'NONE', ( #2197 ), #4275, .T. ) ;
#69 = CARTESIAN_POINT ( 'NONE',  ( 13.32705365434141420, -22.15303777888381376, 996.7617465664258134 ) ) ;
#70 = ORIENTED_EDGE ( 'NONE', *, *, #419, .T. ) ;
#71 = DIRECTION ( 'NONE',  ( 0.000000000000000000, -0.000000000000000000, -1.000000000000000000 ) ) ;
#72 = FACE_OUTER_BOUND ( 'NONE', #211, .T. ) ;
#73 = ORIENTED_EDGE ( 'NONE', *, *, #1706, .F. ) ;
#74 = LINE ( 'NONE', #1495, #748 ) ;
#75 = DIRECTION ( 'NONE',  ( -0.000000000000000000, -0.000000000000000000, 1.000000000000000000 ) ) ;
#76 = ORIENTED_EDGE ( 'NONE', *, *, #1291, .T. ) ;
#77 = CYLINDRICAL_SURFACE ( 'NONE', #1201, 1.532057280119222931 ) ;
#78 = EDGE_LOOP ( 'NONE', ( #2616, #1805, #1206, #3163 ) ) ;
#79 = EDGE_CURVE ( 'NONE', #558, #1950, #3219, .T. ) ;
#80 = ADVANCED_FACE ( 'NONE', ( #72 ), #2522, .F. ) ;
#81 = CYLINDRICAL_SURFACE ( 'NONE', #905, 1.250000000000001110 ) ;
#82 = ORIENTED_EDGE ( 'NONE', *, *, #2286, .F. ) ;
#83 = VECTOR ( 'NONE', #2768, 1000.000000000000000 ) ;
#84 = PERSON_AND_ORGANIZATION ( #283, #4024 ) ;
#85 = VECTOR ( 'NONE', #2541, 1000.000000000000000 ) ;
#86 = ORIENTED_EDGE ( 'NONE', *, *, #3400, .F. ) ;
#87 = DIRECTION ( 'NONE',  ( 0.000000000000000000, -0.000000000000000000, 1.000000000000000000 ) ) ;
#88 = DIRECTION ( 'NONE',  ( 0.000000000000000000, 0.000000000000000000, 1.000000000000000000 ) ) ;
#89 = PLANE ( 'NONE',  #2524 ) ;
#90 = VECTOR ( 'NONE', #3708, 1000.000000000000000 ) ;
#91 = EDGE_LOOP ( 'NONE', ( #661, #4524, #4069, #3035 ) ) ;
#92 = AXIS2_PLACEMENT_3D ( 'NONE', #1111, #465, #1863 ) ;
#93 = ADVANCED_FACE ( 'NONE', ( #785 ), #2131, .F. ) ;
#94 = CARTESIAN_POINT ( 'NONE',  ( -10.13876750091207413, -20.52082945453181040, 994.7617465664258134 ) ) ;
#95 = DIRECTION ( 'NONE',  ( 4.015606732390484938E-17, -1.000000000000000000, 0.000000000000000000 ) ) ;
#96 = AXIS2_PLACEMENT_3D ( 'NONE', #3720, #1969, #1555 ) ;
#97 = ORIENTED_EDGE ( 'NONE', *, *, #4009, .F. ) ;
#98 = CIRCLE ( 'NONE', #2288, 1.500000000000001332 ) ;
#99 = CARTESIAN_POINT ( 'NONE',  ( 26.70720151120292840, -13.12088745453381300, 998.2617465664258134 ) ) ;
#100 = PLANE ( 'NONE',  #917 ) ;
#101 = ORIENTED_EDGE ( 'NONE', *, *, #1175, .F. ) ;
#102 = DIRECTION ( 'NONE',  ( 1.000000000000000000, 0.000000000000000000, 0.000000000000000000 ) ) ;
#103 = AXIS2_PLACEMENT_3D ( 'NONE', #1085, #4303, #2542 ) ;
#104 = VECTOR ( 'NONE', #4082, 1000.000000000000000 ) ;
#105 = ORIENTED_EDGE ( 'NONE', *, *, #1746, .T. ) ;
#106 = CIRCLE ( 'NONE', #30, 4.500000000000003553 ) ;
#107 = CIRCLE ( 'NONE', #2371, 1.249999999999997558 ) ;
#108 = FACE_OUTER_BOUND ( 'NONE', #1269, .T. ) ;
#109 = ORIENTED_EDGE ( 'NONE', *, *, #1392, .T. ) ;
#110 = CARTESIAN_POINT ( 'NONE',  ( -13.50875480091207592, -14.12088745453381122, 998.7617465664258134 ) ) ;
#111 = EDGE_CURVE ( 'NONE', #4232, #2769, #2110, .T. ) ;
#112 = COORDINATED_UNIVERSAL_TIME_OFFSET ( 8, 0, .AHEAD. ) ;
#113 = ORIENTED_EDGE ( 'NONE', *, *, #1094, .F. ) ;
#114 = VECTOR ( 'NONE', #4332, 1000.000000000000000 ) ;
#115 = CARTESIAN_POINT ( 'NONE',  ( 15.94730311120392763, -14.12088745453381122, 994.7617465664258134 ) ) ;
#116 = AXIS2_PLACEMENT_3D ( 'NONE', #3622, #545, #3258 ) ;
#117 = DIRECTION ( 'NONE',  ( 1.000000000000000000, -7.109596452262185698E-16, 0.000000000000000000 ) ) ;
#118 = CARTESIAN_POINT ( 'NONE',  ( -40.62032776698665515, -8.909369376549067354, 994.7617465664258134 ) ) ;
#119 = ADVANCED_FACE ( 'NONE', ( #3268 ), #3951, .F. ) ;
#120 = ADVANCED_FACE ( 'NONE', ( #1836 ), #1860, .F. ) ;
#121 = ORIENTED_EDGE ( 'NONE', *, *, #2527, .T. ) ;
#122 = DIRECTION ( 'NONE',  ( -0.000000000000000000, -0.000000000000000000, -1.000000000000000000 ) ) ;
#123 = DIRECTION ( 'NONE',  ( -0.000000000000000000, -0.000000000000000000, -1.000000000000000000 ) ) ;
#124 = EDGE_CURVE ( 'NONE', #3569, #2519, #3239, .T. ) ;
#125 = EDGE_LOOP ( 'NONE', ( #2360, #3006, #497, #1628 ) ) ;
#126 = CARTESIAN_POINT ( 'NONE',  ( -26.35978350296906925, -19.52082945453181040, 994.7617465664258134 ) ) ;
#127 = FACE_OUTER_BOUND ( 'NONE', #1324, .T. ) ;
#128 = ORIENTED_EDGE ( 'NONE', *, *, #1706, .T. ) ;
#129 = CARTESIAN_POINT ( 'NONE',  ( -0.7488564009130735943, -14.12088745453381122, 998.2617465664258134 ) ) ;
#130 = DIRECTION ( 'NONE',  ( 0.000000000000000000, -0.000000000000000000, 1.000000000000000000 ) ) ;
#131 = EDGE_LOOP ( 'NONE', ( #289, #410, #3767, #1453 ) ) ;
#132 = PLANE ( 'NONE',  #623 ) ;
#133 = AXIS2_PLACEMENT_3D ( 'NONE', #1678, #1039, #29 ) ;
#134 = ORIENTED_EDGE ( 'NONE', *, *, #2711, .T. ) ;
#135 = PLANE ( 'NONE',  #2901 ) ;
#136 = LINE ( 'NONE', #3284, #3693 ) ;
#137 = CARTESIAN_POINT ( 'NONE',  ( -32.24585850072318038, -14.23259327800182739, 998.2617465664258134 ) ) ;
#138 = LINE ( 'NONE', #3717, #4470 ) ;
#139 = ORIENTED_EDGE ( 'NONE', *, *, #1048, .F. ) ;
#140 = ADVANCED_FACE ( 'NONE', ( #1173 ), #416, .F. ) ;
#141 = ADVANCED_FACE ( 'NONE', ( #805 ), #1107, .F. ) ;
#142 = CARTESIAN_POINT ( 'NONE',  ( 16.07705365434144795, 20.82163583045518962, 994.7617465664258134 ) ) ;
#143 = CARTESIAN_POINT ( 'NONE',  ( -21.62579369198158474, -23.15303777888382086, 994.7617465664258134 ) ) ;
#144 = DIRECTION ( 'NONE',  ( -0.000000000000000000, -0.000000000000000000, 1.000000000000000000 ) ) ;
#145 = EDGE_LOOP ( 'NONE', ( #825, #2246, #3536, #4532 ) ) ;
#146 = DIRECTION ( 'NONE',  ( -2.409364039434290716E-16, 1.000000000000000000, 0.000000000000000000 ) ) ;
#147 = ORIENTED_EDGE ( 'NONE', *, *, #3757, .T. ) ;
#148 = CARTESIAN_POINT ( 'NONE',  ( 13.10217230114492715, -14.12088745453381122, 994.7617465664258134 ) ) ;
#149 = ADVANCED_FACE ( 'NONE', ( #3862 ), #2158, .T. ) ;
#150 = PLANE ( 'NONE',  #164 ) ;
#151 = DIRECTION ( 'NONE',  ( 0.000000000000000000, 1.000000000000000000, 0.000000000000000000 ) ) ;
#152 = ORIENTED_EDGE ( 'NONE', *, *, #914, .F. ) ;
#153 = FACE_BOUND ( 'NONE', #627, .T. ) ;
#154 = VERTEX_POINT ( 'NONE', #3884 ) ;
#155 = DIRECTION ( 'NONE',  ( 0.000000000000000000, 0.000000000000000000, 1.000000000000000000 ) ) ;
#156 = DIRECTION ( 'NONE',  ( 0.000000000000000000, 0.000000000000000000, 1.000000000000000000 ) ) ;
#157 = CARTESIAN_POINT ( 'NONE',  ( 35.07158772934651836, -10.90936937654907801, 996.7617465664258134 ) ) ;
#158 = FACE_OUTER_BOUND ( 'NONE', #2638, .T. ) ;
#159 = VERTEX_POINT ( 'NONE', #736 ) ;
#160 = VECTOR ( 'NONE', #4320, 1000.000000000000000 ) ;
#161 = CARTESIAN_POINT ( 'NONE',  ( 29.07421773772599849, -9.904726882270329824, 998.2617465664258134 ) ) ;
#162 = CARTESIAN_POINT ( 'NONE',  ( 14.82705365434144795, 20.82163583045518962, 996.7617465664258134 ) ) ;
#163 = EDGE_CURVE ( 'NONE', #3584, #2088, #3840, .T. ) ;
#164 = AXIS2_PLACEMENT_3D ( 'NONE', #1954, #3638, #1909 ) ;
#165 = CARTESIAN_POINT ( 'NONE',  ( 35.07158772934652546, 8.577967428120430782, 994.7617465664258134 ) ) ;
#166 = VECTOR ( 'NONE', #117, 1000.000000000000000 ) ;
#167 = ORIENTED_EDGE ( 'NONE', *, *, #3707, .T. ) ;
#168 = LINE ( 'NONE', #2903, #3045 ) ;
#169 = VERTEX_POINT ( 'NONE', #3197 ) ;
#170 = DIRECTION ( 'NONE',  ( 0.000000000000000000, 0.000000000000000000, 1.000000000000000000 ) ) ;
#171 = ADVANCED_FACE ( 'NONE', ( #50 ), #1447, .F. ) ;
#172 = PLANE ( 'NONE',  #2647 ) ;
#173 = CARTESIAN_POINT ( 'NONE',  ( -15.09988510297007203, -19.52082945453180685, 998.7617465664258134 ) ) ;
#174 = VERTEX_POINT ( 'NONE', #3905 ) ;
#175 = DIRECTION ( 'NONE',  ( -0.000000000000000000, -0.000000000000000000, -1.000000000000000000 ) ) ;
#176 = EDGE_CURVE ( 'NONE', #608, #2021, #762, .T. ) ;
#177 = EDGE_LOOP ( 'NONE', ( #3676, #3559, #1059, #4513 ) ) ;
#178 = VECTOR ( 'NONE', #1246, 1000.000000000000000 ) ;
#179 = CIRCLE ( 'NONE', #1122, 1.000000000000000888 ) ;
#180 = CARTESIAN_POINT ( 'NONE',  ( -16.59988510297007025, -19.52082945453180685, 998.7617465664258134 ) ) ;
#181 = CARTESIAN_POINT ( 'NONE',  ( 0.8422739011459239311, -14.12088745453381122, 998.2617465664258134 ) ) ;
#182 = VECTOR ( 'NONE', #3888, 1000.000000000000000 ) ;
#183 = DIRECTION ( 'NONE',  ( -0.000000000000000000, -0.000000000000000000, 1.000000000000000000 ) ) ;
#184 = LINE ( 'NONE', #1576, #1763 ) ;
#185 = VERTEX_POINT ( 'NONE', #3694 ) ;
#186 = VECTOR ( 'NONE', #909, 1000.000000000000000 ) ;
#187 = CARTESIAN_POINT ( 'NONE',  ( 16.94730311120392940, -20.52082945453181395, 994.7617465664258134 ) ) ;
#188 = LINE ( 'NONE', #3997, #319 ) ;
#189 = EDGE_LOOP ( 'NONE', ( #2265, #1914, #2774, #109 ) ) ;
#190 = DIRECTION ( 'NONE',  ( 1.000000000000000000, 0.000000000000000000, 0.000000000000000000 ) ) ;
#191 = ORIENTED_EDGE ( 'NONE', *, *, #3121, .F. ) ;
#192 = CARTESIAN_POINT ( 'NONE',  ( 2.342273901145925041, -20.52082945453181040, 998.2617465664258134 ) ) ;
#193 = ORIENTED_EDGE ( 'NONE', *, *, #1156, .T. ) ;
#194 = DIRECTION ( 'NONE',  ( 0.000000000000000000, 1.000000000000000000, 0.000000000000000000 ) ) ;
#195 = CARTESIAN_POINT ( 'NONE',  ( 26.70720151120292840, -14.12088745453381122, 998.2617465664258134 ) ) ;
#196 = EDGE_CURVE ( 'NONE', #2310, #3952, #210, .T. ) ;
#197 = ADVANCED_FACE ( 'NONE', ( #2561 ), #3382, .F. ) ;
#198 = DIRECTION ( 'NONE',  ( -0.000000000000000000, -0.000000000000000000, 1.000000000000000000 ) ) ;
#199 = EDGE_LOOP ( 'NONE', ( #3135, #3916, #2258, #414 ) ) ;
#200 = CARTESIAN_POINT ( 'NONE',  ( 31.10627501784522053, -18.16472688226932064, 998.2617465664258134 ) ) ;
#201 = ORIENTED_EDGE ( 'NONE', *, *, #2397, .F. ) ;
#202 = EDGE_CURVE ( 'NONE', #3686, #3460, #1217, .T. ) ;
#203 = CARTESIAN_POINT ( 'NONE',  ( -2.248856400913074260, -13.12088745453381122, 994.7617465664258134 ) ) ;
#204 = CARTESIAN_POINT ( 'NONE',  ( -37.97721736514308333, 22.32163583045519317, 998.7617465664258134 ) ) ;
#205 = CARTESIAN_POINT ( 'NONE',  ( -26.35978350296907280, -14.12088745453381122, 998.2617465664258134 ) ) ;
#206 = DIRECTION ( 'NONE',  ( -0.000000000000000000, -0.000000000000000000, 1.000000000000000000 ) ) ;
#207 = VERTEX_POINT ( 'NONE', #2261 ) ;
#208 = EDGE_CURVE ( 'NONE', #229, #1607, #3546, .T. ) ;
#209 = DIRECTION ( 'NONE',  ( -1.683448087732883296E-15, 1.000000000000000000, 0.000000000000000000 ) ) ;
#210 = LINE ( 'NONE', #2240, #2289 ) ;
#211 = EDGE_LOOP ( 'NONE', ( #2706, #39, #1473, #2008 ) ) ;
#212 = CARTESIAN_POINT ( 'NONE',  ( 2.342273901145924597, -19.52082945453180685, 994.7617465664258134 ) ) ;
#213 = ORIENTED_EDGE ( 'NONE', *, *, #2918, .F. ) ;
#214 = FACE_OUTER_BOUND ( 'NONE', #3039, .T. ) ;
#215 = VERTEX_POINT ( 'NONE', #4443 ) ;
#216 = CARTESIAN_POINT ( 'NONE',  ( -15.09988510297007380, -19.52082945453180685, 998.2617465664258134 ) ) ;
#217 = CARTESIAN_POINT ( 'NONE',  ( -40.62032776698665515, 6.577967428120442328, 994.7617465664258134 ) ) ;
#218 = LINE ( 'NONE', #1611, #1060 ) ;
#219 = EDGE_LOOP ( 'NONE', ( #2145, #3287, #540, #3726 ) ) ;
#220 = LINE ( 'NONE', #979, #1135 ) ;
#221 = EDGE_CURVE ( 'NONE', #1538, #915, #3112, .T. ) ;
#222 = ORIENTED_EDGE ( 'NONE', *, *, #3128, .F. ) ;
#223 = EDGE_CURVE ( 'NONE', #3232, #4469, #231, .T. ) ;
#224 = ORIENTED_EDGE ( 'NONE', *, *, #2521, .F. ) ;
#225 = CARTESIAN_POINT ( 'NONE',  ( -36.57593716428681319, -7.232593278003832005, 998.7617465664258134 ) ) ;
#226 = AXIS2_PLACEMENT_3D ( 'NONE', #3666, #2982, #520 ) ;
#227 = DIRECTION ( 'NONE',  ( 0.000000000000000000, 0.000000000000000000, 1.000000000000000000 ) ) ;
#228 = DIRECTION ( 'NONE',  ( 1.000000000000000000, 0.000000000000000000, 0.000000000000000000 ) ) ;
#229 = VERTEX_POINT ( 'NONE', #3309 ) ;
#230 = CARTESIAN_POINT ( 'NONE',  ( 13.10217230114492715, -14.12088745453381122, 994.7617465664258134 ) ) ;
#231 = LINE ( 'NONE', #523, #1131 ) ;
#232 = AXIS2_PLACEMENT_3D ( 'NONE', #4546, #3098, #1650 ) ;
#233 = EDGE_CURVE ( 'NONE', #2138, #1264, #3008, .T. ) ;
#234 = ORIENTED_EDGE ( 'NONE', *, *, #903, .F. ) ;
#235 = CARTESIAN_POINT ( 'NONE',  ( 35.92847732750292522, -10.40936937654907446, 994.7617465664258134 ) ) ;
#236 = EDGE_LOOP ( 'NONE', ( #369, #201, #1577, #2274 ) ) ;
#237 = AXIS2_PLACEMENT_3D ( 'NONE', #3291, #1604, #3011 ) ;
#238 = DIRECTION ( 'NONE',  ( 0.000000000000000000, 0.000000000000000000, 1.000000000000000000 ) ) ;
#239 = ORIENTED_EDGE ( 'NONE', *, *, #302, .F. ) ;
#240 = LINE ( 'NONE', #2000, #4464 ) ;
#241 = VECTOR ( 'NONE', #3368, 1000.000000000000000 ) ;
#242 = DIRECTION ( 'NONE',  ( 1.000000000000000000, 0.000000000000000000, 0.000000000000000000 ) ) ;
#243 = FACE_OUTER_BOUND ( 'NONE', #258, .T. ) ;
#244 = VERTEX_POINT ( 'NONE', #1602 ) ;
#245 = CARTESIAN_POINT ( 'NONE',  ( -12.00875480091207592, -19.52082945453180329, 998.7617465664258134 ) ) ;
#246 = AXIS2_PLACEMENT_3D ( 'NONE', #4520, #3417, #4189 ) ;
#247 = ORIENTED_EDGE ( 'NONE', *, *, #4037, .T. ) ;
#248 = EDGE_LOOP ( 'NONE', ( #1590, #4301, #1972, #4433, #1038, #3574, #1074, #2945 ) ) ;
#249 = LINE ( 'NONE', #225, #469 ) ;
#250 = DIRECTION ( 'NONE',  ( 0.000000000000000000, -1.000000000000000000, 0.000000000000000000 ) ) ;
#251 = CARTESIAN_POINT ( 'NONE',  ( -19.37579369198156698, 20.82163583045519673, 996.7617465664258134 ) ) ;
#252 = AXIS2_PLACEMENT_3D ( 'NONE', #2178, #716, #1491 ) ;
#253 = AXIS2_PLACEMENT_3D ( 'NONE', #742, #38, #1044 ) ;
#254 = CARTESIAN_POINT ( 'NONE',  ( 35.92847732750292522, 16.32163583045519673, 996.7617465664258134 ) ) ;
#255 = EDGE_CURVE ( 'NONE', #3503, #3423, #188, .T. ) ;
#256 = VECTOR ( 'NONE', #3946, 1000.000000000000000 ) ;
#257 = CARTESIAN_POINT ( 'NONE',  ( 27.70720151120292840, -19.52082945453180685, 998.2617465664258134 ) ) ;
#258 = EDGE_LOOP ( 'NONE', ( #4481, #1785, #4544, #2825 ) ) ;
#259 = AXIS2_PLACEMENT_3D ( 'NONE', #541, #2952, #2621 ) ;
#260 = LINE ( 'NONE', #3062, #1254 ) ;
#261 = ADVANCED_FACE ( 'NONE', ( #3671 ), #3334, .F. ) ;
#262 = ORIENTED_EDGE ( 'NONE', *, *, #3160, .T. ) ;
#263 = CARTESIAN_POINT ( 'NONE',  ( -20.87579369198157053, 19.82163583045519317, 996.7617465664258134 ) ) ;
#264 = EDGE_LOOP ( 'NONE', ( #2464, #4267, #1342, #656 ) ) ;
#265 = DIRECTION ( 'NONE',  ( -0.000000000000000000, -0.000000000000000000, -1.000000000000000000 ) ) ;
#266 = DIRECTION ( 'NONE',  ( -1.000000000000000000, 0.000000000000000000, 0.000000000000000000 ) ) ;
#267 = CARTESIAN_POINT ( 'NONE',  ( 26.70720151120292485, -19.52082945453180685, 994.7617465664258134 ) ) ;
#268 = VERTEX_POINT ( 'NONE', #577 ) ;
#269 = CARTESIAN_POINT ( 'NONE',  ( -26.35978350296907280, -14.12088745453381122, 998.2617465664258134 ) ) ;
#270 = VERTEX_POINT ( 'NONE', #925 ) ;
#271 = ORIENTED_EDGE ( 'NONE', *, *, #1303, .F. ) ;
#272 = DIRECTION ( 'NONE',  ( 1.000000000000000000, 0.000000000000000000, 0.000000000000000000 ) ) ;
#273 = CARTESIAN_POINT ( 'NONE',  ( -36.07593716428681319, -14.23259327800182739, 994.7617465664258134 ) ) ;
#274 = CARTESIAN_POINT ( 'NONE',  ( -32.74585850072318038, -7.232593278003827564, 994.7617465664258134 ) ) ;
#275 = EDGE_LOOP ( 'NONE', ( #2844, #3295, #3591, #2822 ) ) ;
#276 = DIRECTION ( 'NONE',  ( -1.000000000000000000, 0.000000000000000000, 0.000000000000000000 ) ) ;
#277 = DIRECTION ( 'NONE',  ( 1.000000000000000000, 0.000000000000000000, 0.000000000000000000 ) ) ;
#278 = ORIENTED_EDGE ( 'NONE', *, *, #3588, .T. ) ;
#279 = VECTOR ( 'NONE', #349, 1000.000000000000000 ) ;
#280 = EDGE_CURVE ( 'NONE', #2048, #61, #470, .T. ) ;
#281 = EDGE_CURVE ( 'NONE', #4304, #921, #1625, .T. ) ;
#282 = LINE ( 'NONE', #3409, #2212 ) ;
#283 = PERSON ( '未', '未', '未', ('未'), ('未'), ('未') ) ;
#284 = FACE_OUTER_BOUND ( 'NONE', #4173, .T. ) ;
#285 = VERTEX_POINT ( 'NONE', #162 ) ;
#286 = DIRECTION ( 'NONE',  ( 0.000000000000000000, -1.000000000000000000, 0.000000000000000000 ) ) ;
#287 = DIRECTION ( 'NONE',  ( 1.000000000000000000, 0.000000000000000000, 0.000000000000000000 ) ) ;
#288 = CARTESIAN_POINT ( 'NONE',  ( -26.35978350296906925, -21.02082945453181395, 998.7617465664258134 ) ) ;
#289 = ORIENTED_EDGE ( 'NONE', *, *, #1956, .F. ) ;
#290 = DIRECTION ( 'NONE',  ( 0.000000000000000000, 0.000000000000000000, 1.000000000000000000 ) ) ;
#291 = ORIENTED_EDGE ( 'NONE', *, *, #3528, .F. ) ;
#292 = EDGE_CURVE ( 'NONE', #813, #353, #2661, .T. ) ;
#293 = ORIENTED_EDGE ( 'NONE', *, *, #1095, .T. ) ;
#294 = DIRECTION ( 'NONE',  ( 0.000000000000000000, 0.000000000000000000, 1.000000000000000000 ) ) ;
#295 = CARTESIAN_POINT ( 'NONE',  ( -41.47721736514306201, 7.077967428120443216, 996.7617465664258134 ) ) ;
#296 = DIRECTION ( 'NONE',  ( -0.000000000000000000, -0.000000000000000000, -1.000000000000000000 ) ) ;
#297 = CARTESIAN_POINT ( 'NONE',  ( -13.50875480091207770, -19.52082945453180329, 998.2617465664258134 ) ) ;
#298 = FACE_OUTER_BOUND ( 'NONE', #2129, .T. ) ;
#299 = ORIENTED_EDGE ( 'NONE', *, *, #3211, .F. ) ;
#300 = DIRECTION ( 'NONE',  ( 1.000000000000000000, 0.000000000000000000, 0.000000000000000000 ) ) ;
#301 = VERTEX_POINT ( 'NONE', #2632 ) ;
#302 = EDGE_CURVE ( 'NONE', #2868, #1387, #687, .T. ) ;
#303 = ORIENTED_EDGE ( 'NONE', *, *, #4078, .T. ) ;
#304 = DIRECTION ( 'NONE',  ( 0.000000000000000000, -1.000000000000000000, 0.000000000000000000 ) ) ;
#305 = PLANE ( 'NONE',  #3034 ) ;
#306 = ADVANCED_FACE ( 'NONE', ( #1882 ), #852, .F. ) ;
#307 = PLANE ( 'NONE',  #2736 ) ;
#308 = EDGE_LOOP ( 'NONE', ( #4344, #1861, #3893, #1293 ) ) ;
#309 = PLANE ( 'NONE',  #253 ) ;
#310 = ORIENTED_EDGE ( 'NONE', *, *, #3477, .T. ) ;
#311 = EDGE_LOOP ( 'NONE', ( #3909, #2424, #1315, #803 ) ) ;
#312 = CARTESIAN_POINT ( 'NONE',  ( -2.248856400913074260, -12.62088745453381122, 998.7617465664258134 ) ) ;
#313 = ADVANCED_FACE ( 'NONE', ( #895 ), #555, .F. ) ;
#314 = DIRECTION ( 'NONE',  ( 1.000000000000000000, -4.927793081368463797E-17, 0.000000000000000000 ) ) ;
#315 = VECTOR ( 'NONE', #272, 1000.000000000000000 ) ;
#316 = CARTESIAN_POINT ( 'NONE',  ( -34.41089783250500034, -7.232593278003827564, 998.2617465664258134 ) ) ;
#317 = DIRECTION ( 'NONE',  ( -1.000000000000000000, 0.000000000000000000, 0.000000000000000000 ) ) ;
#318 = CIRCLE ( 'NONE', #2884, 1.532057280119222931 ) ;
#319 = VECTOR ( 'NONE', #2284, 1000.000000000000000 ) ;
#320 = ORIENTED_EDGE ( 'NONE', *, *, #4038, .T. ) ;
#321 = VECTOR ( 'NONE', #4259, 1000.000000000000000 ) ;
#322 = VECTOR ( 'NONE', #2399, 1000.000000000000000 ) ;
#323 = LINE ( 'NONE', #1061, #1333 ) ;
#324 = CARTESIAN_POINT ( 'NONE',  ( -32.74585850072318038, -14.23259327800182739, 994.7617465664258134 ) ) ;
#325 = ORIENTED_EDGE ( 'NONE', *, *, #3810, .T. ) ;
#326 = CARTESIAN_POINT ( 'NONE',  ( -21.62579369198158474, -23.15303777888382086, 996.7617465664258134 ) ) ;
#327 = AXIS2_PLACEMENT_3D ( 'NONE', #659, #640, #4440 ) ;
#328 = DIRECTION ( 'NONE',  ( -0.000000000000000000, -0.000000000000000000, -1.000000000000000000 ) ) ;
#329 = CIRCLE ( 'NONE', #3338, 1.250000000000001110 ) ;
#330 = VECTOR ( 'NONE', #1524, 1000.000000000000000 ) ;
#331 = DIRECTION ( 'NONE',  ( 0.000000000000000000, 0.000000000000000000, 1.000000000000000000 ) ) ;
#332 = ORIENTED_EDGE ( 'NONE', *, *, #1634, .F. ) ;
#333 = FACE_OUTER_BOUND ( 'NONE', #3596, .T. ) ;
#334 = ORIENTED_EDGE ( 'NONE', *, *, #1035, .T. ) ;
#335 = EDGE_CURVE ( 'NONE', #1348, #3232, #1947, .T. ) ;
#336 = ADVANCED_FACE ( 'NONE', ( #2684 ), #1654, .F. ) ;
#337 = ORIENTED_EDGE ( 'NONE', *, *, #4493, .T. ) ;
#338 = DIRECTION ( 'NONE',  ( -0.000000000000000000, -0.000000000000000000, -1.000000000000000000 ) ) ;
#339 = DIRECTION ( 'NONE',  ( -0.000000000000000000, -0.000000000000000000, 1.000000000000000000 ) ) ;
#340 = EDGE_CURVE ( 'NONE', #1792, #4064, #3130, .T. ) ;
#341 = CARTESIAN_POINT ( 'NONE',  ( 1.342273901145924153, -19.52082945453180685, 994.7617465664258134 ) ) ;
#342 = CARTESIAN_POINT ( 'NONE',  ( -19.37579369198158119, -23.15303777888382086, 996.7617465664258134 ) ) ;
#343 = DIRECTION ( 'NONE',  ( 1.000000000000000000, 0.000000000000000000, 0.000000000000000000 ) ) ;
#344 = VERTEX_POINT ( 'NONE', #3789 ) ;
#345 = EDGE_CURVE ( 'NONE', #816, #344, #1332, .T. ) ;
#346 = DIRECTION ( 'NONE',  ( -1.000000000000000000, 0.000000000000000000, 0.000000000000000000 ) ) ;
#347 = ORIENTED_EDGE ( 'NONE', *, *, #1620, .T. ) ;
#348 = ORIENTED_EDGE ( 'NONE', *, *, #1480, .T. ) ;
#349 = DIRECTION ( 'NONE',  ( 0.000000000000000000, -1.000000000000000000, 0.000000000000000000 ) ) ;
#350 = VECTOR ( 'NONE', #3366, 1000.000000000000000 ) ;
#351 = DIRECTION ( 'NONE',  ( 0.000000000000000000, 0.000000000000000000, 1.000000000000000000 ) ) ;
#352 = CARTESIAN_POINT ( 'NONE',  ( -20.87579369198157053, 19.82163583045519317, 996.7617465664258134 ) ) ;
#353 = VERTEX_POINT ( 'NONE', #1012 ) ;
#354 = CARTESIAN_POINT ( 'NONE',  ( -18.12579369198156698, 20.82163583045519673, 996.7617465664258134 ) ) ;
#355 = EDGE_LOOP ( 'NONE', ( #1729, #3718, #2414, #3172 ) ) ;
#356 = EDGE_LOOP ( 'NONE', ( #459, #952, #3662, #347, #1962, #1182, #392, #4293, #792, #2352, #3275, #3293, #2728, #1406, #3782, #834, #2262, #1874, #2745, #3497, #1448, #3051, #3616, #2676, #1257, #2508, #3335, #2444, #1219, #2315, #1571, #1688, #2133, #4518, #278, #3183, #2252, #1552, #3306, #3010 ) ) ;
#357 = LINE ( 'NONE', #62, #4511 ) ;
#358 = EDGE_CURVE ( 'NONE', #1512, #301, #946, .T. ) ;
#359 = ADVANCED_FACE ( 'NONE', ( #4534 ), #3808, .F. ) ;
#360 = CALENDAR_DATE ( 2026, 27, 6 ) ;
#361 = VERTEX_POINT ( 'NONE', #2334 ) ;
#362 = LINE ( 'NONE', #3899, #4442 ) ;
#363 = CARTESIAN_POINT ( 'NONE',  ( 12.10217230114492715, -14.12088745453381122, 998.2617465664258134 ) ) ;
#364 = DIRECTION ( 'NONE',  ( -0.000000000000000000, -0.000000000000000000, 1.000000000000000000 ) ) ;
#365 = VERTEX_POINT ( 'NONE', #968 ) ;
#366 = CARTESIAN_POINT ( 'NONE',  ( 31.42847732750293233, 20.82163583045519673, 994.7617465664258134 ) ) ;
#367 = CARTESIAN_POINT ( 'NONE',  ( 0.8422739011459239311, -14.12088745453381122, 998.7617465664258134 ) ) ;
#368 = EDGE_CURVE ( 'NONE', #714, #816, #3448, .T. ) ;
#369 = ORIENTED_EDGE ( 'NONE', *, *, #639, .T. ) ;
#370 = FACE_OUTER_BOUND ( 'NONE', #709, .T. ) ;
#371 = LINE ( 'NONE', #3936, #1916 ) ;
#372 = FACE_OUTER_BOUND ( 'NONE', #91, .T. ) ;
#373 = ORIENTED_EDGE ( 'NONE', *, *, #2781, .T. ) ;
#374 = FACE_OUTER_BOUND ( 'NONE', #1829, .T. ) ;
#375 = ORIENTED_EDGE ( 'NONE', *, *, #1456, .F. ) ;
#376 = AXIS2_PLACEMENT_3D ( 'NONE', #1446, #2845, #3932 ) ;
#377 = EDGE_LOOP ( 'NONE', ( #3365, #4035, #566, #1313 ) ) ;
#378 = DIRECTION ( 'NONE',  ( 1.000000000000000000, 0.000000000000000000, 0.000000000000000000 ) ) ;
#379 = PERSON_AND_ORGANIZATION_ROLE ( 'classification_officer' ) ;
#380 = ORIENTED_EDGE ( 'NONE', *, *, #3228, .F. ) ;
#381 = CIRCLE ( 'NONE', #3759, 0.5743212343493758754 ) ;
#382 = VECTOR ( 'NONE', #2056, 1000.000000000000000 ) ;
#383 = DIRECTION ( 'NONE',  ( 1.000000000000000000, 0.000000000000000000, 0.000000000000000000 ) ) ;
#384 = CARTESIAN_POINT ( 'NONE',  ( -41.19464900133603180, -10.90936937654906558, 996.7617465664258134 ) ) ;
#385 = CYLINDRICAL_SURFACE ( 'NONE', #2900, 0.9999999999999974465 ) ;
#386 = ORIENTED_EDGE ( 'NONE', *, *, #3586, .F. ) ;
#387 = ADVANCED_FACE ( 'NONE', ( #2054 ), #1376, .F. ) ;
#388 = ADVANCED_FACE ( 'NONE', ( #4137 ), #1693, .T. ) ;
#389 = DIRECTION ( 'NONE',  ( 1.000000000000000000, 0.000000000000000000, 0.000000000000000000 ) ) ;
#390 = AXIS2_PLACEMENT_3D ( 'NONE', #775, #43, #4263 ) ;
#391 = DIRECTION ( 'NONE',  ( 0.000000000000000000, 0.000000000000000000, 1.000000000000000000 ) ) ;
#392 = ORIENTED_EDGE ( 'NONE', *, *, #754, .T. ) ;
#393 = LINE ( 'NONE', #1109, #1748 ) ;
#394 = AXIS2_PLACEMENT_3D ( 'NONE', #1181, #585, #2045 ) ;
#395 = VECTOR ( 'NONE', #3813, 1000.000000000000000 ) ;
#396 = VECTOR ( 'NONE', #1824, 1000.000000000000000 ) ;
#397 = ADVANCED_FACE ( 'NONE', ( #3742 ), #991, .T. ) ;
#398 = DIRECTION ( 'NONE',  ( -0.000000000000000000, -0.000000000000000000, -1.000000000000000000 ) ) ;
#399 = CIRCLE ( 'NONE', #2013, 4.500000000000003553 ) ;
#400 = CARTESIAN_POINT ( 'NONE',  ( -13.00875480091207770, -14.12088745453381122, 998.2617465664258134 ) ) ;
#401 = CIRCLE ( 'NONE', #3122, 1.499999999999997780 ) ;
#402 = VERTEX_POINT ( 'NONE', #3765 ) ;
#403 = CARTESIAN_POINT ( 'NONE',  ( -16.59988510297007025, -14.12088745453381122, 998.2617465664258134 ) ) ;
#404 = VERTEX_POINT ( 'NONE', #1312 ) ;
#405 = CIRCLE ( 'NONE', #3926, 1.500000000000004885 ) ;
#406 = CIRCLE ( 'NONE', #3266, 1.499999999999997780 ) ;
#407 = ORIENTED_EDGE ( 'NONE', *, *, #255, .T. ) ;
#408 = CARTESIAN_POINT ( 'NONE',  ( -20.37579369198157053, 20.82163583045519673, 996.7617465664258134 ) ) ;
#409 = ORIENTED_EDGE ( 'NONE', *, *, #2460, .T. ) ;
#410 = ORIENTED_EDGE ( 'NONE', *, *, #4479, .F. ) ;
#411 = FACE_OUTER_BOUND ( 'NONE', #3525, .T. ) ;
#412 = DIRECTION ( 'NONE',  ( -1.000000000000000000, 0.000000000000000000, -0.000000000000000000 ) ) ;
#413 = DIRECTION ( 'NONE',  ( 0.000000000000000000, 0.000000000000000000, 1.000000000000000000 ) ) ;
#414 = ORIENTED_EDGE ( 'NONE', *, *, #2233, .T. ) ;
#415 = CARTESIAN_POINT ( 'NONE',  ( 29.57421773772600559, -18.16472688226932064, 994.7617465664258134 ) ) ;
#416 = PLANE ( 'NONE',  #103 ) ;
#417 = ORIENTED_EDGE ( 'NONE', *, *, #2298, .T. ) ;
#418 = CARTESIAN_POINT ( 'NONE',  ( -13.50875480091207592, -14.12088745453381122, 998.7617465664258134 ) ) ;
#419 = EDGE_CURVE ( 'NONE', #4005, #3584, #596, .T. ) ;
#420 = EDGE_CURVE ( 'NONE', #643, #1468, #4510, .T. ) ;
#421 = DIRECTION ( 'NONE',  ( -0.000000000000000000, -0.000000000000000000, 1.000000000000000000 ) ) ;
#422 = CARTESIAN_POINT ( 'NONE',  ( -16.59988510297007025, -13.12088745453380945, 994.7617465664258134 ) ) ;
#423 = ORIENTED_EDGE ( 'NONE', *, *, #208, .T. ) ;
#424 = PLANE ( 'NONE',  #1058 ) ;
#425 = VERTEX_POINT ( 'NONE', #1991 ) ;
#426 = CARTESIAN_POINT ( 'NONE',  ( 13.32705365434141598, -22.15303777888381376, 996.7617465664258134 ) ) ;
#427 = ORIENTED_EDGE ( 'NONE', *, *, #1981, .F. ) ;
#428 = EDGE_CURVE ( 'NONE', #365, #229, #2082, .T. ) ;
#429 = ORIENTED_EDGE ( 'NONE', *, *, #2602, .T. ) ;
#430 = CYLINDRICAL_SURFACE ( 'NONE', #2744, 1.500000000000004885 ) ;
#431 = DIRECTION ( 'NONE',  ( 0.000000000000000000, -1.000000000000000000, 0.000000000000000000 ) ) ;
#432 = FACE_OUTER_BOUND ( 'NONE', #4354, .T. ) ;
#433 = CC_DESIGN_APPROVAL ( #2335, ( #4400 ) ) ;
#434 = ORIENTED_EDGE ( 'NONE', *, *, #63, .T. ) ;
#435 = FACE_OUTER_BOUND ( 'NONE', #3481, .T. ) ;
#436 = DIRECTION ( 'NONE',  ( -0.000000000000000000, 0.000000000000000000, 1.000000000000000000 ) ) ;
#437 = ORIENTED_EDGE ( 'NONE', *, *, #1856, .F. ) ;
#438 = DIRECTION ( 'NONE',  ( -1.000000000000000000, 0.000000000000000000, 0.000000000000000000 ) ) ;
#439 = ADVANCED_FACE ( 'NONE', ( #298 ), #620, .F. ) ;
#440 = LINE ( 'NONE', #2968, #4145 ) ;
#441 = EDGE_LOOP ( 'NONE', ( #621, #58, #4008, #4253 ) ) ;
#442 = CARTESIAN_POINT ( 'NONE',  ( -37.97721736514308333, 17.32163583045519317, 998.7617465664258134 ) ) ;
#443 = EDGE_LOOP ( 'NONE', ( #3891, #3714, #1250, #842 ) ) ;
#444 = DESIGN_CONTEXT ( 'detailed design', #1723, 'design' ) ;
#445 = EDGE_CURVE ( 'NONE', #1641, #2198, #4276, .T. ) ;
#446 = EDGE_CURVE ( 'NONE', #4199, #3325, #3058, .T. ) ;
#447 = DIRECTION ( 'NONE',  ( -0.000000000000000000, -0.000000000000000000, -1.000000000000000000 ) ) ;
#448 = ORIENTED_EDGE ( 'NONE', *, *, #527, .F. ) ;
#449 = LINE ( 'NONE', #2997, #2749 ) ;
#450 = VECTOR ( 'NONE', #2396, 1000.000000000000000 ) ;
#451 = DATE_AND_TIME ( #4226, #654 ) ;
#452 = AXIS2_PLACEMENT_3D ( 'NONE', #2583, #2259, #2919 ) ;
#453 = ORIENTED_EDGE ( 'NONE', *, *, #3085, .T. ) ;
#454 = EDGE_CURVE ( 'NONE', #610, #270, #2537, .T. ) ;
#455 = DIRECTION ( 'NONE',  ( 0.000000000000000000, -0.000000000000000000, 1.000000000000000000 ) ) ;
#456 = DIRECTION ( 'NONE',  ( 3.212485385912387951E-16, -1.000000000000000000, 0.000000000000000000 ) ) ;
#457 = CARTESIAN_POINT ( 'NONE',  ( 16.94730311120392585, -12.62088745453381478, 998.2617465664258134 ) ) ;
#458 = AXIS2_PLACEMENT_3D ( 'NONE', #2680, #3028, #1918 ) ;
#459 = ORIENTED_EDGE ( 'NONE', *, *, #4097, .T. ) ;
#460 = VECTOR ( 'NONE', #144, 1000.000000000000000 ) ;
#461 = LINE ( 'NONE', #1192, #2719 ) ;
#462 = CARTESIAN_POINT ( 'NONE',  ( -15.59988510297007025, -19.52082945453180685, 994.7617465664258134 ) ) ;
#463 = VECTOR ( 'NONE', #1852, 1000.000000000000000 ) ;
#464 = ORIENTED_EDGE ( 'NONE', *, *, #3060, .F. ) ;
#465 = DIRECTION ( 'NONE',  ( 0.000000000000000000, 0.000000000000000000, 1.000000000000000000 ) ) ;
#466 = DIRECTION ( 'NONE',  ( 0.000000000000000000, 0.000000000000000000, 1.000000000000000000 ) ) ;
#467 = EDGE_LOOP ( 'NONE', ( #1739, #3863, #3109, #44 ) ) ;
#468 = CARTESIAN_POINT ( 'NONE',  ( -40.62032776698665515, 8.577967428120441440, 996.7617465664258134 ) ) ;
#469 = VECTOR ( 'NONE', #3804, 1000.000000000000000 ) ;
#470 = CIRCLE ( 'NONE', #2885, 1.665039331781817289 ) ;
#471 = VECTOR ( 'NONE', #1664, 1000.000000000000000 ) ;
#472 = VECTOR ( 'NONE', #2311, 1000.000000000000000 ) ;
#473 = DIRECTION ( 'NONE',  ( 0.000000000000000000, 1.000000000000000000, 0.000000000000000000 ) ) ;
#474 = CARTESIAN_POINT ( 'NONE',  ( 12.10217230114492359, -12.62088745453381122, 998.7617465664258134 ) ) ;
#475 = EDGE_CURVE ( 'NONE', #4240, #4418, #3215, .T. ) ;
#476 = VERTEX_POINT ( 'NONE', #4551 ) ;
#477 = ADVANCED_FACE ( 'NONE', ( #2174 ), #21, .F. ) ;
#478 = CARTESIAN_POINT ( 'NONE',  ( 31.10627501784522053, -18.16472688226932064, 998.2617465664258134 ) ) ;
#479 = CIRCLE ( 'NONE', #3555, 1.000000000000000888 ) ;
#480 = AXIS2_PLACEMENT_3D ( 'NONE', #959, #4430, #4151 ) ;
#481 = DIRECTION ( 'NONE',  ( 1.000000000000000000, 0.000000000000000000, 0.000000000000000000 ) ) ;
#482 = CARTESIAN_POINT ( 'NONE',  ( -41.47721736514306201, 8.077967428120439664, 994.7617465664258134 ) ) ;
#483 = EDGE_CURVE ( 'NONE', #3940, #3403, #3878, .T. ) ;
#484 = ORIENTED_EDGE ( 'NONE', *, *, #733, .F. ) ;
#485 = DIRECTION ( 'NONE',  ( 1.000000000000000000, -1.855331826026556709E-15, 0.000000000000000000 ) ) ;
#486 = DIRECTION ( 'NONE',  ( 1.000000000000000000, 7.109596452262187670E-16, 0.000000000000000000 ) ) ;
#487 = EDGE_CURVE ( 'NONE', #1498, #4405, #1566, .T. ) ;
#488 = CYLINDRICAL_SURFACE ( 'NONE', #3464, 1.000000000000000444 ) ;
#489 = VERTEX_POINT ( 'NONE', #4230 ) ;
#490 = CARTESIAN_POINT ( 'NONE',  ( 26.70720151120292485, -19.52082945453180685, 998.2617465664258134 ) ) ;
#491 = ORIENTED_EDGE ( 'NONE', *, *, #2121, .T. ) ;
#492 = DIRECTION ( 'NONE',  ( 0.000000000000000000, 0.000000000000000000, 1.000000000000000000 ) ) ;
#493 = CARTESIAN_POINT ( 'NONE',  ( 32.63833229796444613, -9.904726882270324495, 998.2617465664258134 ) ) ;
#494 = DIRECTION ( 'NONE',  ( 0.000000000000000000, 0.000000000000000000, 1.000000000000000000 ) ) ;
#495 = VERTEX_POINT ( 'NONE', #1787 ) ;
#496 = DIRECTION ( 'NONE',  ( -0.000000000000000000, -0.000000000000000000, 1.000000000000000000 ) ) ;
#497 = ORIENTED_EDGE ( 'NONE', *, *, #1451, .F. ) ;
#498 = LINE ( 'NONE', #3351, #3418 ) ;
#499 = EDGE_CURVE ( 'NONE', #2740, #4191, #2193, .T. ) ;
#500 = CARTESIAN_POINT ( 'NONE',  ( -1.248856400913074260, -19.52082945453180685, 998.2617465664258134 ) ) ;
#501 = CARTESIAN_POINT ( 'NONE',  ( -36.07593716428681319, -14.23259327800182739, 998.2617465664258134 ) ) ;
#502 = FACE_OUTER_BOUND ( 'NONE', #1002, .T. ) ;
#503 = ORIENTED_EDGE ( 'NONE', *, *, #4109, .T. ) ;
#504 = CARTESIAN_POINT ( 'NONE',  ( 13.10217230114492359, -19.52082945453181040, 994.7617465664258134 ) ) ;
#505 = CARTESIAN_POINT ( 'NONE',  ( -15.09988510297007203, -19.52082945453180685, 998.2617465664258134 ) ) ;
#506 = DIRECTION ( 'NONE',  ( 1.000000000000000000, 0.000000000000000000, 0.000000000000000000 ) ) ;
#507 = EDGE_CURVE ( 'NONE', #3458, #2548, #179, .T. ) ;
#508 = ORIENTED_EDGE ( 'NONE', *, *, #3959, .T. ) ;
#509 = DIRECTION ( 'NONE',  ( 1.000000000000000000, 0.000000000000000000, 0.000000000000000000 ) ) ;
#510 = ORIENTED_EDGE ( 'NONE', *, *, #926, .F. ) ;
#511 = CARTESIAN_POINT ( 'NONE',  ( 27.70720151120292840, -19.52082945453180685, 998.2617465664258134 ) ) ;
#512 = CARTESIAN_POINT ( 'NONE',  ( 13.10217230114492359, -19.52082945453181040, 998.2617465664258134 ) ) ;
#513 = DIRECTION ( 'NONE',  ( 0.000000000000000000, 1.000000000000000000, 0.000000000000000000 ) ) ;
#514 = ORIENTED_EDGE ( 'NONE', *, *, #2609, .F. ) ;
#515 = CARTESIAN_POINT ( 'NONE',  ( -41.47721736514306201, -10.40936937654906558, 994.7617465664258134 ) ) ;
#516 = VERTEX_POINT ( 'NONE', #1418 ) ;
#517 = DIRECTION ( 'NONE',  ( 0.000000000000000000, -0.000000000000000000, 1.000000000000000000 ) ) ;
#518 = DIRECTION ( 'NONE',  ( -0.000000000000000000, -0.000000000000000000, -1.000000000000000000 ) ) ;
#519 = DIRECTION ( 'NONE',  ( 1.000000000000000000, 0.000000000000000000, 0.000000000000000000 ) ) ;
#520 = DIRECTION ( 'NONE',  ( -3.212485385912389430E-16, -1.000000000000000000, 0.000000000000000000 ) ) ;
#521 = ORIENTED_EDGE ( 'NONE', *, *, #2460, .F. ) ;
#522 = DIRECTION ( 'NONE',  ( -0.000000000000000000, -0.000000000000000000, 1.000000000000000000 ) ) ;
#523 = CARTESIAN_POINT ( 'NONE',  ( -19.37579369198158119, -23.15303777888382086, 994.7617465664258134 ) ) ;
#524 = VECTOR ( 'NONE', #3181, 1000.000000000000000 ) ;
#525 = VERTEX_POINT ( 'NONE', #3900 ) ;
#526 = EDGE_CURVE ( 'NONE', #4413, #1931, #3907, .T. ) ;
#527 = EDGE_CURVE ( 'NONE', #2498, #402, #3685, .T. ) ;
#528 = VECTOR ( 'NONE', #3328, 1000.000000000000000 ) ;
#529 = DIRECTION ( 'NONE',  ( 0.000000000000000000, 0.000000000000000000, 1.000000000000000000 ) ) ;
#530 = AXIS2_PLACEMENT_3D ( 'NONE', #2354, #3081, #684 ) ;
#531 = ORIENTED_EDGE ( 'NONE', *, *, #3412, .T. ) ;
#532 = DIRECTION ( 'NONE',  ( -1.000000000000000000, -1.777399113065546424E-16, 0.000000000000000000 ) ) ;
#533 = ORIENTED_EDGE ( 'NONE', *, *, #2233, .F. ) ;
#534 = DIRECTION ( 'NONE',  ( -0.000000000000000000, -0.000000000000000000, -1.000000000000000000 ) ) ;
#535 = EDGE_CURVE ( 'NONE', #1327, #1167, #1124, .T. ) ;
#536 = DIRECTION ( 'NONE',  ( 0.000000000000000000, 0.000000000000000000, 1.000000000000000000 ) ) ;
#537 = VECTOR ( 'NONE', #2746, 1000.000000000000000 ) ;
#538 = AXIS2_PLACEMENT_3D ( 'NONE', #2846, #4255, #2497 ) ;
#539 = CARTESIAN_POINT ( 'NONE',  ( -16.59988510297007025, -14.12088745453381122, 998.2617465664258134 ) ) ;
#540 = ORIENTED_EDGE ( 'NONE', *, *, #850, .F. ) ;
#541 = CARTESIAN_POINT ( 'NONE',  ( 26.70720151120292840, -14.12088745453381122, 998.7617465664258134 ) ) ;
#542 = ORIENTED_EDGE ( 'NONE', *, *, #3712, .T. ) ;
#543 = CIRCLE ( 'NONE', #3187, 1.499999999999997780 ) ;
#544 = VECTOR ( 'NONE', #4032, 1000.000000000000000 ) ;
#545 = DIRECTION ( 'NONE',  ( 0.000000000000000000, 0.000000000000000000, 1.000000000000000000 ) ) ;
#546 = CYLINDRICAL_SURFACE ( 'NONE', #4288, 1.499999999999997780 ) ;
#547 = CIRCLE ( 'NONE', #4070, 1.000000000000000888 ) ;
#548 = CARTESIAN_POINT ( 'NONE',  ( 2.342273901145925041, -21.02082945453181040, 998.2617465664258134 ) ) ;
#549 = AXIS2_PLACEMENT_3D ( 'NONE', #316, #1720, #3080 ) ;
#550 = CARTESIAN_POINT ( 'NONE',  ( -41.47721736514306201, -10.40936937654906203, 996.7617465664258134 ) ) ;
#551 = ORIENTED_EDGE ( 'NONE', *, *, #124, .T. ) ;
#552 = VECTOR ( 'NONE', #757, 1000.000000000000000 ) ;
#553 = AXIS2_PLACEMENT_3D ( 'NONE', #2214, #1147, #1248 ) ;
#554 = LINE ( 'NONE', #3332, #4498 ) ;
#555 = PLANE ( 'NONE',  #3832 ) ;
#556 = ORIENTED_EDGE ( 'NONE', *, *, #1430, .F. ) ;
#557 = FACE_OUTER_BOUND ( 'NONE', #3552, .T. ) ;
#558 = VERTEX_POINT ( 'NONE', #2150 ) ;
#559 = EDGE_CURVE ( 'NONE', #1369, #4376, #2887, .T. ) ;
#560 = DIRECTION ( 'NONE',  ( -0.000000000000000000, -0.000000000000000000, 1.000000000000000000 ) ) ;
#561 = ADVANCED_FACE ( 'NONE', ( #4203 ), #4299, .T. ) ;
#562 = VERTEX_POINT ( 'NONE', #731 ) ;
#563 = CARTESIAN_POINT ( 'NONE',  ( -27.85978350296907280, -14.12088745453381122, 998.2617465664258134 ) ) ;
#564 = FACE_OUTER_BOUND ( 'NONE', #2608, .T. ) ;
#565 = DIRECTION ( 'NONE',  ( 0.000000000000000000, -0.000000000000000000, -1.000000000000000000 ) ) ;
#566 = ORIENTED_EDGE ( 'NONE', *, *, #4156, .F. ) ;
#567 = CARTESIAN_POINT ( 'NONE',  ( 31.42847732750292522, -23.15303777888382086, 994.7617465664258134 ) ) ;
#568 = ORIENTED_EDGE ( 'NONE', *, *, #4043, .F. ) ;
#569 = ORIENTED_EDGE ( 'NONE', *, *, #3428, .T. ) ;
#570 = DIRECTION ( 'NONE',  ( 1.000000000000000000, 0.000000000000000000, 0.000000000000000000 ) ) ;
#571 = ADVANCED_FACE ( 'NONE', ( #712 ), #3170, .F. ) ;
#572 = CARTESIAN_POINT ( 'NONE',  ( -2.248856400913074260, -13.12088745453381122, 998.2617465664258134 ) ) ;
#573 = DIRECTION ( 'NONE',  ( 1.000000000000000000, 0.000000000000000000, 0.000000000000000000 ) ) ;
#574 = ORIENTED_EDGE ( 'NONE', *, *, #2711, .F. ) ;
#575 = VECTOR ( 'NONE', #2134, 1000.000000000000000 ) ;
#576 = CARTESIAN_POINT ( 'NONE',  ( 14.82705365434141775, -23.15303777888382086, 996.7617465664258134 ) ) ;
#577 = CARTESIAN_POINT ( 'NONE',  ( -13.00875480091207592, -14.12088745453381122, 994.7617465664258134 ) ) ;
#578 = EDGE_LOOP ( 'NONE', ( #4081, #4338, #1970, #634 ) ) ;
#579 = DIRECTION ( 'NONE',  ( 3.212485385912385485E-16, 1.000000000000000000, 0.000000000000000000 ) ) ;
#580 = VERTEX_POINT ( 'NONE', #2820 ) ;
#581 = CARTESIAN_POINT ( 'NONE',  ( 35.64590896369590212, 8.577967428120430782, 996.7617465664258134 ) ) ;
#582 = ORIENTED_EDGE ( 'NONE', *, *, #2469, .F. ) ;
#583 = CARTESIAN_POINT ( 'NONE',  ( -2.248856400913074705, -19.52082945453180685, 998.2617465664258134 ) ) ;
#584 = DIRECTION ( 'NONE',  ( 0.000000000000000000, 0.000000000000000000, 1.000000000000000000 ) ) ;
#585 = DIRECTION ( 'NONE',  ( 0.000000000000000000, 0.000000000000000000, 1.000000000000000000 ) ) ;
#586 = EDGE_LOOP ( 'NONE', ( #2142, #4153, #2622, #872 ) ) ;
#587 = CARTESIAN_POINT ( 'NONE',  ( 26.70720151120292840, -14.12088745453381122, 998.2617465664258134 ) ) ;
#588 = VERTEX_POINT ( 'NONE', #3511 ) ;
#589 = EDGE_CURVE ( 'NONE', #2834, #2778, #3927, .T. ) ;
#590 = EDGE_CURVE ( 'NONE', #1677, #1655, #3530, .T. ) ;
#591 = VERTEX_POINT ( 'NONE', #1443 ) ;
#592 = LINE ( 'NONE', #3077, #1489 ) ;
#593 = DIRECTION ( 'NONE',  ( 1.000000000000000000, 0.000000000000000000, -0.000000000000000000 ) ) ;
#594 = CARTESIAN_POINT ( 'NONE',  ( -2.248856400913074260, -13.12088745453381122, 994.7617465664258134 ) ) ;
#595 = CARTESIAN_POINT ( 'NONE',  ( 0.8422739011459237091, -19.52082945453180685, 998.2617465664258134 ) ) ;
#596 = LINE ( 'NONE', #4485, #2653 ) ;
#597 = AXIS2_PLACEMENT_3D ( 'NONE', #4536, #4141, #971 ) ;
#598 = ORIENTED_EDGE ( 'NONE', *, *, #4156, .T. ) ;
#599 = CARTESIAN_POINT ( 'NONE',  ( 26.70720151120292485, -19.52082945453180685, 998.2617465664258134 ) ) ;
#600 = ORIENTED_EDGE ( 'NONE', *, *, #1403, .T. ) ;
#601 = CARTESIAN_POINT ( 'NONE',  ( -32.74585850072318038, -7.232593278003827564, 994.7617465664258134 ) ) ;
#602 = VERTEX_POINT ( 'NONE', #2842 ) ;
#603 = CARTESIAN_POINT ( 'NONE',  ( -13.50875480091207592, -14.12088745453381122, 998.2617465664258134 ) ) ;
#604 = CARTESIAN_POINT ( 'NONE',  ( 35.92847732750293943, 7.077967428120427229, 996.7617465664258134 ) ) ;
#605 = CARTESIAN_POINT ( 'NONE',  ( 2.342273901145924153, -14.12088745453381122, 998.2617465664258134 ) ) ;
#606 = ORIENTED_EDGE ( 'NONE', *, *, #1318, .T. ) ;
#607 = LINE ( 'NONE', #1343, #4359 ) ;
#608 = VERTEX_POINT ( 'NONE', #3990 ) ;
#609 = AXIS2_PLACEMENT_3D ( 'NONE', #1457, #680, #4196 ) ;
#610 = VERTEX_POINT ( 'NONE', #3644 ) ;
#611 = DIRECTION ( 'NONE',  ( 0.000000000000000000, -1.000000000000000000, 0.000000000000000000 ) ) ;
#612 = DIRECTION ( 'NONE',  ( -0.000000000000000000, 0.000000000000000000, -1.000000000000000000 ) ) ;
#613 = EDGE_CURVE ( 'NONE', #2319, #3245, #2255, .T. ) ;
#614 = EDGE_CURVE ( 'NONE', #4489, #734, #3688, .T. ) ;
#615 = DIRECTION ( 'NONE',  ( -1.000000000000000000, 0.000000000000000000, 0.000000000000000000 ) ) ;
#616 = AXIS2_PLACEMENT_3D ( 'NONE', #3249, #796, #841 ) ;
#617 = LINE ( 'NONE', #2017, #3774 ) ;
#618 = AXIS2_PLACEMENT_3D ( 'NONE', #2202, #3609, #3274 ) ;
#619 = AXIS2_PLACEMENT_3D ( 'NONE', #1786, #3856, #2446 ) ;
#620 = PLANE ( 'NONE',  #912 ) ;
#621 = ORIENTED_EDGE ( 'NONE', *, *, #1742, .T. ) ;
#622 = VECTOR ( 'NONE', #2914, 1000.000000000000000 ) ;
#623 = AXIS2_PLACEMENT_3D ( 'NONE', #2272, #4355, #3251 ) ;
#624 = DIRECTION ( 'NONE',  ( 0.000000000000000000, 0.000000000000000000, 1.000000000000000000 ) ) ;
#625 = CYLINDRICAL_SURFACE ( 'NONE', #4062, 1.500000000000003775 ) ;
#626 = ADVANCED_FACE ( 'NONE', ( #3259 ), #546, .F. ) ;
#627 = EDGE_LOOP ( 'NONE', ( #3700, #1434, #4170, #2340 ) ) ;
#628 = CARTESIAN_POINT ( 'NONE',  ( -27.85978350296907280, -14.12088745453381122, 998.7617465664258134 ) ) ;
#629 = CARTESIAN_POINT ( 'NONE',  ( 1.342273901145924597, -14.12088745453381122, 994.7617465664258134 ) ) ;
#630 = CARTESIAN_POINT ( 'NONE',  ( 13.82705365434141598, -23.15303777888382086, 996.7617465664258134 ) ) ;
#631 = EDGE_CURVE ( 'NONE', #3503, #3403, #136, .T. ) ;
#632 = ORIENTED_EDGE ( 'NONE', *, *, #1822, .T. ) ;
#633 = CARTESIAN_POINT ( 'NONE',  ( 16.94730311120392585, -12.62088745453381478, 998.2617465664258134 ) ) ;
#634 = ORIENTED_EDGE ( 'NONE', *, *, #2972, .T. ) ;
#635 = ORIENTED_EDGE ( 'NONE', *, *, #446, .T. ) ;
#636 = LINE ( 'NONE', #3445, #830 ) ;
#637 = CARTESIAN_POINT ( 'NONE',  ( 35.64590896369588791, -10.90936937654907801, 994.7617465664258134 ) ) ;
#638 = DIRECTION ( 'NONE',  ( 0.000000000000000000, 0.000000000000000000, 1.000000000000000000 ) ) ;
#639 = EDGE_CURVE ( 'NONE', #782, #1117, #1232, .T. ) ;
#640 = DIRECTION ( 'NONE',  ( -1.000000000000000000, 8.417240438664429301E-16, 0.000000000000000000 ) ) ;
#641 = AXIS2_PLACEMENT_3D ( 'NONE', #4047, #2690, #1608 ) ;
#642 = DIRECTION ( 'NONE',  ( 0.000000000000000000, 0.000000000000000000, 1.000000000000000000 ) ) ;
#643 = VERTEX_POINT ( 'NONE', #1527 ) ;
#644 = EDGE_CURVE ( 'NONE', #921, #961, #4011, .T. ) ;
#645 = LINE ( 'NONE', #2686, #1986 ) ;
#646 = DIRECTION ( 'NONE',  ( -0.000000000000000000, -0.000000000000000000, 1.000000000000000000 ) ) ;
#647 = EDGE_LOOP ( 'NONE', ( #2762, #1414, #1005, #121 ) ) ;
#648 = DIRECTION ( 'NONE',  ( 1.000000000000000000, 0.000000000000000000, 0.000000000000000000 ) ) ;
#649 = EDGE_CURVE ( 'NONE', #2084, #2393, #888, .T. ) ;
#650 = LINE ( 'NONE', #698, #3243 ) ;
#651 = FACE_OUTER_BOUND ( 'NONE', #1455, .T. ) ;
#652 = VERTEX_POINT ( 'NONE', #846 ) ;
#653 = LINE ( 'NONE', #2695, #2438 ) ;
#654 = LOCAL_TIME ( 17, 49, 39.00000000000000000, #2910 ) ;
#655 = ORIENTED_EDGE ( 'NONE', *, *, #3612, .F. ) ;
#656 = ORIENTED_EDGE ( 'NONE', *, *, #1048, .T. ) ;
#657 = CARTESIAN_POINT ( 'NONE',  ( -20.37579369198158474, -23.15303777888382086, 994.7617465664258134 ) ) ;
#658 = DIRECTION ( 'NONE',  ( 1.000000000000000000, 0.000000000000000000, 0.000000000000000000 ) ) ;
#659 = CARTESIAN_POINT ( 'NONE',  ( 35.92847732750292522, -9.409369376549081565, 996.7617465664258134 ) ) ;
#660 = DIRECTION ( 'NONE',  ( -1.000000000000000000, 0.000000000000000000, 0.000000000000000000 ) ) ;
#661 = ORIENTED_EDGE ( 'NONE', *, *, #3766, .T. ) ;
#662 = LINE ( 'NONE', #2383, #1773 ) ;
#663 = DIRECTION ( 'NONE',  ( 0.000000000000000000, -0.000000000000000000, -1.000000000000000000 ) ) ;
#664 = CIRCLE ( 'NONE', #1251, 1.500000000000003775 ) ;
#665 = ORIENTED_EDGE ( 'NONE', *, *, #1994, .F. ) ;
#666 = DIRECTION ( 'NONE',  ( -0.000000000000000000, -0.000000000000000000, -1.000000000000000000 ) ) ;
#667 = AXIS2_PLACEMENT_3D ( 'NONE', #3152, #1835, #2496 ) ;
#668 = EDGE_CURVE ( 'NONE', #1086, #159, #2141, .T. ) ;
#669 = EDGE_CURVE ( 'NONE', #3278, #3895, #4058, .T. ) ;
#670 = VECTOR ( 'NONE', #209, 1000.000000000000000 ) ;
#671 = LINE ( 'NONE', #3439, #3394 ) ;
#672 = LINE ( 'NONE', #1021, #321 ) ;
#673 = ORIENTED_EDGE ( 'NONE', *, *, #487, .T. ) ;
#674 = DIRECTION ( 'NONE',  ( 1.000000000000000000, 0.000000000000000000, 0.000000000000000000 ) ) ;
#675 = ADVANCED_FACE ( 'NONE', ( #2933 ), #3967, .T. ) ;
#676 = AXIS2_PLACEMENT_3D ( 'NONE', #195, #3319, #882 ) ;
#677 = EDGE_LOOP ( 'NONE', ( #2646, #1029, #3198, #3520 ) ) ;
#678 = ORIENTED_EDGE ( 'NONE', *, *, #1934, .F. ) ;
#679 = VECTOR ( 'NONE', #3492, 1000.000000000000000 ) ;
#680 = DIRECTION ( 'NONE',  ( 0.000000000000000000, 0.000000000000000000, 1.000000000000000000 ) ) ;
#681 = CARTESIAN_POINT ( 'NONE',  ( 0.8422739011459239311, -14.12088745453381122, 998.2617465664258134 ) ) ;
#682 = EDGE_CURVE ( 'NONE', #2439, #4142, #4407, .T. ) ;
#683 = DIRECTION ( 'NONE',  ( -0.000000000000000000, -0.000000000000000000, 1.000000000000000000 ) ) ;
#684 = DIRECTION ( 'NONE',  ( -1.000000000000000000, 0.000000000000000000, 0.000000000000000000 ) ) ;
#685 = AXIS2_PLACEMENT_3D ( 'NONE', #539, #447, #4026 ) ;
#686 = CARTESIAN_POINT ( 'NONE',  ( 32.63833229796444613, -9.904726882270324495, 994.7617465664258134 ) ) ;
#687 = CIRCLE ( 'NONE', #96, 2.165039331781817733 ) ;
#688 = CIRCLE ( 'NONE', #3117, 1.000000000000000888 ) ;
#689 = ORIENTED_EDGE ( 'NONE', *, *, #3612, .T. ) ;
#690 = AXIS2_PLACEMENT_3D ( 'NONE', #1090, #1821, #2433 ) ;
#691 = AXIS2_PLACEMENT_3D ( 'NONE', #2380, #3786, #3100 ) ;
#692 = CARTESIAN_POINT ( 'NONE',  ( 15.32705365434141420, -22.15303777888381376, 996.7617465664258134 ) ) ;
#693 = ORIENTED_EDGE ( 'NONE', *, *, #2712, .F. ) ;
#694 = VERTEX_POINT ( 'NONE', #3664 ) ;
#695 = DIRECTION ( 'NONE',  ( 1.000000000000000000, 0.000000000000000000, 0.000000000000000000 ) ) ;
#696 = VECTOR ( 'NONE', #4382, 1000.000000000000000 ) ;
#697 = APPLICATION_CONTEXT ( 'configuration controlled 3d designs of mechanical parts and assemblies' ) ;
#698 = CARTESIAN_POINT ( 'NONE',  ( -16.59988510297007025, -21.02082945453180685, 998.2617465664258134 ) ) ;
#699 = AXIS2_PLACEMENT_3D ( 'NONE', #581, #951, #4045 ) ;
#700 = EDGE_CURVE ( 'NONE', #3962, #3656, #2215, .T. ) ;
#701 = VECTOR ( 'NONE', #1613, 1000.000000000000000 ) ;
#702 = EDGE_CURVE ( 'NONE', #608, #2439, #4134, .T. ) ;
#703 = DIRECTION ( 'NONE',  ( 0.000000000000000000, 0.000000000000000000, 1.000000000000000000 ) ) ;
#704 = ORIENTED_EDGE ( 'NONE', *, *, #1359, .T. ) ;
#705 = DIRECTION ( 'NONE',  ( -0.000000000000000000, -0.000000000000000000, -1.000000000000000000 ) ) ;
#706 = ORIENTED_EDGE ( 'NONE', *, *, #196, .T. ) ;
#707 = EDGE_LOOP ( 'NONE', ( #1381, #678, #1814, #3949 ) ) ;
#708 = DIRECTION ( 'NONE',  ( -0.000000000000000000, -0.000000000000000000, -1.000000000000000000 ) ) ;
#709 = EDGE_LOOP ( 'NONE', ( #4282, #1518, #2802, #772 ) ) ;
#710 = EDGE_CURVE ( 'NONE', #2731, #3020, #3303, .T. ) ;
#711 = CYLINDRICAL_SURFACE ( 'NONE', #1204, 0.9842597834286564984 ) ;
#712 = FACE_OUTER_BOUND ( 'NONE', #2089, .T. ) ;
#713 = CARTESIAN_POINT ( 'NONE',  ( 26.70720151120292485, -21.02082945453181395, 998.2617465664258134 ) ) ;
#714 = VERTEX_POINT ( 'NONE', #1596 ) ;
#715 = DIRECTION ( 'NONE',  ( -0.000000000000000000, -0.000000000000000000, -1.000000000000000000 ) ) ;
#716 = DIRECTION ( 'NONE',  ( 0.000000000000000000, -1.000000000000000000, 0.000000000000000000 ) ) ;
#717 = ORIENTED_EDGE ( 'NONE', *, *, #3872, .T. ) ;
#718 = CARTESIAN_POINT ( 'NONE',  ( -34.41089783250500034, -7.232593278003827564, 994.7617465664258134 ) ) ;
#719 = AXIS2_PLACEMENT_3D ( 'NONE', #2478, #4257, #4187 ) ;
#720 = DIRECTION ( 'NONE',  ( 1.000000000000000000, 0.000000000000000000, 0.000000000000000000 ) ) ;
#721 = CARTESIAN_POINT ( 'NONE',  ( -26.35978350296906925, -19.52082945453181040, 998.7617465664258134 ) ) ;
#722 = ORIENTED_EDGE ( 'NONE', *, *, #1879, .T. ) ;
#723 = DIRECTION ( 'NONE',  ( -0.000000000000000000, -0.000000000000000000, 1.000000000000000000 ) ) ;
#724 = ORIENTED_EDGE ( 'NONE', *, *, #2856, .F. ) ;
#725 = ORIENTED_EDGE ( 'NONE', *, *, #3174, .F. ) ;
#726 = DIRECTION ( 'NONE',  ( 1.000000000000000000, 0.000000000000000000, 0.000000000000000000 ) ) ;
#727 = EDGE_CURVE ( 'NONE', #591, #1867, #3981, .T. ) ;
#728 = EDGE_LOOP ( 'NONE', ( #3724, #1186, #1047, #706 ) ) ;
#729 = EDGE_CURVE ( 'NONE', #2872, #3023, #4335, .T. ) ;
#730 = DIRECTION ( 'NONE',  ( 0.000000000000000000, 0.000000000000000000, 1.000000000000000000 ) ) ;
#731 = CARTESIAN_POINT ( 'NONE',  ( 1.342273901145923931, -14.12088745453381122, 998.2617465664258134 ) ) ;
#732 = DIRECTION ( 'NONE',  ( -2.409364039434290716E-16, 1.000000000000000000, 0.000000000000000000 ) ) ;
#733 = EDGE_CURVE ( 'NONE', #1016, #1327, #4350, .T. ) ;
#734 = VERTEX_POINT ( 'NONE', #1510 ) ;
#735 = CARTESIAN_POINT ( 'NONE',  ( -41.47721736514306201, 7.077967428120442328, 996.7617465664258134 ) ) ;
#736 = CARTESIAN_POINT ( 'NONE',  ( -2.248856400913074260, -13.12088745453381122, 994.7617465664258134 ) ) ;
#737 = ORIENTED_EDGE ( 'NONE', *, *, #2397, .T. ) ;
#738 = CYLINDRICAL_SURFACE ( 'NONE', #2696, 4.999999999999997335 ) ;
#739 = CARTESIAN_POINT ( 'NONE',  ( -2.248856400913074705, -19.52082945453180685, 994.7617465664258134 ) ) ;
#740 = DIRECTION ( 'NONE',  ( 1.000000000000000000, 0.000000000000000000, 0.000000000000000000 ) ) ;
#741 = ORIENTED_EDGE ( 'NONE', *, *, #2954, .F. ) ;
#742 = CARTESIAN_POINT ( 'NONE',  ( -12.00875480091207592, -21.02082945453180685, 998.2617465664258134 ) ) ;
#743 = ORIENTED_EDGE ( 'NONE', *, *, #1203, .F. ) ;
#744 = VECTOR ( 'NONE', #522, 1000.000000000000000 ) ;
#745 = EDGE_LOOP ( 'NONE', ( #2931, #3337, #1612, #2325 ) ) ;
#746 = DIRECTION ( 'NONE',  ( 1.000000000000000000, 0.000000000000000000, 0.000000000000000000 ) ) ;
#747 = VERTEX_POINT ( 'NONE', #2913 ) ;
#748 = VECTOR ( 'NONE', #2902, 1000.000000000000000 ) ;
#749 = DATE_AND_TIME ( #1784, #1732 ) ;
#750 = ORIENTED_EDGE ( 'NONE', *, *, #1478, .T. ) ;
#751 = AXIS2_PLACEMENT_3D ( 'NONE', #4427, #1271, #2670 ) ;
#752 = VECTOR ( 'NONE', #3101, 1000.000000000000000 ) ;
#753 = CYLINDRICAL_SURFACE ( 'NONE', #3625, 1.000000000000000888 ) ;
#754 = EDGE_CURVE ( 'NONE', #1348, #591, #4317, .T. ) ;
#755 = EDGE_CURVE ( 'NONE', #2590, #3867, #1306, .T. ) ;
#756 = CARTESIAN_POINT ( 'NONE',  ( 16.94730311120392940, -21.02082945453181395, 998.2617465664258134 ) ) ;
#757 = DIRECTION ( 'NONE',  ( 0.000000000000000000, -1.000000000000000000, 0.000000000000000000 ) ) ;
#758 = ORIENTED_EDGE ( 'NONE', *, *, #1908, .F. ) ;
#759 = LINE ( 'NONE', #3861, #4491 ) ;
#760 = VECTOR ( 'NONE', #4086, 1000.000000000000000 ) ;
#761 = EDGE_CURVE ( 'NONE', #4489, #3569, #2373, .T. ) ;
#762 = LINE ( 'NONE', #2657, #4437 ) ;
#763 = ORIENTED_EDGE ( 'NONE', *, *, #3174, .T. ) ;
#764 = DIRECTION ( 'NONE',  ( -0.000000000000000000, -0.000000000000000000, 1.000000000000000000 ) ) ;
#765 = AXIS2_PLACEMENT_3D ( 'NONE', #605, #4080, #3369 ) ;
#766 = FACE_OUTER_BOUND ( 'NONE', #4210, .T. ) ;
#767 = EDGE_CURVE ( 'NONE', #2996, #1500, #3425, .T. ) ;
#768 = CARTESIAN_POINT ( 'NONE',  ( -1.248856400913072262, -19.52082945453180685, 994.7617465664258134 ) ) ;
#769 = AXIS2_PLACEMENT_3D ( 'NONE', #1811, #2470, #3925 ) ;
#770 = ORIENTED_EDGE ( 'NONE', *, *, #4508, .T. ) ;
#771 = FACE_BOUND ( 'NONE', #2689, .T. ) ;
#772 = ORIENTED_EDGE ( 'NONE', *, *, #3528, .T. ) ;
#773 = AXIS2_PLACEMENT_3D ( 'NONE', #1951, #1395, #4180 ) ;
#774 = PRODUCT_RELATED_PRODUCT_CATEGORY ( 'detail', '', ( #1736 ) ) ;
#775 = CARTESIAN_POINT ( 'NONE',  ( -2.248856400913074705, -19.52082945453180685, 998.2617465664258134 ) ) ;
#776 = ORIENTED_EDGE ( 'NONE', *, *, #487, .F. ) ;
#777 = COORDINATED_UNIVERSAL_TIME_OFFSET ( 8, 0, .AHEAD. ) ;
#778 = VERTEX_POINT ( 'NONE', #1985 ) ;
#779 = DIRECTION ( 'NONE',  ( -0.000000000000000000, -0.000000000000000000, 1.000000000000000000 ) ) ;
#780 = CARTESIAN_POINT ( 'NONE',  ( -36.07593716428681319, -7.232593278003827564, 994.7617465664258134 ) ) ;
#781 = DIRECTION ( 'NONE',  ( -0.000000000000000000, -0.000000000000000000, -1.000000000000000000 ) ) ;
#782 = VERTEX_POINT ( 'NONE', #3376 ) ;
#783 = ADVANCED_FACE ( 'NONE', ( #1670 ), #4131, .F. ) ;
#784 = CARTESIAN_POINT ( 'NONE',  ( -36.07593716428681319, -7.232593278003827564, 994.7617465664258134 ) ) ;
#785 = FACE_OUTER_BOUND ( 'NONE', #1755, .T. ) ;
#786 = ORIENTED_EDGE ( 'NONE', *, *, #2772, .F. ) ;
#787 = AXIS2_PLACEMENT_3D ( 'NONE', #1585, #492, #3677 ) ;
#788 = EDGE_CURVE ( 'NONE', #3952, #4398, #98, .T. ) ;
#789 = EDGE_CURVE ( 'NONE', #3704, #2437, #592, .T. ) ;
#790 = CARTESIAN_POINT ( 'NONE',  ( 16.94730311120392585, -14.12088745453381122, 994.7617465664258134 ) ) ;
#791 = CARTESIAN_POINT ( 'NONE',  ( 2.342273901145924597, -19.52082945453180685, 998.7617465664258134 ) ) ;
#792 = ORIENTED_EDGE ( 'NONE', *, *, #955, .T. ) ;
#793 = CARTESIAN_POINT ( 'NONE',  ( 2.342273901145925041, -20.52082945453181040, 994.7617465664258134 ) ) ;
#794 = ORIENTED_EDGE ( 'NONE', *, *, #1359, .F. ) ;
#795 = EDGE_CURVE ( 'NONE', #1615, #3952, #1280, .T. ) ;
#796 = DIRECTION ( 'NONE',  ( -0.000000000000000000, -0.000000000000000000, -1.000000000000000000 ) ) ;
#797 = ORIENTED_EDGE ( 'NONE', *, *, #1956, .T. ) ;
#798 = APPROVAL_STATUS ( 'not_yet_approved' ) ;
#799 = ORIENTED_EDGE ( 'NONE', *, *, #938, .T. ) ;
#800 = CARTESIAN_POINT ( 'NONE',  ( -15.59988510297007025, -14.12088745453381122, 994.7617465664258134 ) ) ;
#801 = DIRECTION ( 'NONE',  ( 0.000000000000000000, 1.000000000000000000, 0.000000000000000000 ) ) ;
#802 = DIRECTION ( 'NONE',  ( -1.000000000000000000, -1.777399113065546424E-16, 0.000000000000000000 ) ) ;
#803 = ORIENTED_EDGE ( 'NONE', *, *, #926, .T. ) ;
#804 = CARTESIAN_POINT ( 'NONE',  ( 37.42847732750293233, -19.65303777888381731, 998.7617465664258134 ) ) ;
#805 = FACE_OUTER_BOUND ( 'NONE', #78, .T. ) ;
#806 = EDGE_LOOP ( 'NONE', ( #2434, #1100, #2095, #1043, #1326, #844, #2281, #3745 ) ) ;
#807 = FACE_OUTER_BOUND ( 'NONE', #745, .T. ) ;
#808 = EDGE_CURVE ( 'NONE', #268, #1377, #3737, .T. ) ;
#809 = DIRECTION ( 'NONE',  ( 1.000000000000000000, 0.000000000000000000, 0.000000000000000000 ) ) ;
#810 = EDGE_CURVE ( 'NONE', #1387, #2367, #249, .T. ) ;
#811 = EDGE_LOOP ( 'NONE', ( #2422, #2742, #1797, #1198 ) ) ;
#812 = DIRECTION ( 'NONE',  ( -0.000000000000000000, -0.000000000000000000, -1.000000000000000000 ) ) ;
#813 = VERTEX_POINT ( 'NONE', #657 ) ;
#814 = LINE ( 'NONE', #2207, #2364 ) ;
#815 = EDGE_CURVE ( 'NONE', #3885, #2816, #3760, .T. ) ;
#816 = VERTEX_POINT ( 'NONE', #1714 ) ;
#817 = DIRECTION ( 'NONE',  ( 0.000000000000000000, 0.000000000000000000, 1.000000000000000000 ) ) ;
#818 = VECTOR ( 'NONE', #3106, 1000.000000000000000 ) ;
#819 = ORIENTED_EDGE ( 'NONE', *, *, #233, .F. ) ;
#820 = CARTESIAN_POINT ( 'NONE',  ( -15.59988510297007203, -19.52082945453180685, 994.7617465664258134 ) ) ;
#821 = CIRCLE ( 'NONE', #4049, 0.9999999999999991118 ) ;
#822 = CARTESIAN_POINT ( 'NONE',  ( -15.09988510297007025, -14.12088745453381122, 998.2617465664258134 ) ) ;
#823 = EDGE_CURVE ( 'NONE', #2816, #1950, #3824, .T. ) ;
#824 = CARTESIAN_POINT ( 'NONE',  ( 12.10217230114492715, -19.52082945453181040, 998.2617465664258134 ) ) ;
#825 = ORIENTED_EDGE ( 'NONE', *, *, #3223, .T. ) ;
#826 = CARTESIAN_POINT ( 'NONE',  ( -32.24585850072318038, -7.232593278003827564, 998.2617465664258134 ) ) ;
#827 = DIRECTION ( 'NONE',  ( 1.000000000000000000, 0.000000000000000000, 0.000000000000000000 ) ) ;
#828 = AXIS2_PLACEMENT_3D ( 'NONE', #94, #1488, #71 ) ;
#829 = CIRCLE ( 'NONE', #3614, 0.5743212343493758754 ) ;
#830 = VECTOR ( 'NONE', #1027, 1000.000000000000000 ) ;
#831 = CARTESIAN_POINT ( 'NONE',  ( 15.32705365434144618, 19.82163583045518962, 996.7617465664258134 ) ) ;
#832 = ORIENTED_EDGE ( 'NONE', *, *, #590, .T. ) ;
#833 = CARTESIAN_POINT ( 'NONE',  ( 12.10217230114492715, -13.12088745453381122, 998.2617465664258134 ) ) ;
#834 = ORIENTED_EDGE ( 'NONE', *, *, #3646, .T. ) ;
#835 = DIRECTION ( 'NONE',  ( 0.000000000000000000, 0.000000000000000000, 1.000000000000000000 ) ) ;
#836 = AXIS2_PLACEMENT_3D ( 'NONE', #1756, #3819, #2411 ) ;
#837 = EDGE_CURVE ( 'NONE', #2021, #4142, #3619, .T. ) ;
#838 = EDGE_CURVE ( 'NONE', #3895, #229, #3125, .T. ) ;
#839 = CIRCLE ( 'NONE', #1788, 1.500000000000000888 ) ;
#840 = VECTOR ( 'NONE', #4414, 1000.000000000000000 ) ;
#841 = DIRECTION ( 'NONE',  ( -1.000000000000000000, 0.000000000000000000, 0.000000000000000000 ) ) ;
#842 = ORIENTED_EDGE ( 'NONE', *, *, #4410, .T. ) ;
#843 = DIRECTION ( 'NONE',  ( 1.000000000000000000, 0.000000000000000000, -0.000000000000000000 ) ) ;
#844 = ORIENTED_EDGE ( 'NONE', *, *, #124, .F. ) ;
#845 = DIRECTION ( 'NONE',  ( 1.000000000000000000, 0.000000000000000000, 0.000000000000000000 ) ) ;
#846 = CARTESIAN_POINT ( 'NONE',  ( 26.70720151120292840, -12.62088745453381122, 998.7617465664258134 ) ) ;
#847 = CARTESIAN_POINT ( 'NONE',  ( 32.63833229796444613, -18.16472688226932064, 998.2617465664258134 ) ) ;
#848 = DIRECTION ( 'NONE',  ( -0.000000000000000000, -0.000000000000000000, 1.000000000000000000 ) ) ;
#849 = ORIENTED_EDGE ( 'NONE', *, *, #966, .F. ) ;
#850 = EDGE_CURVE ( 'NONE', #2437, #4403, #3111, .T. ) ;
#851 = DIRECTION ( 'NONE',  ( 1.000000000000000000, 0.000000000000000000, 0.000000000000000000 ) ) ;
#852 = CYLINDRICAL_SURFACE ( 'NONE', #3247, 1.500000000000001332 ) ;
#853 = CC_DESIGN_APPROVAL ( #1668, ( #3001 ) ) ;
#854 = CC_DESIGN_PERSON_AND_ORGANIZATION_ASSIGNMENT ( #84, #2123, ( #1736 ) ) ;
#855 = CARTESIAN_POINT ( 'NONE',  ( 35.92847732750292522, -8.425109593120421181, 994.7617465664258134 ) ) ;
#856 = EDGE_LOOP ( 'NONE', ( #3471, #1091, #271, #3734 ) ) ;
#857 = DIRECTION ( 'NONE',  ( 1.000000000000000000, 0.000000000000000000, 0.000000000000000000 ) ) ;
#858 = ORIENTED_EDGE ( 'NONE', *, *, #2097, .F. ) ;
#859 = FACE_OUTER_BOUND ( 'NONE', #177, .T. ) ;
#860 = DIRECTION ( 'NONE',  ( 0.000000000000000000, 0.000000000000000000, 1.000000000000000000 ) ) ;
#861 = CIRCLE ( 'NONE', #3576, 1.000000000000004441 ) ;
#862 = DIRECTION ( 'NONE',  ( 1.000000000000000000, 0.000000000000000000, 0.000000000000000000 ) ) ;
#863 = ORIENTED_EDGE ( 'NONE', *, *, #176, .F. ) ;
#864 = DIRECTION ( 'NONE',  ( 1.000000000000000000, 0.000000000000000000, 0.000000000000000000 ) ) ;
#865 = ORIENTED_EDGE ( 'NONE', *, *, #507, .F. ) ;
#866 = CARTESIAN_POINT ( 'NONE',  ( -13.00875480091207592, -19.52082945453180329, 998.2617465664258134 ) ) ;
#867 = CARTESIAN_POINT ( 'NONE',  ( 32.42847732750293233, 22.32163583045518962, 998.7617465664258134 ) ) ;
#868 = LINE ( 'NONE', #2256, #2280 ) ;
#869 = EDGE_CURVE ( 'NONE', #1165, #1177, #636, .T. ) ;
#870 = EDGE_CURVE ( 'NONE', #64, #1677, #1370, .T. ) ;
#871 = DIRECTION ( 'NONE',  ( -1.000000000000000000, 0.000000000000000000, 0.000000000000000000 ) ) ;
#872 = ORIENTED_EDGE ( 'NONE', *, *, #815, .T. ) ;
#873 = PLANE ( 'NONE',  #452 ) ;
#874 = CARTESIAN_POINT ( 'NONE',  ( -20.87579369198158474, -22.15303777888381731, 996.7617465664258134 ) ) ;
#875 = EDGE_CURVE ( 'NONE', #64, #1782, #1416, .T. ) ;
#876 = LINE ( 'NONE', #3699, #2356 ) ;
#877 = VERTEX_POINT ( 'NONE', #3095 ) ;
#878 = CARTESIAN_POINT ( 'NONE',  ( 13.60217230114492359, -19.52082945453181040, 998.2617465664258134 ) ) ;
#879 = EDGE_CURVE ( 'NONE', #4232, #588, #4505, .T. ) ;
#880 = ORIENTED_EDGE ( 'NONE', *, *, #2378, .F. ) ;
#881 = LINE ( 'NONE', #3637, #1224 ) ;
#882 = DIRECTION ( 'NONE',  ( 1.000000000000000000, 0.000000000000000000, 0.000000000000000000 ) ) ;
#883 = CARTESIAN_POINT ( 'NONE',  ( 12.10217230114492715, -13.12088745453381122, 994.7617465664258134 ) ) ;
#884 = ORIENTED_EDGE ( 'NONE', *, *, #2712, .T. ) ;
#885 = CARTESIAN_POINT ( 'NONE',  ( 35.07158772934652546, 6.577967428120429894, 996.7617465664258134 ) ) ;
#886 = ORIENTED_EDGE ( 'NONE', *, *, #3706, .F. ) ;
#887 = DIRECTION ( 'NONE',  ( 1.000000000000000000, 0.000000000000000000, 0.000000000000000000 ) ) ;
#888 = LINE ( 'NONE', #500, #1553 ) ;
#889 = DIRECTION ( 'NONE',  ( -0.000000000000000000, -0.000000000000000000, -1.000000000000000000 ) ) ;
#890 = DIRECTION ( 'NONE',  ( -0.000000000000000000, 0.000000000000000000, -1.000000000000000000 ) ) ;
#891 = VERTEX_POINT ( 'NONE', #1349 ) ;
#892 = EDGE_CURVE ( 'NONE', #2548, #2665, #1116, .T. ) ;
#893 = EDGE_CURVE ( 'NONE', #3413, #4143, #1389, .T. ) ;
#894 = FACE_BOUND ( 'NONE', #356, .T. ) ;
#895 = FACE_OUTER_BOUND ( 'NONE', #2929, .T. ) ;
#896 = VERTEX_POINT ( 'NONE', #2857 ) ;
#897 = VECTOR ( 'NONE', #3078, 1000.000000000000000 ) ;
#898 = DIRECTION ( 'NONE',  ( -0.000000000000000000, -0.000000000000000000, -1.000000000000000000 ) ) ;
#899 = VERTEX_POINT ( 'NONE', #3919 ) ;
#900 = CARTESIAN_POINT ( 'NONE',  ( 31.10627501784522053, -9.904726882270324495, 998.7617465664258134 ) ) ;
#901 = ORIENTED_EDGE ( 'NONE', *, *, #3292, .T. ) ;
#902 = DIRECTION ( 'NONE',  ( 1.000000000000000000, 0.000000000000000000, 0.000000000000000000 ) ) ;
#903 = EDGE_CURVE ( 'NONE', #2697, #2999, #3143, .T. ) ;
#904 = DIRECTION ( 'NONE',  ( -1.777399113065546671E-16, 1.000000000000000000, 0.000000000000000000 ) ) ;
#905 = AXIS2_PLACEMENT_3D ( 'NONE', #1740, #3486, #4545 ) ;
#906 = VECTOR ( 'NONE', #3630, 1000.000000000000000 ) ;
#907 = DIRECTION ( 'NONE',  ( 0.000000000000000000, 0.000000000000000000, 1.000000000000000000 ) ) ;
#908 = VERTEX_POINT ( 'NONE', #2144 ) ;
#909 = DIRECTION ( 'NONE',  ( 0.000000000000000000, -1.000000000000000000, 0.000000000000000000 ) ) ;
#910 = EDGE_LOOP ( 'NONE', ( #1113, #1817, #3014, #310 ) ) ;
#911 = CIRCLE ( 'NONE', #2667, 0.5743212343493758754 ) ;
#912 = AXIS2_PLACEMENT_3D ( 'NONE', #342, #1356, #3149 ) ;
#913 = AXIS2_PLACEMENT_3D ( 'NONE', #403, #723, #2094 ) ;
#914 = EDGE_CURVE ( 'NONE', #4376, #2996, #3984, .T. ) ;
#915 = VERTEX_POINT ( 'NONE', #4244 ) ;
#916 = DIRECTION ( 'NONE',  ( 0.000000000000000000, 0.000000000000000000, 1.000000000000000000 ) ) ;
#917 = AXIS2_PLACEMENT_3D ( 'NONE', #490, #2224, #4375 ) ;
#918 = PLANE ( 'NONE',  #2953 ) ;
#919 = VECTOR ( 'NONE', #1672, 1000.000000000000000 ) ;
#920 = CYLINDRICAL_SURFACE ( 'NONE', #3073, 4.999999999999997335 ) ;
#921 = VERTEX_POINT ( 'NONE', #1438 ) ;
#922 = CIRCLE ( 'NONE', #994, 0.9842597834286564984 ) ;
#923 = VECTOR ( 'NONE', #496, 1000.000000000000000 ) ;
#924 = DIRECTION ( 'NONE',  ( 1.000000000000000000, 0.000000000000000000, 0.000000000000000000 ) ) ;
#925 = CARTESIAN_POINT ( 'NONE',  ( 16.94730311120392940, -21.02082945453181395, 998.7617465664258134 ) ) ;
#926 = EDGE_CURVE ( 'NONE', #1658, #1016, #2835, .T. ) ;
#927 = VERTEX_POINT ( 'NONE', #1050 ) ;
#928 = FACE_OUTER_BOUND ( 'NONE', #4220, .T. ) ;
#929 = ORIENTED_EDGE ( 'NONE', *, *, #4550, .T. ) ;
#930 = DIRECTION ( 'NONE',  ( -0.000000000000000000, 0.000000000000000000, 1.000000000000000000 ) ) ;
#931 = ORIENTED_EDGE ( 'NONE', *, *, #2998, .T. ) ;
#932 = FACE_OUTER_BOUND ( 'NONE', #443, .T. ) ;
#933 = EDGE_CURVE ( 'NONE', #4312, #4304, #2581, .T. ) ;
#934 = DIRECTION ( 'NONE',  ( -0.000000000000000000, -0.000000000000000000, -1.000000000000000000 ) ) ;
#935 = CARTESIAN_POINT ( 'NONE',  ( 35.64590896369590212, 8.577967428120430782, 996.7617465664258134 ) ) ;
#936 = ORIENTED_EDGE ( 'NONE', *, *, #2490, .T. ) ;
#937 = DIRECTION ( 'NONE',  ( -0.000000000000000000, -0.000000000000000000, -1.000000000000000000 ) ) ;
#938 = EDGE_CURVE ( 'NONE', #404, #64, #1075, .T. ) ;
#939 = EDGE_LOOP ( 'NONE', ( #4235, #3763, #1603, #4001 ) ) ;
#940 = ORIENTED_EDGE ( 'NONE', *, *, #1011, .T. ) ;
#941 = CARTESIAN_POINT ( 'NONE',  ( -0.7488564009130722621, -19.52082945453180685, 998.2617465664258134 ) ) ;
#942 = VECTOR ( 'NONE', #974, 1000.000000000000000 ) ;
#943 = CYLINDRICAL_SURFACE ( 'NONE', #3177, 2.032057280119223375 ) ;
#944 = CARTESIAN_POINT ( 'NONE',  ( -34.41089783250500034, -7.232593278003827564, 994.7617465664258134 ) ) ;
#945 = LINE ( 'NONE', #1331, #919 ) ;
#946 = LINE ( 'NONE', #2703, #322 ) ;
#947 = AXIS2_PLACEMENT_3D ( 'NONE', #3246, #1564, #3276 ) ;
#948 = VERTEX_POINT ( 'NONE', #2879 ) ;
#949 = DIRECTION ( 'NONE',  ( -0.000000000000000000, -0.000000000000000000, 1.000000000000000000 ) ) ;
#950 = ORIENTED_EDGE ( 'NONE', *, *, #428, .F. ) ;
#951 = DIRECTION ( 'NONE',  ( -0.000000000000000000, -0.000000000000000000, -1.000000000000000000 ) ) ;
#952 = ORIENTED_EDGE ( 'NONE', *, *, #3508, .T. ) ;
#953 = CARTESIAN_POINT ( 'NONE',  ( -16.59988510297007025, -14.12088745453381122, 994.7617465664258134 ) ) ;
#954 = FACE_OUTER_BOUND ( 'NONE', #1643, .T. ) ;
#955 = EDGE_CURVE ( 'NONE', #1867, #3225, #3573, .T. ) ;
#956 = EDGE_CURVE ( 'NONE', #2590, #643, #2960, .T. ) ;
#957 = CARTESIAN_POINT ( 'NONE',  ( 12.10217230114492715, -19.52082945453181040, 998.2617465664258134 ) ) ;
#958 = ORIENTED_EDGE ( 'NONE', *, *, #507, .T. ) ;
#959 = CARTESIAN_POINT ( 'NONE',  ( 28.20720151120292840, -19.52082945453180685, 998.2617465664258134 ) ) ;
#960 = ORIENTED_EDGE ( 'NONE', *, *, #1040, .T. ) ;
#961 = VERTEX_POINT ( 'NONE', #1474 ) ;
#962 = CARTESIAN_POINT ( 'NONE',  ( -42.97721736514308333, 17.32163583045519317, 996.7617465664258134 ) ) ;
#963 = PLANE ( 'NONE',  #3606 ) ;
#964 = CARTESIAN_POINT ( 'NONE',  ( -12.00875480091207592, -13.12088745453381122, 994.7617465664258134 ) ) ;
#965 = ORIENTED_EDGE ( 'NONE', *, *, #3096, .F. ) ;
#966 = EDGE_CURVE ( 'NONE', #215, #1810, #1826, .T. ) ;
#967 = PLANE ( 'NONE',  #327 ) ;
#968 = CARTESIAN_POINT ( 'NONE',  ( -42.97721736514308333, -19.65303777888381731, 998.7617465664258134 ) ) ;
#969 = EDGE_LOOP ( 'NONE', ( #1388, #3873, #2074, #2238 ) ) ;
#970 = CC_DESIGN_DATE_AND_TIME_ASSIGNMENT ( #451, #1477, ( #4023 ) ) ;
#971 = DIRECTION ( 'NONE',  ( 1.000000000000000000, 0.000000000000000000, 0.000000000000000000 ) ) ;
#972 = ORIENTED_EDGE ( 'NONE', *, *, #4227, .T. ) ;
#973 = ORIENTED_EDGE ( 'NONE', *, *, #2264, .F. ) ;
#974 = DIRECTION ( 'NONE',  ( -1.000000000000000000, 0.000000000000000000, 0.000000000000000000 ) ) ;
#975 = AXIS2_PLACEMENT_3D ( 'NONE', #599, #1378, #1335 ) ;
#976 = LINE ( 'NONE', #2432, #1415 ) ;
#977 = LINE ( 'NONE', #3089, #4357 ) ;
#978 = VERTEX_POINT ( 'NONE', #3549 ) ;
#979 = CARTESIAN_POINT ( 'NONE',  ( 35.92847732750293943, 8.077967428120427229, 996.7617465664258134 ) ) ;
#980 = ORIENTED_EDGE ( 'NONE', *, *, #3211, .T. ) ;
#981 = EDGE_CURVE ( 'NONE', #2198, #185, #4290, .T. ) ;
#982 = VECTOR ( 'NONE', #2099, 1000.000000000000000 ) ;
#983 = AXIS2_PLACEMENT_3D ( 'NONE', #3359, #3972, #1533 ) ;
#984 = ORIENTED_EDGE ( 'NONE', *, *, #1900, .F. ) ;
#985 = DIRECTION ( 'NONE',  ( 0.000000000000000000, 0.000000000000000000, 1.000000000000000000 ) ) ;
#986 = LINE ( 'NONE', #295, #2425 ) ;
#987 = CARTESIAN_POINT ( 'NONE',  ( 2.342273901145924153, -14.12088745453381122, 994.7617465664258134 ) ) ;
#988 = AXIS2_PLACEMENT_3D ( 'NONE', #1205, #1910, #1937 ) ;
#989 = DIRECTION ( 'NONE',  ( 8.417240438664429301E-16, 1.000000000000000000, 0.000000000000000000 ) ) ;
#990 = VECTOR ( 'NONE', #485, 1000.000000000000000 ) ;
#991 = CYLINDRICAL_SURFACE ( 'NONE', #530, 4.500000000000003553 ) ;
#992 = EDGE_CURVE ( 'NONE', #2495, #1792, #4138, .T. ) ;
#993 = ORIENTED_EDGE ( 'NONE', *, *, #837, .T. ) ;
#994 = AXIS2_PLACEMENT_3D ( 'NONE', #2151, #3600, #1853 ) ;
#995 = AXIS2_PLACEMENT_3D ( 'NONE', #2556, #1187, #2576 ) ;
#996 = DIRECTION ( 'NONE',  ( 0.000000000000000000, -0.000000000000000000, 1.000000000000000000 ) ) ;
#997 = ORIENTED_EDGE ( 'NONE', *, *, #2097, .T. ) ;
#998 = ORIENTED_EDGE ( 'NONE', *, *, #1238, .T. ) ;
#999 = CARTESIAN_POINT ( 'NONE',  ( 32.42847732750293233, -19.65303777888381731, 996.7617465664258134 ) ) ;
#1000 = CARTESIAN_POINT ( 'NONE',  ( -18.87579369198156698, 19.82163583045519317, 994.7617465664258134 ) ) ;
#1001 = FACE_OUTER_BOUND ( 'NONE', #1999, .T. ) ;
#1002 = EDGE_LOOP ( 'NONE', ( #2102, #3383, #3977, #929 ) ) ;
#1003 = CARTESIAN_POINT ( 'NONE',  ( -27.35978350296907280, -19.52082945453181040, 994.7617465664258134 ) ) ;
#1004 = ORIENTED_EDGE ( 'NONE', *, *, #649, .F. ) ;
#1005 = ORIENTED_EDGE ( 'NONE', *, *, #280, .F. ) ;
#1006 = DIRECTION ( 'NONE',  ( 0.000000000000000000, 0.000000000000000000, 1.000000000000000000 ) ) ;
#1007 = CARTESIAN_POINT ( 'NONE',  ( -32.74585850072318038, -14.23259327800182739, 994.7617465664258134 ) ) ;
#1008 = CARTESIAN_POINT ( 'NONE',  ( -2.248856400913074705, -19.52082945453180685, 998.7617465664258134 ) ) ;
#1009 = FACE_OUTER_BOUND ( 'NONE', #145, .T. ) ;
#1010 = ADVANCED_FACE ( 'NONE', ( #3230 ), #81, .T. ) ;
#1011 = EDGE_CURVE ( 'NONE', #154, #3093, #3853, .T. ) ;
#1012 = CARTESIAN_POINT ( 'NONE',  ( -20.87579369198158474, -22.15303777888381731, 994.7617465664258134 ) ) ;
#1013 = ORIENTED_EDGE ( 'NONE', *, *, #1719, .T. ) ;
#1014 = DIRECTION ( 'NONE',  ( 0.000000000000000000, 0.000000000000000000, 1.000000000000000000 ) ) ;
#1015 = ORIENTED_EDGE ( 'NONE', *, *, #870, .F. ) ;
#1016 = VERTEX_POINT ( 'NONE', #2120 ) ;
#1017 = CARTESIAN_POINT ( 'NONE',  ( -18.12579369198156698, 20.82163583045519673, 996.7617465664258134 ) ) ;
#1018 = AXIS2_PLACEMENT_3D ( 'NONE', #1539, #835, #102 ) ;
#1019 = DIRECTION ( 'NONE',  ( 4.179698103316837663E-16, -1.000000000000000000, 0.000000000000000000 ) ) ;
#1020 = EDGE_CURVE ( 'NONE', #747, #1538, #357, .T. ) ;
#1021 = CARTESIAN_POINT ( 'NONE',  ( 35.07158772934652546, 6.577967428120429894, 996.7617465664258134 ) ) ;
#1022 = ORIENTED_EDGE ( 'NONE', *, *, #1878, .T. ) ;
#1023 = CYLINDRICAL_SURFACE ( 'NONE', #1791, 0.9842597834286564984 ) ;
#1024 = LOCAL_TIME ( 17, 49, 39.00000000000000000, #777 ) ;
#1025 = ORIENTED_EDGE ( 'NONE', *, *, #1517, .F. ) ;
#1026 = ORIENTED_EDGE ( 'NONE', *, *, #1781, .F. ) ;
#1027 = DIRECTION ( 'NONE',  ( -0.000000000000000000, -0.000000000000000000, 1.000000000000000000 ) ) ;
#1028 = LINE ( 'NONE', #2750, #3653 ) ;
#1029 = ORIENTED_EDGE ( 'NONE', *, *, #3145, .F. ) ;
#1030 = CARTESIAN_POINT ( 'NONE',  ( 2.342273901145924153, -14.12088745453381122, 994.7617465664258134 ) ) ;
#1031 = DIRECTION ( 'NONE',  ( -0.000000000000000000, -0.000000000000000000, 1.000000000000000000 ) ) ;
#1032 = PLANE ( 'NONE',  #3701 ) ;
#1033 = ORIENTED_EDGE ( 'NONE', *, *, #992, .T. ) ;
#1034 = ADVANCED_FACE ( 'NONE', ( #3165 ), #16, .F. ) ;
#1035 = EDGE_CURVE ( 'NONE', #3190, #2021, #3523, .T. ) ;
#1036 = FACE_OUTER_BOUND ( 'NONE', #311, .T. ) ;
#1037 = CARTESIAN_POINT ( 'NONE',  ( 16.94730311120392940, -19.52082945453180685, 994.7617465664258134 ) ) ;
#1038 = ORIENTED_EDGE ( 'NONE', *, *, #3757, .F. ) ;
#1039 = DIRECTION ( 'NONE',  ( -0.000000000000000000, -0.000000000000000000, -1.000000000000000000 ) ) ;
#1040 = EDGE_CURVE ( 'NONE', #476, #4124, #1589, .T. ) ;
#1041 = CARTESIAN_POINT ( 'NONE',  ( 35.92847732750293943, 7.077967428120427229, 996.7617465664258134 ) ) ;
#1042 = DIRECTION ( 'NONE',  ( 0.000000000000000000, -0.000000000000000000, -1.000000000000000000 ) ) ;
#1043 = ORIENTED_EDGE ( 'NONE', *, *, #3792, .F. ) ;
#1044 = DIRECTION ( 'NONE',  ( 1.000000000000000000, -7.109596452262186684E-16, 0.000000000000000000 ) ) ;
#1045 = VECTOR ( 'NONE', #4087, 1000.000000000000000 ) ;
#1046 = VECTOR ( 'NONE', #1516, 1000.000000000000000 ) ;
#1047 = ORIENTED_EDGE ( 'NONE', *, *, #1152, .F. ) ;
#1048 = EDGE_CURVE ( 'NONE', #2908, #3962, #318, .T. ) ;
#1049 = ORIENTED_EDGE ( 'NONE', *, *, #2169, .F. ) ;
#1050 = CARTESIAN_POINT ( 'NONE',  ( 35.07158772934652546, 6.577967428120429894, 994.7617465664258134 ) ) ;
#1051 = LINE ( 'NONE', #1741, #2790 ) ;
#1052 = VERTEX_POINT ( 'NONE', #1890 ) ;
#1053 = FACE_OUTER_BOUND ( 'NONE', #2503, .T. ) ;
#1054 = DIRECTION ( 'NONE',  ( -1.000000000000000000, 0.000000000000000000, 0.000000000000000000 ) ) ;
#1055 = AXIS2_PLACEMENT_3D ( 'NONE', #4460, #294, #2415 ) ;
#1056 = CARTESIAN_POINT ( 'NONE',  ( 29.57421773772599849, -9.904726882270324495, 994.7617465664258134 ) ) ;
#1057 = AXIS2_PLACEMENT_3D ( 'NONE', #143, #2312, #1237 ) ;
#1058 = AXIS2_PLACEMENT_3D ( 'NONE', #1386, #2185, #2926 ) ;
#1059 = ORIENTED_EDGE ( 'NONE', *, *, #1685, .F. ) ;
#1060 = VECTOR ( 'NONE', #2672, 1000.000000000000000 ) ;
#1061 = CARTESIAN_POINT ( 'NONE',  ( 12.10217230114492715, -13.12088745453381122, 994.7617465664258134 ) ) ;
#1062 = CARTESIAN_POINT ( 'NONE',  ( 12.10217230114492715, -13.12088745453381122, 994.7617465664258134 ) ) ;
#1063 = VERTEX_POINT ( 'NONE', #2950 ) ;
#1064 = CARTESIAN_POINT ( 'NONE',  ( 27.70720151120292840, -19.52082945453180685, 994.7617465664258134 ) ) ;
#1065 = AXIS2_PLACEMENT_3D ( 'NONE', #478, #4010, #2192 ) ;
#1066 = LINE ( 'NONE', #2546, #1848 ) ;
#1067 = CIRCLE ( 'NONE', #2453, 1.500000000000001332 ) ;
#1068 = EDGE_CURVE ( 'NONE', #2769, #4172, #2598, .T. ) ;
#1069 = CARTESIAN_POINT ( 'NONE',  ( -12.00875480091207592, -14.12088745453381122, 994.7617465664258134 ) ) ;
#1070 = ADVANCED_FACE ( 'NONE', ( #3592 ), #4402, .F. ) ;
#1071 = ORIENTED_EDGE ( 'NONE', *, *, #176, .T. ) ;
#1072 = CARTESIAN_POINT ( 'NONE',  ( 28.20720151120292840, -14.12088745453381122, 998.2617465664258134 ) ) ;
#1073 = ORIENTED_EDGE ( 'NONE', *, *, #2772, .T. ) ;
#1074 = ORIENTED_EDGE ( 'NONE', *, *, #788, .F. ) ;
#1075 = LINE ( 'NONE', #2170, #3185 ) ;
#1076 = EDGE_CURVE ( 'NONE', #3156, #3940, #2660, .T. ) ;
#1077 = DATE_AND_TIME ( #360, #2403 ) ;
#1078 = ORIENTED_EDGE ( 'NONE', *, *, #2096, .F. ) ;
#1079 = LINE ( 'NONE', #1123, #1278 ) ;
#1080 = CARTESIAN_POINT ( 'NONE',  ( -12.00875480091207592, -21.02082945453180685, 998.2617465664258134 ) ) ;
#1081 = FACE_OUTER_BOUND ( 'NONE', #707, .T. ) ;
#1082 = ORIENTED_EDGE ( 'NONE', *, *, #3000, .T. ) ;
#1083 = CIRCLE ( 'NONE', #2838, 1.000000000000002665 ) ;
#1084 = CARTESIAN_POINT ( 'NONE',  ( -36.97721736514306201, -23.15303777888382086, 994.7617465664258134 ) ) ;
#1085 = CARTESIAN_POINT ( 'NONE',  ( -16.59988510297007025, -13.12088745453380945, 994.7617465664258134 ) ) ;
#1086 = VERTEX_POINT ( 'NONE', #2270 ) ;
#1087 = CARTESIAN_POINT ( 'NONE',  ( 16.94730311120392585, -13.12088745453381122, 998.2617465664258134 ) ) ;
#1088 = LINE ( 'NONE', #1157, #4499 ) ;
#1089 = AXIS2_PLACEMENT_3D ( 'NONE', #4436, #4337, #1284 ) ;
#1090 = CARTESIAN_POINT ( 'NONE',  ( -18.12579369198158119, -23.15303777888382086, 994.7617465664258134 ) ) ;
#1091 = ORIENTED_EDGE ( 'NONE', *, *, #3810, .F. ) ;
#1092 = CARTESIAN_POINT ( 'NONE',  ( 2.342273901145924153, -14.12088745453381122, 998.2617465664258134 ) ) ;
#1093 = ORIENTED_EDGE ( 'NONE', *, *, #3229, .T. ) ;
#1094 = EDGE_CURVE ( 'NONE', #3278, #365, #1541, .T. ) ;
#1095 = EDGE_CURVE ( 'NONE', #1063, #714, #4066, .T. ) ;
#1096 = VERTEX_POINT ( 'NONE', #3639 ) ;
#1097 = CARTESIAN_POINT ( 'NONE',  ( 31.10627501784522053, -18.16472688226932064, 998.2617465664258134 ) ) ;
#1098 = ORIENTED_EDGE ( 'NONE', *, *, #2019, .T. ) ;
#1099 = DATE_AND_TIME ( #1505, #1321 ) ;
#1100 = ORIENTED_EDGE ( 'NONE', *, *, #2830, .F. ) ;
#1101 = CARTESIAN_POINT ( 'NONE',  ( -2.248856400913074705, -20.52082945453181395, 994.7617465664258134 ) ) ;
#1102 = CARTESIAN_POINT ( 'NONE',  ( 13.32705365434144440, 19.82163583045518962, 996.7617465664258134 ) ) ;
#1103 = CARTESIAN_POINT ( 'NONE',  ( -15.59988510297007025, -14.12088745453381122, 994.7617465664258134 ) ) ;
#1104 = ORIENTED_EDGE ( 'NONE', *, *, #879, .F. ) ;
#1105 = ADVANCED_FACE ( 'NONE', ( #108 ), #2570, .F. ) ;
#1106 = FACE_OUTER_BOUND ( 'NONE', #42, .T. ) ;
#1107 = PLANE ( 'NONE',  #4358 ) ;
#1108 = ORIENTED_EDGE ( 'NONE', *, *, #1184, .T. ) ;
#1109 = CARTESIAN_POINT ( 'NONE',  ( 16.94730311120392940, -21.02082945453181395, 998.2617465664258134 ) ) ;
#1110 = CC_DESIGN_PERSON_AND_ORGANIZATION_ASSIGNMENT ( #2859, #379, ( #3001 ) ) ;
#1111 = CARTESIAN_POINT ( 'NONE',  ( -2.248856400913074260, -14.12088745453381122, 998.2617465664258134 ) ) ;
#1112 = DIRECTION ( 'NONE',  ( 0.000000000000000000, 0.000000000000000000, 1.000000000000000000 ) ) ;
#1113 = ORIENTED_EDGE ( 'NONE', *, *, #1040, .F. ) ;
#1114 = FACE_BOUND ( 'NONE', #806, .T. ) ;
#1115 = EDGE_LOOP ( 'NONE', ( #632, #3550, #4528, #407, #3385, #763, #1073, #2093 ) ) ;
#1116 = LINE ( 'NONE', #3189, #2362 ) ;
#1117 = VERTEX_POINT ( 'NONE', #1225 ) ;
#1118 = VECTOR ( 'NONE', #1731, 1000.000000000000000 ) ;
#1119 = EDGE_CURVE ( 'NONE', #1159, #2084, #1419, .T. ) ;
#1120 = ORIENTED_EDGE ( 'NONE', *, *, #3061, .F. ) ;
#1121 = VECTOR ( 'NONE', #3624, 1000.000000000000000 ) ;
#1122 = AXIS2_PLACEMENT_3D ( 'NONE', #1812, #3598, #3857 ) ;
#1123 = CARTESIAN_POINT ( 'NONE',  ( -27.35978350296907280, -14.12088745453381122, 994.7617465664258134 ) ) ;
#1124 = LINE ( 'NONE', #1394, #1703 ) ;
#1125 = CARTESIAN_POINT ( 'NONE',  ( -41.47721736514306201, 16.32163583045519673, 996.7617465664258134 ) ) ;
#1126 = ADVANCED_FACE ( 'NONE', ( #3320 ), #2619, .F. ) ;
#1127 = AXIS2_PLACEMENT_3D ( 'NONE', #1942, #2235, #2577 ) ;
#1128 = ORIENTED_EDGE ( 'NONE', *, *, #2154, .T. ) ;
#1129 = DIRECTION ( 'NONE',  ( -0.000000000000000000, -0.000000000000000000, -1.000000000000000000 ) ) ;
#1130 = VECTOR ( 'NONE', #1616, 1000.000000000000000 ) ;
#1131 = VECTOR ( 'NONE', #4068, 1000.000000000000000 ) ;
#1132 = DIRECTION ( 'NONE',  ( -0.000000000000000000, -0.000000000000000000, -1.000000000000000000 ) ) ;
#1133 = EDGE_CURVE ( 'NONE', #3859, #961, #3985, .T. ) ;
#1134 = ORIENTED_EDGE ( 'NONE', *, *, #3846, .T. ) ;
#1135 = VECTOR ( 'NONE', #3021, 1000.000000000000000 ) ;
#1136 = LINE ( 'NONE', #2182, #524 ) ;
#1137 = DIRECTION ( 'NONE',  ( 6.424970771824770971E-16, 1.000000000000000000, 0.000000000000000000 ) ) ;
#1138 = VECTOR ( 'NONE', #2840, 1000.000000000000000 ) ;
#1139 = ORIENTED_EDGE ( 'NONE', *, *, #1856, .T. ) ;
#1140 = FACE_OUTER_BOUND ( 'NONE', #2111, .T. ) ;
#1141 = EDGE_LOOP ( 'NONE', ( #3141, #4466, #3747, #2951 ) ) ;
#1142 = CIRCLE ( 'NONE', #1869, 0.9842597834286634928 ) ;
#1143 = VECTOR ( 'NONE', #1875, 1000.000000000000000 ) ;
#1144 = CARTESIAN_POINT ( 'NONE',  ( -26.35978350296907280, -13.12088745453381300, 994.7617465664258134 ) ) ;
#1145 = DATE_TIME_ROLE ( 'classification_date' ) ;
#1146 = VERTEX_POINT ( 'NONE', #1568 ) ;
#1147 = DIRECTION ( 'NONE',  ( -0.000000000000000000, -0.000000000000000000, 1.000000000000000000 ) ) ;
#1148 = DIRECTION ( 'NONE',  ( -0.000000000000000000, -0.000000000000000000, -1.000000000000000000 ) ) ;
#1149 = FACE_OUTER_BOUND ( 'NONE', #3913, .T. ) ;
#1150 = ORIENTED_EDGE ( 'NONE', *, *, #590, .F. ) ;
#1151 = ADVANCED_FACE ( 'NONE', ( #2974 ), #3942, .T. ) ;
#1152 = EDGE_CURVE ( 'NONE', #2310, #1209, #2003, .T. ) ;
#1153 = LINE ( 'NONE', #3603, #85 ) ;
#1154 = DIRECTION ( 'NONE',  ( -1.000000000000000000, 0.000000000000000000, 0.000000000000000000 ) ) ;
#1155 = ORIENTED_EDGE ( 'NONE', *, *, #1238, .F. ) ;
#1156 = EDGE_CURVE ( 'NONE', #344, #3569, #839, .T. ) ;
#1157 = CARTESIAN_POINT ( 'NONE',  ( -10.13876750091207413, -20.52082945453181040, 998.2617465664258134 ) ) ;
#1158 = CARTESIAN_POINT ( 'NONE',  ( -40.62032776698665515, -8.909369376549067354, 994.7617465664258134 ) ) ;
#1159 = VERTEX_POINT ( 'NONE', #3961 ) ;
#1160 = PLANE ( 'NONE',  #2366 ) ;
#1161 = ORIENTED_EDGE ( 'NONE', *, *, #3292, .F. ) ;
#1162 = AXIS2_PLACEMENT_3D ( 'NONE', #3157, #3537, #695 ) ;
#1163 = EDGE_CURVE ( 'NONE', #174, #2553, #814, .T. ) ;
#1164 = DIRECTION ( 'NONE',  ( 0.000000000000000000, 0.000000000000000000, 1.000000000000000000 ) ) ;
#1165 = VERTEX_POINT ( 'NONE', #1871 ) ;
#1166 = LINE ( 'NONE', #3661, #330 ) ;
#1167 = VERTEX_POINT ( 'NONE', #4331 ) ;
#1168 = CARTESIAN_POINT ( 'NONE',  ( -20.37579369198158474, -23.15303777888382086, 996.7617465664258134 ) ) ;
#1169 = CARTESIAN_POINT ( 'NONE',  ( -2.248856400913074260, -14.12088745453381122, 994.7617465664258134 ) ) ;
#1170 = DIRECTION ( 'NONE',  ( -1.000000000000000000, 0.000000000000000000, 0.000000000000000000 ) ) ;
#1171 = ORIENTED_EDGE ( 'NONE', *, *, #3613, .F. ) ;
#1172 = LINE ( 'NONE', #2985, #4365 ) ;
#1173 = FACE_OUTER_BOUND ( 'NONE', #2, .T. ) ;
#1174 = EDGE_CURVE ( 'NONE', #3225, #2682, #2443, .T. ) ;
#1175 = EDGE_CURVE ( 'NONE', #2665, #4272, #2005, .T. ) ;
#1176 = CARTESIAN_POINT ( 'NONE',  ( -12.00875480091207592, -19.52082945453180329, 998.2617465664258134 ) ) ;
#1177 = VERTEX_POINT ( 'NONE', #288 ) ;
#1178 = CARTESIAN_POINT ( 'NONE',  ( -16.59988510297007025, -12.62088745453381122, 998.2617465664258134 ) ) ;
#1179 = ORIENTED_EDGE ( 'NONE', *, *, #755, .T. ) ;
#1180 = CARTESIAN_POINT ( 'NONE',  ( 32.63833229796444613, -18.16472688226932064, 994.7617465664258134 ) ) ;
#1181 = CARTESIAN_POINT ( 'NONE',  ( 16.07705365434141953, -23.15303777888381376, 996.7617465664258134 ) ) ;
#1182 = ORIENTED_EDGE ( 'NONE', *, *, #1685, .T. ) ;
#1183 = DIRECTION ( 'NONE',  ( 0.000000000000000000, 0.000000000000000000, 1.000000000000000000 ) ) ;
#1184 = EDGE_CURVE ( 'NONE', #4541, #908, #977, .T. ) ;
#1185 = VECTOR ( 'NONE', #1769, 1000.000000000000000 ) ;
#1186 = ORIENTED_EDGE ( 'NONE', *, *, #4438, .F. ) ;
#1187 = DIRECTION ( 'NONE',  ( 0.000000000000000000, 0.000000000000000000, 1.000000000000000000 ) ) ;
#1188 = DIRECTION ( 'NONE',  ( 4.015606732390484938E-17, -1.000000000000000000, 0.000000000000000000 ) ) ;
#1189 = PLANE ( 'NONE',  #3102 ) ;
#1190 = CARTESIAN_POINT ( 'NONE',  ( 15.44730311120392763, -14.12088745453381122, 998.2617465664258134 ) ) ;
#1191 = ORIENTED_EDGE ( 'NONE', *, *, #3282, .T. ) ;
#1192 = CARTESIAN_POINT ( 'NONE',  ( 35.07158772934651836, -8.909369376549079789, 996.7617465664258134 ) ) ;
#1193 = CARTESIAN_POINT ( 'NONE',  ( 33.13833229796444613, -9.904726882270324495, 998.2617465664258134 ) ) ;
#1194 = VECTOR ( 'NONE', #378, 1000.000000000000000 ) ;
#1195 = FACE_OUTER_BOUND ( 'NONE', #3682, .T. ) ;
#1196 = ORIENTED_EDGE ( 'NONE', *, *, #2609, .T. ) ;
#1197 = DIRECTION ( 'NONE',  ( -1.000000000000000000, 2.089849051658415380E-16, 0.000000000000000000 ) ) ;
#1198 = ORIENTED_EDGE ( 'NONE', *, *, #3560, .T. ) ;
#1199 = LINE ( 'NONE', #3939, #1586 ) ;
#1200 = CIRCLE ( 'NONE', #3407, 1.500000000000001332 ) ;
#1201 = AXIS2_PLACEMENT_3D ( 'NONE', #3482, #2463, #3542 ) ;
#1202 = LINE ( 'NONE', #4025, #3397 ) ;
#1203 = EDGE_CURVE ( 'NONE', #1437, #2393, #4476, .T. ) ;
#1204 = AXIS2_PLACEMENT_3D ( 'NONE', #1762, #3526, #2173 ) ;
#1205 = CARTESIAN_POINT ( 'NONE',  ( -2.248856400913074260, -14.12088745453381122, 998.2617465664258134 ) ) ;
#1206 = ORIENTED_EDGE ( 'NONE', *, *, #255, .F. ) ;
#1207 = DIRECTION ( 'NONE',  ( 0.000000000000000000, 0.000000000000000000, 1.000000000000000000 ) ) ;
#1208 = CIRCLE ( 'NONE', #1358, 2.032057280119223375 ) ;
#1209 = VERTEX_POINT ( 'NONE', #3070 ) ;
#1210 = ADVANCED_FACE ( 'NONE', ( #1001 ), #1323, .F. ) ;
#1211 = FACE_OUTER_BOUND ( 'NONE', #3441, .T. ) ;
#1212 = CARTESIAN_POINT ( 'NONE',  ( -42.97721736514308333, 17.32163583045519317, 998.7617465664258134 ) ) ;
#1213 = PLANE ( 'NONE',  #458 ) ;
#1214 = CARTESIAN_POINT ( 'NONE',  ( 15.44730311120392763, -14.12088745453381122, 998.2617465664258134 ) ) ;
#1215 = ORIENTED_EDGE ( 'NONE', *, *, #1656, .T. ) ;
#1216 = CARTESIAN_POINT ( 'NONE',  ( 35.92847732750293943, 8.077967428120429005, 994.7617465664258134 ) ) ;
#1217 = LINE ( 'NONE', #874, #1347 ) ;
#1218 = CARTESIAN_POINT ( 'NONE',  ( -16.59988510297007025, -19.52082945453180685, 998.2617465664258134 ) ) ;
#1219 = ORIENTED_EDGE ( 'NONE', *, *, #1652, .T. ) ;
#1220 = CARTESIAN_POINT ( 'NONE',  ( 13.82705365434144618, 20.82163583045519317, 996.7617465664258134 ) ) ;
#1221 = ORIENTED_EDGE ( 'NONE', *, *, #2213, .F. ) ;
#1222 = CARTESIAN_POINT ( 'NONE',  ( 15.94730311120392763, -14.12088745453381122, 994.7617465664258134 ) ) ;
#1223 = DIRECTION ( 'NONE',  ( 0.000000000000000000, 1.000000000000000000, 0.000000000000000000 ) ) ;
#1224 = VECTOR ( 'NONE', #2204, 1000.000000000000000 ) ;
#1225 = CARTESIAN_POINT ( 'NONE',  ( -2.248856400913075149, -21.02082945453181395, 998.7617465664258134 ) ) ;
#1226 = VERTEX_POINT ( 'NONE', #3778 ) ;
#1227 = CARTESIAN_POINT ( 'NONE',  ( 26.70720151120292840, -12.62088745453381122, 998.2617465664258134 ) ) ;
#1228 = ADVANCED_FACE ( 'NONE', ( #651 ), #307, .F. ) ;
#1229 = ORIENTED_EDGE ( 'NONE', *, *, #2469, .T. ) ;
#1230 = EDGE_CURVE ( 'NONE', #2285, #3468, #3043, .T. ) ;
#1231 = DIRECTION ( 'NONE',  ( -0.000000000000000000, -0.000000000000000000, 1.000000000000000000 ) ) ;
#1232 = LINE ( 'NONE', #2980, #166 ) ;
#1233 = CARTESIAN_POINT ( 'NONE',  ( -37.97721736514308333, -24.65303777888381376, 996.7617465664258134 ) ) ;
#1234 = CARTESIAN_POINT ( 'NONE',  ( 31.10627501784522053, -9.904726882270324495, 994.7617465664258134 ) ) ;
#1235 = ORIENTED_EDGE ( 'NONE', *, *, #3872, .F. ) ;
#1236 = DIRECTION ( 'NONE',  ( -1.000000000000000000, 4.927793081368463797E-17, 0.000000000000000000 ) ) ;
#1237 = DIRECTION ( 'NONE',  ( 1.000000000000000000, 0.000000000000000000, 0.000000000000000000 ) ) ;
#1238 = EDGE_CURVE ( 'NONE', #816, #4489, #1565, .T. ) ;
#1239 = ORIENTED_EDGE ( 'NONE', *, *, #755, .F. ) ;
#1240 = DIRECTION ( 'NONE',  ( -0.000000000000000000, -0.000000000000000000, 1.000000000000000000 ) ) ;
#1241 = ORIENTED_EDGE ( 'NONE', *, *, #1440, .F. ) ;
#1242 = CARTESIAN_POINT ( 'NONE',  ( -18.87579369198156698, 19.82163583045519317, 994.7617465664258134 ) ) ;
#1243 = VERTEX_POINT ( 'NONE', #1341 ) ;
#1244 = LINE ( 'NONE', #1636, #1304 ) ;
#1245 = DIRECTION ( 'NONE',  ( -0.000000000000000000, -0.000000000000000000, 1.000000000000000000 ) ) ;
#1246 = DIRECTION ( 'NONE',  ( 3.212485385912387951E-16, 1.000000000000000000, 0.000000000000000000 ) ) ;
#1247 = ORIENTED_EDGE ( 'NONE', *, *, #2998, .F. ) ;
#1248 = DIRECTION ( 'NONE',  ( 1.000000000000000000, 0.000000000000000000, 0.000000000000000000 ) ) ;
#1249 = ORIENTED_EDGE ( 'NONE', *, *, #2442, .F. ) ;
#1250 = ORIENTED_EDGE ( 'NONE', *, *, #1879, .F. ) ;
#1251 = AXIS2_PLACEMENT_3D ( 'NONE', #1008, #638, #1309 ) ;
#1252 = EDGE_CURVE ( 'NONE', #1921, #1146, #3917, .T. ) ;
#1253 = CARTESIAN_POINT ( 'NONE',  ( -36.57593716428681319, -7.232593278003832005, 998.2617465664258134 ) ) ;
#1254 = VECTOR ( 'NONE', #1657, 1000.000000000000000 ) ;
#1255 = DIRECTION ( 'NONE',  ( 0.000000000000000000, -1.000000000000000000, 0.000000000000000000 ) ) ;
#1256 = DIRECTION ( 'NONE',  ( -1.000000000000000000, -4.179698103316837170E-16, 0.000000000000000000 ) ) ;
#1257 = ORIENTED_EDGE ( 'NONE', *, *, #2578, .T. ) ;
#1258 = FACE_OUTER_BOUND ( 'NONE', #4074, .T. ) ;
#1259 = EDGE_CURVE ( 'NONE', #2372, #2024, #2738, .T. ) ;
#1260 = EDGE_CURVE ( 'NONE', #4242, #1751, #2365, .T. ) ;
#1261 = DIRECTION ( 'NONE',  ( -1.000000000000000000, 6.424970771824775901E-16, 0.000000000000000000 ) ) ;
#1262 = AXIS2_PLACEMENT_3D ( 'NONE', #3689, #183, #3991 ) ;
#1263 = AXIS2_PLACEMENT_3D ( 'NONE', #2941, #1629, #3975 ) ;
#1264 = VERTEX_POINT ( 'NONE', #3391 ) ;
#1265 = LINE ( 'NONE', #1903, #460 ) ;
#1266 = EDGE_CURVE ( 'NONE', #1436, #2816, #106, .T. ) ;
#1267 = EDGE_LOOP ( 'NONE', ( #3994, #2386, #3483, #3898 ) ) ;
#1268 = LINE ( 'NONE', #601, #2452 ) ;
#1269 = EDGE_LOOP ( 'NONE', ( #4452, #4286, #3118, #491 ) ) ;
#1270 = LINE ( 'NONE', #603, #2322 ) ;
#1271 = DIRECTION ( 'NONE',  ( 0.000000000000000000, 0.000000000000000000, 1.000000000000000000 ) ) ;
#1272 = AXIS2_PLACEMENT_3D ( 'NONE', #4415, #1261, #1924 ) ;
#1273 = CARTESIAN_POINT ( 'NONE',  ( -41.47721736514306201, -18.65303777888382086, 996.7617465664258134 ) ) ;
#1274 = ORIENTED_EDGE ( 'NONE', *, *, #3123, .T. ) ;
#1275 = CARTESIAN_POINT ( 'NONE',  ( 16.94730311120392585, -14.12088745453381122, 998.2617465664258134 ) ) ;
#1276 = ORIENTED_EDGE ( 'NONE', *, *, #1967, .F. ) ;
#1277 = AXIS2_PLACEMENT_3D ( 'NONE', #3615, #1523, #2928 ) ;
#1278 = VECTOR ( 'NONE', #683, 1000.000000000000000 ) ;
#1279 = ORIENTED_EDGE ( 'NONE', *, *, #2798, .T. ) ;
#1280 = LINE ( 'NONE', #312, #537 ) ;
#1281 = AXIS2_PLACEMENT_3D ( 'NONE', #878, #3294, #1137 ) ;
#1282 = DIRECTION ( 'NONE',  ( 0.000000000000000000, 0.000000000000000000, 1.000000000000000000 ) ) ;
#1283 = AXIS2_PLACEMENT_3D ( 'NONE', #2930, #1504, #4313 ) ;
#1284 = DIRECTION ( 'NONE',  ( 1.000000000000000000, 0.000000000000000000, 0.000000000000000000 ) ) ;
#1285 = VECTOR ( 'NONE', #4421, 1000.000000000000000 ) ;
#1286 = VECTOR ( 'NONE', #2763, 1000.000000000000000 ) ;
#1287 = DIRECTION ( 'NONE',  ( 1.000000000000000000, 0.000000000000000000, 0.000000000000000000 ) ) ;
#1288 = CARTESIAN_POINT ( 'NONE',  ( 2.342273901145924153, -12.62088745453381122, 998.2617465664258134 ) ) ;
#1289 = ORIENTED_EDGE ( 'NONE', *, *, #649, .T. ) ;
#1290 = EDGE_CURVE ( 'NONE', #591, #4469, #3116, .T. ) ;
#1291 = EDGE_CURVE ( 'NONE', #3020, #3895, #4287, .T. ) ;
#1292 = CARTESIAN_POINT ( 'NONE',  ( 15.44730311120392763, -14.12088745453381122, 998.2617465664258134 ) ) ;
#1293 = ORIENTED_EDGE ( 'NONE', *, *, #3695, .T. ) ;
#1294 = DIRECTION ( 'NONE',  ( 0.000000000000000000, 0.000000000000000000, 1.000000000000000000 ) ) ;
#1295 = ORIENTED_EDGE ( 'NONE', *, *, #526, .F. ) ;
#1296 = DIRECTION ( 'NONE',  ( 1.000000000000000000, 0.000000000000000000, 0.000000000000000000 ) ) ;
#1297 = EDGE_CURVE ( 'NONE', #489, #3752, #218, .T. ) ;
#1298 = CARTESIAN_POINT ( 'NONE',  ( 33.13833229796444613, -9.904726882270324495, 998.2617465664258134 ) ) ;
#1299 = CARTESIAN_POINT ( 'NONE',  ( -37.97721736514308333, 17.32163583045519317, 996.7617465664258134 ) ) ;
#1300 = ORIENTED_EDGE ( 'NONE', *, *, #3477, .F. ) ;
#1301 = CARTESIAN_POINT ( 'NONE',  ( -20.37579369198157053, 20.82163583045519673, 994.7617465664258134 ) ) ;
#1302 = ORIENTED_EDGE ( 'NONE', *, *, #2917, .T. ) ;
#1303 = EDGE_CURVE ( 'NONE', #3250, #1052, #911, .T. ) ;
#1304 = VECTOR ( 'NONE', #3087, 1000.000000000000000 ) ;
#1305 = ORIENTED_EDGE ( 'NONE', *, *, #1793, .F. ) ;
#1306 = LINE ( 'NONE', #2329, #2878 ) ;
#1307 = VECTOR ( 'NONE', #4101, 1000.000000000000000 ) ;
#1308 = DIRECTION ( 'NONE',  ( 0.000000000000000000, 0.000000000000000000, 1.000000000000000000 ) ) ;
#1309 = DIRECTION ( 'NONE',  ( 1.000000000000000000, 0.000000000000000000, 0.000000000000000000 ) ) ;
#1310 = VECTOR ( 'NONE', #1256, 1000.000000000000000 ) ;
#1311 = CARTESIAN_POINT ( 'NONE',  ( -36.57593716428681319, -14.23259327800182739, 998.2617465664258134 ) ) ;
#1312 = CARTESIAN_POINT ( 'NONE',  ( 16.94730311120392940, -20.52082945453181395, 994.7617465664258134 ) ) ;
#1313 = ORIENTED_EDGE ( 'NONE', *, *, #4438, .T. ) ;
#1314 = DIRECTION ( 'NONE',  ( -0.000000000000000000, -0.000000000000000000, -1.000000000000000000 ) ) ;
#1315 = ORIENTED_EDGE ( 'NONE', *, *, #3455, .F. ) ;
#1316 = ADVANCED_FACE ( 'NONE', ( #243 ), #4103, .F. ) ;
#1317 = DIRECTION ( 'NONE',  ( 0.000000000000000000, 0.000000000000000000, 1.000000000000000000 ) ) ;
#1318 = EDGE_CURVE ( 'NONE', #2769, #2392, #543, .T. ) ;
#1319 = ORIENTED_EDGE ( 'NONE', *, *, #3881, .F. ) ;
#1320 = DIRECTION ( 'NONE',  ( 0.000000000000000000, 0.000000000000000000, -1.000000000000000000 ) ) ;
#1321 = LOCAL_TIME ( 17, 49, 39.00000000000000000, #112 ) ;
#1322 = LINE ( 'NONE', #1041, #2804 ) ;
#1323 = CYLINDRICAL_SURFACE ( 'NONE', #3545, 1.000000000000004441 ) ;
#1324 = EDGE_LOOP ( 'NONE', ( #1139, #2789, #3793, #37 ) ) ;
#1325 = LINE ( 'NONE', #633, #701 ) ;
#1326 = ORIENTED_EDGE ( 'NONE', *, *, #1478, .F. ) ;
#1327 = VERTEX_POINT ( 'NONE', #1776 ) ;
#1328 = DIRECTION ( 'NONE',  ( 0.000000000000000000, 0.000000000000000000, 1.000000000000000000 ) ) ;
#1329 = EDGE_CURVE ( 'NONE', #3468, #3250, #672, .T. ) ;
#1330 = DIRECTION ( 'NONE',  ( 1.000000000000000000, 0.000000000000000000, -0.000000000000000000 ) ) ;
#1331 = CARTESIAN_POINT ( 'NONE',  ( -36.97721736514306201, 20.82163583045519673, 996.7617465664258134 ) ) ;
#1332 = LINE ( 'NONE', #1288, #4130 ) ;
#1333 = VECTOR ( 'NONE', #4254, 1000.000000000000000 ) ;
#1334 = EDGE_LOOP ( 'NONE', ( #980, #3772, #2883, #940 ) ) ;
#1335 = DIRECTION ( 'NONE',  ( 1.000000000000000000, 0.000000000000000000, 0.000000000000000000 ) ) ;
#1336 = ORIENTED_EDGE ( 'NONE', *, *, #1290, .F. ) ;
#1337 = ORIENTED_EDGE ( 'NONE', *, *, #2019, .F. ) ;
#1338 = CYLINDRICAL_SURFACE ( 'NONE', #2988, 1.000000000000000888 ) ;
#1339 = AXIS2_PLACEMENT_3D ( 'NONE', #3680, #536, #1936 ) ;
#1340 = DIRECTION ( 'NONE',  ( -0.000000000000000000, -0.000000000000000000, 1.000000000000000000 ) ) ;
#1341 = CARTESIAN_POINT ( 'NONE',  ( -41.47721736514306201, 7.077967428120442328, 994.7617465664258134 ) ) ;
#1342 = ORIENTED_EDGE ( 'NONE', *, *, #1634, .T. ) ;
#1343 = CARTESIAN_POINT ( 'NONE',  ( 2.342273901145925041, -21.02082945453181040, 998.7617465664258134 ) ) ;
#1344 = ORIENTED_EDGE ( 'NONE', *, *, #2798, .F. ) ;
#1345 = EDGE_CURVE ( 'NONE', #3451, #3156, #4239, .T. ) ;
#1346 = EDGE_CURVE ( 'NONE', #643, #2138, #2409, .T. ) ;
#1347 = VECTOR ( 'NONE', #1902, 1000.000000000000000 ) ;
#1348 = VERTEX_POINT ( 'NONE', #2502 ) ;
#1349 = CARTESIAN_POINT ( 'NONE',  ( -27.85978350296907280, -19.52082945453181040, 998.7617465664258134 ) ) ;
#1350 = PLANE ( 'NONE',  #2355 ) ;
#1351 = PLANE ( 'NONE',  #232 ) ;
#1352 = VECTOR ( 'NONE', #3019, 1000.000000000000000 ) ;
#1353 = VECTOR ( 'NONE', #456, 1000.000000000000000 ) ;
#1354 = ADVANCED_FACE ( 'NONE', ( #3817 ), #3540, .F. ) ;
#1355 = DIRECTION ( 'NONE',  ( 1.000000000000000000, 0.000000000000000000, 0.000000000000000000 ) ) ;
#1356 = DIRECTION ( 'NONE',  ( 0.000000000000000000, 1.000000000000000000, 0.000000000000000000 ) ) ;
#1357 = ORIENTED_EDGE ( 'NONE', *, *, #3935, .T. ) ;
#1358 = AXIS2_PLACEMENT_3D ( 'NONE', #900, #1317, #343 ) ;
#1359 = EDGE_CURVE ( 'NONE', #2392, #1063, #2782, .T. ) ;
#1360 = CARTESIAN_POINT ( 'NONE',  ( 12.57705365434141598, -23.15303777888381731, 994.7617465664258134 ) ) ;
#1361 = EDGE_LOOP ( 'NONE', ( #3076, #3820, #3071, #4264 ) ) ;
#1362 = EDGE_LOOP ( 'NONE', ( #65, #886, #1891, #1082 ) ) ;
#1363 = CARTESIAN_POINT ( 'NONE',  ( 28.20720151120292840, -19.52082945453180685, 998.2617465664258134 ) ) ;
#1364 = CARTESIAN_POINT ( 'NONE',  ( 35.07158772934651836, -8.909369376549079789, 996.7617465664258134 ) ) ;
#1365 = CARTESIAN_POINT ( 'NONE',  ( -13.00875480091207592, -14.12088745453381122, 994.7617465664258134 ) ) ;
#1366 = ORIENTED_EDGE ( 'NONE', *, *, #79, .T. ) ;
#1367 = LINE ( 'NONE', #1301, #104 ) ;
#1368 = ORIENTED_EDGE ( 'NONE', *, *, #4494, .T. ) ;
#1369 = VERTEX_POINT ( 'NONE', #4540 ) ;
#1370 = LINE ( 'NONE', #1963, #1130 ) ;
#1371 = EDGE_CURVE ( 'NONE', #1391, #3232, #3478, .T. ) ;
#1372 = ADVANCED_FACE ( 'NONE', ( #2480 ), #4190, .F. ) ;
#1373 = CARTESIAN_POINT ( 'NONE',  ( -13.50875480091207592, -14.12088745453381122, 998.2617465664258134 ) ) ;
#1374 = AXIS2_PLACEMENT_3D ( 'NONE', #3015, #2666, #3727 ) ;
#1375 = DIRECTION ( 'NONE',  ( 0.000000000000000000, 0.000000000000000000, 1.000000000000000000 ) ) ;
#1376 = PLANE ( 'NONE',  #2431 ) ;
#1377 = VERTEX_POINT ( 'NONE', #400 ) ;
#1378 = DIRECTION ( 'NONE',  ( -0.000000000000000000, -0.000000000000000000, 1.000000000000000000 ) ) ;
#1379 = CARTESIAN_POINT ( 'NONE',  ( -37.97721736514308333, -24.65303777888381376, 998.7617465664258134 ) ) ;
#1380 = ADVANCED_FACE ( 'NONE', ( #372 ), #3480, .F. ) ;
#1381 = ORIENTED_EDGE ( 'NONE', *, *, #1820, .T. ) ;
#1382 = LINE ( 'NONE', #1772, #3363 ) ;
#1383 = FACE_OUTER_BOUND ( 'NONE', #1267, .T. ) ;
#1384 = DIRECTION ( 'NONE',  ( -4.015606732390484938E-17, 1.000000000000000000, 0.000000000000000000 ) ) ;
#1385 = EDGE_LOOP ( 'NONE', ( #193, #60, #1155, #3710 ) ) ;
#1386 = CARTESIAN_POINT ( 'NONE',  ( -37.97721736514308333, 17.32163583045519317, 998.7617465664258134 ) ) ;
#1387 = VERTEX_POINT ( 'NONE', #56 ) ;
#1388 = ORIENTED_EDGE ( 'NONE', *, *, #3792, .T. ) ;
#1389 = LINE ( 'NONE', #1144, #982 ) ;
#1390 = DIRECTION ( 'NONE',  ( -1.000000000000000000, 0.000000000000000000, 0.000000000000000000 ) ) ;
#1391 = VERTEX_POINT ( 'NONE', #1452 ) ;
#1392 = EDGE_CURVE ( 'NONE', #1921, #3443, #10, .T. ) ;
#1393 = CARTESIAN_POINT ( 'NONE',  ( 15.44730311120392408, -19.52082945453180685, 998.2617465664258134 ) ) ;
#1394 = CARTESIAN_POINT ( 'NONE',  ( 28.20720151120292840, -19.52082945453180685, 998.7617465664258134 ) ) ;
#1395 = DIRECTION ( 'NONE',  ( -0.000000000000000000, -0.000000000000000000, 1.000000000000000000 ) ) ;
#1396 = ORIENTED_EDGE ( 'NONE', *, *, #3123, .F. ) ;
#1397 = EDGE_CURVE ( 'NONE', #891, #1177, #1200, .T. ) ;
#1398 = DIRECTION ( 'NONE',  ( 0.000000000000000000, 0.000000000000000000, 1.000000000000000000 ) ) ;
#1399 = FACE_OUTER_BOUND ( 'NONE', #2813, .T. ) ;
#1400 = CIRCLE ( 'NONE', #3970, 1.000000000000000222 ) ;
#1401 = ORIENTED_EDGE ( 'NONE', *, *, #2163, .F. ) ;
#1402 = DIRECTION ( 'NONE',  ( -1.000000000000000000, 0.000000000000000000, 0.000000000000000000 ) ) ;
#1403 = EDGE_CURVE ( 'NONE', #1734, #2319, #3628, .T. ) ;
#1404 = DIRECTION ( 'NONE',  ( -1.000000000000000000, 0.000000000000000000, 0.000000000000000000 ) ) ;
#1405 = DIRECTION ( 'NONE',  ( 0.000000000000000000, 0.000000000000000000, 1.000000000000000000 ) ) ;
#1406 = ORIENTED_EDGE ( 'NONE', *, *, #1517, .T. ) ;
#1407 = CARTESIAN_POINT ( 'NONE',  ( 29.07421773772599849, -18.16472688226932064, 998.7617465664258134 ) ) ;
#1408 = CIRCLE ( 'NONE', #1339, 1.500000000000001332 ) ;
#1409 = ORIENTED_EDGE ( 'NONE', *, *, #4188, .T. ) ;
#1410 = ORIENTED_EDGE ( 'NONE', *, *, #1719, .F. ) ;
#1411 = AXIS2_PLACEMENT_3D ( 'NONE', #2649, #2307, #3327 ) ;
#1412 = CARTESIAN_POINT ( 'NONE',  ( -34.41089783250500034, -14.23259327800182739, 994.7617465664258134 ) ) ;
#1413 = PERSON_AND_ORGANIZATION_ROLE ( 'design_supplier' ) ;
#1414 = ORIENTED_EDGE ( 'NONE', *, *, #2059, .F. ) ;
#1415 = VECTOR ( 'NONE', #266, 1000.000000000000000 ) ;
#1416 = CIRCLE ( 'NONE', #4352, 1.000000000000004441 ) ;
#1417 = FACE_OUTER_BOUND ( 'NONE', #3444, .T. ) ;
#1418 = CARTESIAN_POINT ( 'NONE',  ( 13.60217230114492359, -19.52082945453181040, 998.7617465664258134 ) ) ;
#1419 = CIRCLE ( 'NONE', #988, 1.000000000000000222 ) ;
#1420 = DIRECTION ( 'NONE',  ( 1.000000000000000000, 2.409364039434290716E-16, 0.000000000000000000 ) ) ;
#1421 = AXIS2_PLACEMENT_3D ( 'NONE', #4393, #4371, #486 ) ;
#1422 = ORIENTED_EDGE ( 'NONE', *, *, #3740, .T. ) ;
#1423 = VECTOR ( 'NONE', #3568, 1000.000000000000000 ) ;
#1424 = CIRCLE ( 'NONE', #1497, 0.9842597834286564984 ) ;
#1425 = DIRECTION ( 'NONE',  ( 0.000000000000000000, 0.000000000000000000, 1.000000000000000000 ) ) ;
#1426 = DIRECTION ( 'NONE',  ( 0.000000000000000000, -1.000000000000000000, 0.000000000000000000 ) ) ;
#1427 = ORIENTED_EDGE ( 'NONE', *, *, #368, .T. ) ;
#1428 = DIRECTION ( 'NONE',  ( -0.000000000000000000, -0.000000000000000000, -1.000000000000000000 ) ) ;
#1429 = AXIS2_PLACEMENT_3D ( 'NONE', #1069, #703, #3138 ) ;
#1430 = EDGE_CURVE ( 'NONE', #361, #2868, #2807, .T. ) ;
#1431 = EDGE_CURVE ( 'NONE', #3178, #51, #547, .T. ) ;
#1432 = DIRECTION ( 'NONE',  ( 0.000000000000000000, 1.000000000000000000, 0.000000000000000000 ) ) ;
#1433 = CARTESIAN_POINT ( 'NONE',  ( 12.10217230114492715, -14.12088745453381122, 994.7617465664258134 ) ) ;
#1434 = ORIENTED_EDGE ( 'NONE', *, *, #2163, .T. ) ;
#1435 = LINE ( 'NONE', #2784, #396 ) ;
#1436 = VERTEX_POINT ( 'NONE', #2851 ) ;
#1437 = VERTEX_POINT ( 'NONE', #768 ) ;
#1438 = CARTESIAN_POINT ( 'NONE',  ( -15.09988510297007025, -14.12088745453381122, 998.2617465664258134 ) ) ;
#1439 = APPLICATION_PROTOCOL_DEFINITION ( 'international standard', 'config_control_design', 1994, #1723 ) ;
#1440 = EDGE_CURVE ( 'NONE', #3237, #2046, #399, .T. ) ;
#1441 = ORIENTED_EDGE ( 'NONE', *, *, #810, .T. ) ;
#1442 = CARTESIAN_POINT ( 'NONE',  ( 1.342273901145924375, -19.52082945453181040, 998.2617465664258134 ) ) ;
#1443 = CARTESIAN_POINT ( 'NONE',  ( 13.82705365434141598, -23.15303777888382086, 996.7617465664258134 ) ) ;
#1444 = DIRECTION ( 'NONE',  ( 1.000000000000000000, 0.000000000000000000, 0.000000000000000000 ) ) ;
#1445 = ORIENTED_EDGE ( 'NONE', *, *, #823, .F. ) ;
#1446 = CARTESIAN_POINT ( 'NONE',  ( -18.87579369198156698, 19.82163583045519317, 996.7617465664258134 ) ) ;
#1447 = PLANE ( 'NONE',  #538 ) ;
#1448 = ORIENTED_EDGE ( 'NONE', *, *, #2430, .T. ) ;
#1449 = FACE_OUTER_BOUND ( 'NONE', #3167, .T. ) ;
#1450 = LINE ( 'NONE', #3242, #1046 ) ;
#1451 = EDGE_CURVE ( 'NONE', #1833, #268, #34, .T. ) ;
#1452 = CARTESIAN_POINT ( 'NONE',  ( -18.87579369198158119, -22.15303777888381731, 994.7617465664258134 ) ) ;
#1453 = ORIENTED_EDGE ( 'NONE', *, *, #2627, .T. ) ;
#1454 = CYLINDRICAL_SURFACE ( 'NONE', #836, 4.999999999999997335 ) ;
#1455 = EDGE_LOOP ( 'NONE', ( #936, #510, #1803, #4456 ) ) ;
#1456 = EDGE_CURVE ( 'NONE', #1641, #3713, #3500, .T. ) ;
#1457 = CARTESIAN_POINT ( 'NONE',  ( -16.59988510297007025, -19.52082945453180685, 998.2617465664258134 ) ) ;
#1458 = ORIENTED_EDGE ( 'NONE', *, *, #3811, .T. ) ;
#1459 = PERSON_AND_ORGANIZATION ( #283, #4024 ) ;
#1460 = ORIENTED_EDGE ( 'NONE', *, *, #3347, .F. ) ;
#1461 = ADVANCED_FACE ( 'NONE', ( #4218 ), #2461, .F. ) ;
#1462 = DIRECTION ( 'NONE',  ( -0.000000000000000000, -0.000000000000000000, 1.000000000000000000 ) ) ;
#1463 = CARTESIAN_POINT ( 'NONE',  ( -15.59988510297007025, -19.52082945453180685, 998.2617465664258134 ) ) ;
#1464 = CARTESIAN_POINT ( 'NONE',  ( 12.10217230114492715, -19.52082945453181040, 994.7617465664258134 ) ) ;
#1465 = ORIENTED_EDGE ( 'NONE', *, *, #202, .F. ) ;
#1466 = DIRECTION ( 'NONE',  ( 1.000000000000000000, 0.000000000000000000, 0.000000000000000000 ) ) ;
#1467 = CARTESIAN_POINT ( 'NONE',  ( 16.07705365434141953, -23.15303777888381376, 996.7617465664258134 ) ) ;
#1468 = VERTEX_POINT ( 'NONE', #1839 ) ;
#1469 = CYLINDRICAL_SURFACE ( 'NONE', #2205, 1.000000000000000888 ) ;
#1470 = DIRECTION ( 'NONE',  ( 1.000000000000000000, 0.000000000000000000, 0.000000000000000000 ) ) ;
#1471 = ORIENTED_EDGE ( 'NONE', *, *, #1035, .F. ) ;
#1472 = DIRECTION ( 'NONE',  ( -0.000000000000000000, -0.000000000000000000, 1.000000000000000000 ) ) ;
#1473 = ORIENTED_EDGE ( 'NONE', *, *, #446, .F. ) ;
#1474 = CARTESIAN_POINT ( 'NONE',  ( -15.09988510297007025, -14.12088745453381122, 998.7617465664258134 ) ) ;
#1475 = ORIENTED_EDGE ( 'NONE', *, *, #454, .F. ) ;
#1476 = CIRCLE ( 'NONE', #1623, 4.500000000000003553 ) ;
#1477 = DATE_TIME_ROLE ( 'creation_date' ) ;
#1478 = EDGE_CURVE ( 'NONE', #2519, #588, #2080, .T. ) ;
#1479 = EDGE_LOOP ( 'NONE', ( #1515, #3204, #191, #2068 ) ) ;
#1480 = EDGE_CURVE ( 'NONE', #1500, #4164, #4020, .T. ) ;
#1481 = AXIS2_PLACEMENT_3D ( 'NONE', #1638, #860, #242 ) ;
#1482 = LINE ( 'NONE', #1393, #2155 ) ;
#1483 = DIRECTION ( 'NONE',  ( 0.000000000000000000, 1.000000000000000000, 0.000000000000000000 ) ) ;
#1484 = CARTESIAN_POINT ( 'NONE',  ( -40.62032776698665515, -8.909369376549067354, 996.7617465664258134 ) ) ;
#1485 = VECTOR ( 'NONE', #3783, 1000.000000000000000 ) ;
#1486 = ADVANCED_FACE ( 'NONE', ( #2528 ), #1865, .F. ) ;
#1487 = ORIENTED_EDGE ( 'NONE', *, *, #1983, .T. ) ;
#1488 = DIRECTION ( 'NONE',  ( 0.000000000000000000, -1.000000000000000000, 0.000000000000000000 ) ) ;
#1489 = VECTOR ( 'NONE', #3027, 1000.000000000000000 ) ;
#1490 = VECTOR ( 'NONE', #1735, 1000.000000000000000 ) ;
#1491 = DIRECTION ( 'NONE',  ( 0.000000000000000000, -0.000000000000000000, -1.000000000000000000 ) ) ;
#1492 = ORIENTED_EDGE ( 'NONE', *, *, #808, .T. ) ;
#1493 = EDGE_CURVE ( 'NONE', #301, #908, #440, .T. ) ;
#1494 = AXIS2_PLACEMENT_3D ( 'NONE', #1642, #4457, #2007 ) ;
#1495 = CARTESIAN_POINT ( 'NONE',  ( 13.60217230114492359, -19.52082945453181040, 998.2617465664258134 ) ) ;
#1496 = DIRECTION ( 'NONE',  ( 1.000000000000000000, 0.000000000000000000, 0.000000000000000000 ) ) ;
#1497 = AXIS2_PLACEMENT_3D ( 'NONE', #1653, #3129, #1287 ) ;
#1498 = VERTEX_POINT ( 'NONE', #833 ) ;
#1499 = DIRECTION ( 'NONE',  ( 0.000000000000000000, 0.000000000000000000, 1.000000000000000000 ) ) ;
#1500 = VERTEX_POINT ( 'NONE', #4281 ) ;
#1501 = VECTOR ( 'NONE', #4075, 1000.000000000000000 ) ;
#1502 = CIRCLE ( 'NONE', #995, 2.032057280119223375 ) ;
#1503 = DIRECTION ( 'NONE',  ( 0.000000000000000000, 0.000000000000000000, 1.000000000000000000 ) ) ;
#1504 = DIRECTION ( 'NONE',  ( 0.000000000000000000, 0.000000000000000000, 1.000000000000000000 ) ) ;
#1505 = CALENDAR_DATE ( 2026, 27, 6 ) ;
#1506 = ORIENTED_EDGE ( 'NONE', *, *, #2490, .F. ) ;
#1507 = CARTESIAN_POINT ( 'NONE',  ( -16.59988510297007025, -13.12088745453380945, 994.7617465664258134 ) ) ;
#1508 = ADVANCED_FACE ( 'NONE', ( #3244, #4346 ), #100, .T. ) ;
#1509 = EDGE_CURVE ( 'NONE', #3254, #2509, #2592, .T. ) ;
#1510 = CARTESIAN_POINT ( 'NONE',  ( 0.8422739011459237091, -19.52082945453180685, 998.2617465664258134 ) ) ;
#1511 = LINE ( 'NONE', #3968, #622 ) ;
#1512 = VERTEX_POINT ( 'NONE', #1220 ) ;
#1513 = LINE ( 'NONE', #1601, #4294 ) ;
#1514 = DIRECTION ( 'NONE',  ( -1.000000000000000000, 4.015606732390484938E-17, 0.000000000000000000 ) ) ;
#1515 = ORIENTED_EDGE ( 'NONE', *, *, #2436, .F. ) ;
#1516 = DIRECTION ( 'NONE',  ( -0.000000000000000000, -0.000000000000000000, 1.000000000000000000 ) ) ;
#1517 = EDGE_CURVE ( 'NONE', #2031, #4260, #2009, .T. ) ;
#1518 = ORIENTED_EDGE ( 'NONE', *, *, #3593, .F. ) ;
#1519 = AXIS2_PLACEMENT_3D ( 'NONE', #999, #2361, #3773 ) ;
#1520 = DIRECTION ( 'NONE',  ( 0.000000000000000000, 0.000000000000000000, 1.000000000000000000 ) ) ;
#1521 = ORIENTED_EDGE ( 'NONE', *, *, #1346, .T. ) ;
#1522 = DIRECTION ( 'NONE',  ( 1.000000000000000000, 0.000000000000000000, -0.000000000000000000 ) ) ;
#1523 = DIRECTION ( 'NONE',  ( 1.000000000000000000, 0.000000000000000000, -0.000000000000000000 ) ) ;
#1524 = DIRECTION ( 'NONE',  ( -0.000000000000000000, -0.000000000000000000, 1.000000000000000000 ) ) ;
#1525 = ORIENTED_EDGE ( 'NONE', *, *, #682, .T. ) ;
#1526 = DIRECTION ( 'NONE',  ( 0.000000000000000000, 1.000000000000000000, 0.000000000000000000 ) ) ;
#1527 = CARTESIAN_POINT ( 'NONE',  ( 33.13833229796444613, -18.16472688226932064, 998.2617465664258134 ) ) ;
#1528 = DIRECTION ( 'NONE',  ( 1.000000000000000000, 0.000000000000000000, 0.000000000000000000 ) ) ;
#1529 = DIRECTION ( 'NONE',  ( -1.000000000000000000, -1.777399113065546424E-16, 0.000000000000000000 ) ) ;
#1530 = AXIS2_PLACEMENT_3D ( 'NONE', #4265, #3551, #2815 ) ;
#1531 = ORIENTED_EDGE ( 'NONE', *, *, #1900, .T. ) ;
#1532 = DIRECTION ( 'NONE',  ( 0.000000000000000000, 0.000000000000000000, 1.000000000000000000 ) ) ;
#1533 = DIRECTION ( 'NONE',  ( 1.000000000000000000, 0.000000000000000000, 0.000000000000000000 ) ) ;
#1534 = ADVANCED_FACE ( 'NONE', ( #1886 ), #4327, .F. ) ;
#1535 = CARTESIAN_POINT ( 'NONE',  ( 35.92847732750292522, -18.65303777888382086, 996.7617465664258134 ) ) ;
#1536 = ORIENTED_EDGE ( 'NONE', *, *, #1152, .T. ) ;
#1537 = CARTESIAN_POINT ( 'NONE',  ( 29.57421773772599849, -9.904726882270324495, 998.2617465664258134 ) ) ;
#1538 = VERTEX_POINT ( 'NONE', #1537 ) ;
#1539 = CARTESIAN_POINT ( 'NONE',  ( 32.42847732750293233, -19.65303777888381731, 998.7617465664258134 ) ) ;
#1540 = CARTESIAN_POINT ( 'NONE',  ( -18.46987240296907373, -20.52082945453181040, 994.7617465664258134 ) ) ;
#1541 = LINE ( 'NONE', #2228, #1858 ) ;
#1542 = VERTEX_POINT ( 'NONE', #2944 ) ;
#1543 = DIRECTION ( 'NONE',  ( 1.000000000000000000, 0.000000000000000000, 0.000000000000000000 ) ) ;
#1544 = VECTOR ( 'NONE', #715, 1000.000000000000000 ) ;
#1545 = EDGE_LOOP ( 'NONE', ( #1401, #2405, #2977, #1926 ) ) ;
#1546 = DIRECTION ( 'NONE',  ( -1.000000000000000000, 0.000000000000000000, 0.000000000000000000 ) ) ;
#1547 = CIRCLE ( 'NONE', #4273, 1.000000000000000888 ) ;
#1548 = CARTESIAN_POINT ( 'NONE',  ( -36.07593716428681319, -7.232593278003827564, 994.7617465664258134 ) ) ;
#1549 = DIRECTION ( 'NONE',  ( 1.000000000000000000, 0.000000000000000000, 0.000000000000000000 ) ) ;
#1550 = CARTESIAN_POINT ( 'NONE',  ( 31.10627501784522053, -18.16472688226932064, 998.2617465664258134 ) ) ;
#1551 = VECTOR ( 'NONE', #1245, 1000.000000000000000 ) ;
#1552 = ORIENTED_EDGE ( 'NONE', *, *, #2565, .T. ) ;
#1553 = VECTOR ( 'NONE', #1188, 1000.000000000000000 ) ;
#1554 = DIRECTION ( 'NONE',  ( -1.000000000000000000, 0.000000000000000000, -0.000000000000000000 ) ) ;
#1555 = DIRECTION ( 'NONE',  ( 1.000000000000000000, 0.000000000000000000, 0.000000000000000000 ) ) ;
#1556 = VECTOR ( 'NONE', #2051, 1000.000000000000000 ) ;
#1557 = AXIS2_PLACEMENT_3D ( 'NONE', #3534, #391, #1796 ) ;
#1558 = FACE_OUTER_BOUND ( 'NONE', #2992, .T. ) ;
#1559 = VERTEX_POINT ( 'NONE', #1158 ) ;
#1560 = EDGE_CURVE ( 'NONE', #2046, #1622, #2615, .T. ) ;
#1561 = CARTESIAN_POINT ( 'NONE',  ( 16.94730311120392585, -14.12088745453381122, 994.7617465664258134 ) ) ;
#1562 = EDGE_CURVE ( 'NONE', #921, #3254, #1864, .T. ) ;
#1563 = ORIENTED_EDGE ( 'NONE', *, *, #3902, .T. ) ;
#1564 = DIRECTION ( 'NONE',  ( -2.089849051658415380E-16, -1.000000000000000000, 0.000000000000000000 ) ) ;
#1565 = CIRCLE ( 'NONE', #765, 1.500000000000000888 ) ;
#1566 = CIRCLE ( 'NONE', #4140, 1.000000000000000888 ) ;
#1567 = CARTESIAN_POINT ( 'NONE',  ( 14.82705365434141775, -23.15303777888382086, 996.7617465664258134 ) ) ;
#1568 = CARTESIAN_POINT ( 'NONE',  ( -12.00875480091207592, -20.52082945453180685, 994.7617465664258134 ) ) ;
#1569 = ORIENTED_EDGE ( 'NONE', *, *, #280, .T. ) ;
#1570 = CARTESIAN_POINT ( 'NONE',  ( 31.42847732750292522, -23.15303777888382086, 996.7617465664258134 ) ) ;
#1571 = ORIENTED_EDGE ( 'NONE', *, *, #2318, .T. ) ;
#1572 = DIRECTION ( 'NONE',  ( -0.000000000000000000, -0.000000000000000000, -1.000000000000000000 ) ) ;
#1573 = DIRECTION ( 'NONE',  ( -0.000000000000000000, -0.000000000000000000, 1.000000000000000000 ) ) ;
#1574 = ADVANCED_FACE ( 'NONE', ( #3675 ), #2266, .F. ) ;
#1575 = DIRECTION ( 'NONE',  ( 0.000000000000000000, 0.000000000000000000, 1.000000000000000000 ) ) ;
#1576 = CARTESIAN_POINT ( 'NONE',  ( 32.42847732750293233, 22.32163583045518962, 998.7617465664258134 ) ) ;
#1577 = ORIENTED_EDGE ( 'NONE', *, *, #559, .F. ) ;
#1578 = DIRECTION ( 'NONE',  ( 1.000000000000000000, 0.000000000000000000, 0.000000000000000000 ) ) ;
#1579 = DIRECTION ( 'NONE',  ( 0.000000000000000000, 0.000000000000000000, 1.000000000000000000 ) ) ;
#1580 = ORIENTED_EDGE ( 'NONE', *, *, #3200, .T. ) ;
#1581 = CARTESIAN_POINT ( 'NONE',  ( 35.92847732750292522, -18.65303777888382086, 996.7617465664258134 ) ) ;
#1582 = ORIENTED_EDGE ( 'NONE', *, *, #1967, .T. ) ;
#1583 = CARTESIAN_POINT ( 'NONE',  ( 26.70720151120292485, -20.52082945453181040, 998.2617465664258134 ) ) ;
#1584 = VERTEX_POINT ( 'NONE', #3587 ) ;
#1585 = CARTESIAN_POINT ( 'NONE',  ( -26.35978350296906925, -19.52082945453181040, 998.2617465664258134 ) ) ;
#1586 = VECTOR ( 'NONE', #2268, 1000.000000000000000 ) ;
#1587 = EDGE_CURVE ( 'NONE', #2786, #4207, #168, .T. ) ;
#1588 = CARTESIAN_POINT ( 'NONE',  ( -41.47721736514306201, -10.40936937654906203, 996.7617465664258134 ) ) ;
#1589 = LINE ( 'NONE', #2907, #1711 ) ;
#1590 = ORIENTED_EDGE ( 'NONE', *, *, #3566, .F. ) ;
#1591 = LINE ( 'NONE', #3641, #923 ) ;
#1592 = ORIENTED_EDGE ( 'NONE', *, *, #2892, .T. ) ;
#1593 = ADVANCED_FACE ( 'NONE', ( #2547 ), #3956, .T. ) ;
#1594 = ADVANCED_FACE ( 'NONE', ( #127 ), #2924, .F. ) ;
#1595 = CARTESIAN_POINT ( 'NONE',  ( 29.07421773772599849, -9.904726882270329824, 998.7617465664258134 ) ) ;
#1596 = CARTESIAN_POINT ( 'NONE',  ( 12.10217230114492715, -12.62088745453381122, 998.2617465664258134 ) ) ;
#1597 = FACE_OUTER_BOUND ( 'NONE', #2893, .T. ) ;
#1598 = CYLINDRICAL_SURFACE ( 'NONE', #1834, 2.032057280119223375 ) ;
#1599 = ORIENTED_EDGE ( 'NONE', *, *, #893, .T. ) ;
#1600 = EDGE_CURVE ( 'NONE', #3584, #3220, #1659, .T. ) ;
#1601 = CARTESIAN_POINT ( 'NONE',  ( -13.00875480091207592, -14.12088745453381122, 998.2617465664258134 ) ) ;
#1602 = CARTESIAN_POINT ( 'NONE',  ( 31.42847732750292522, -23.15303777888382086, 996.7617465664258134 ) ) ;
#1603 = ORIENTED_EDGE ( 'NONE', *, *, #3255, .F. ) ;
#1604 = DIRECTION ( 'NONE',  ( 0.000000000000000000, 0.000000000000000000, 1.000000000000000000 ) ) ;
#1605 = ORIENTED_EDGE ( 'NONE', *, *, #2973, .F. ) ;
#1606 = DIRECTION ( 'NONE',  ( -0.000000000000000000, -0.000000000000000000, 1.000000000000000000 ) ) ;
#1607 = VERTEX_POINT ( 'NONE', #3725 ) ;
#1608 = DIRECTION ( 'NONE',  ( 1.000000000000000000, 0.000000000000000000, 0.000000000000000000 ) ) ;
#1609 = DIRECTION ( 'NONE',  ( 1.000000000000000000, 0.000000000000000000, 0.000000000000000000 ) ) ;
#1610 = VECTOR ( 'NONE', #3221, 1000.000000000000000 ) ;
#1611 = CARTESIAN_POINT ( 'NONE',  ( -27.35978350296907280, -14.12088745453381122, 994.7617465664258134 ) ) ;
#1612 = ORIENTED_EDGE ( 'NONE', *, *, #1822, .F. ) ;
#1613 = DIRECTION ( 'NONE',  ( -0.000000000000000000, -0.000000000000000000, 1.000000000000000000 ) ) ;
#1614 = ORIENTED_EDGE ( 'NONE', *, *, #2330, .F. ) ;
#1615 = VERTEX_POINT ( 'NONE', #1633 ) ;
#1616 = DIRECTION ( 'NONE',  ( -0.000000000000000000, -0.000000000000000000, 1.000000000000000000 ) ) ;
#1617 = AXIS2_PLACEMENT_3D ( 'NONE', #4163, #624, #300 ) ;
#1618 = CARTESIAN_POINT ( 'NONE',  ( -13.00875480091207770, -19.52082945453180329, 994.7617465664258134 ) ) ;
#1619 = ADVANCED_FACE ( 'NONE', ( #214 ), #2449, .F. ) ;
#1620 = EDGE_CURVE ( 'NONE', #1810, #3686, #3050, .T. ) ;
#1621 = DIRECTION ( 'NONE',  ( -1.000000000000000000, 4.927793081368463797E-17, 0.000000000000000000 ) ) ;
#1622 = VERTEX_POINT ( 'NONE', #3064 ) ;
#1623 = AXIS2_PLACEMENT_3D ( 'NONE', #2408, #351, #287 ) ;
#1624 = CYLINDRICAL_SURFACE ( 'NONE', #3992, 1.000000000000000000 ) ;
#1625 = LINE ( 'NONE', #505, #906 ) ;
#1626 = EDGE_CURVE ( 'NONE', #3656, #915, #3040, .T. ) ;
#1627 = CIRCLE ( 'NONE', #3973, 2.165039331781817733 ) ;
#1628 = ORIENTED_EDGE ( 'NONE', *, *, #4479, .T. ) ;
#1629 = DIRECTION ( 'NONE',  ( 0.000000000000000000, 0.000000000000000000, 1.000000000000000000 ) ) ;
#1630 = CIRCLE ( 'NONE', #3976, 0.9842597834286634928 ) ;
#1631 = VECTOR ( 'NONE', #1673, 1000.000000000000000 ) ;
#1632 = ORIENTED_EDGE ( 'NONE', *, *, #1076, .F. ) ;
#1633 = CARTESIAN_POINT ( 'NONE',  ( -2.248856400913074260, -12.62088745453381122, 998.7617465664258134 ) ) ;
#1634 = EDGE_CURVE ( 'NONE', #747, #2908, #4450, .T. ) ;
#1635 = ORIENTED_EDGE ( 'NONE', *, *, #340, .T. ) ;
#1636 = CARTESIAN_POINT ( 'NONE',  ( 12.10217230114492715, -12.62088745453381122, 998.7617465664258134 ) ) ;
#1637 = VECTOR ( 'NONE', #1404, 1000.000000000000000 ) ;
#1638 = CARTESIAN_POINT ( 'NONE',  ( -37.97721736514308333, 17.32163583045519317, 998.7617465664258134 ) ) ;
#1639 = VECTOR ( 'NONE', #2455, 1000.000000000000000 ) ;
#1640 = CARTESIAN_POINT ( 'NONE',  ( 15.32705365434144618, 19.82163583045518962, 996.7617465664258134 ) ) ;
#1641 = VERTEX_POINT ( 'NONE', #263 ) ;
#1642 = CARTESIAN_POINT ( 'NONE',  ( -42.97721736514308333, 17.32163583045519317, 998.7617465664258134 ) ) ;
#1643 = EDGE_LOOP ( 'NONE', ( #13, #2694, #1982, #3396 ) ) ;
#1644 = AXIS2_PLACEMENT_3D ( 'NONE', #2067, #2165, #1384 ) ;
#1645 = CIRCLE ( 'NONE', #2078, 4.999999999999997335 ) ;
#1646 = VERTEX_POINT ( 'NONE', #1242 ) ;
#1647 = DIRECTION ( 'NONE',  ( -0.000000000000000000, -0.000000000000000000, 1.000000000000000000 ) ) ;
#1648 = CARTESIAN_POINT ( 'NONE',  ( 35.92847732750292522, -10.40936937654907446, 996.7617465664258134 ) ) ;
#1649 = AXIS2_PLACEMENT_3D ( 'NONE', #1915, #2624, #887 ) ;
#1650 = DIRECTION ( 'NONE',  ( 1.000000000000000000, 0.000000000000000000, -0.000000000000000000 ) ) ;
#1651 = ADVANCED_FACE ( 'NONE', ( #4204 ), #1032, .F. ) ;
#1652 = EDGE_CURVE ( 'NONE', #1710, #1641, #3340, .T. ) ;
#1653 = CARTESIAN_POINT ( 'NONE',  ( -41.47721736514306201, -8.425109593120406970, 994.7617465664258134 ) ) ;
#1654 = PLANE ( 'NONE',  #1717 ) ;
#1655 = VERTEX_POINT ( 'NONE', #4397 ) ;
#1656 = EDGE_CURVE ( 'NONE', #4207, #891, #2421, .T. ) ;
#1657 = DIRECTION ( 'NONE',  ( -1.000000000000000000, 0.000000000000000000, 0.000000000000000000 ) ) ;
#1658 = VERTEX_POINT ( 'NONE', #713 ) ;
#1659 = LINE ( 'NONE', #3831, #2370 ) ;
#1660 = ORIENTED_EDGE ( 'NONE', *, *, #4031, .T. ) ;
#1661 = CARTESIAN_POINT ( 'NONE',  ( -32.24585850072318038, -14.23259327800182739, 998.2617465664258134 ) ) ;
#1662 = EDGE_CURVE ( 'NONE', #714, #3577, #2083, .T. ) ;
#1663 = CARTESIAN_POINT ( 'NONE',  ( -36.57593716428681319, -14.23259327800182739, 998.7617465664258134 ) ) ;
#1664 = DIRECTION ( 'NONE',  ( -0.000000000000000000, -0.000000000000000000, 1.000000000000000000 ) ) ;
#1665 = ORIENTED_EDGE ( 'NONE', *, *, #869, .T. ) ;
#1666 = CARTESIAN_POINT ( 'NONE',  ( 32.42847732750293233, -24.65303777888381376, 998.7617465664258134 ) ) ;
#1667 = VERTEX_POINT ( 'NONE', #192 ) ;
#1668 = APPROVAL ( #3575, '未' ) ;
#1669 = ORIENTED_EDGE ( 'NONE', *, *, #4227, .F. ) ;
#1670 = FACE_OUTER_BOUND ( 'NONE', #1545, .T. ) ;
#1671 = CARTESIAN_POINT ( 'NONE',  ( -1.248856400913074483, -14.12088745453381122, 998.2617465664258134 ) ) ;
#1672 = DIRECTION ( 'NONE',  ( -0.000000000000000000, -0.000000000000000000, -1.000000000000000000 ) ) ;
#1673 = DIRECTION ( 'NONE',  ( -0.000000000000000000, -0.000000000000000000, -1.000000000000000000 ) ) ;
#1674 = ORIENTED_EDGE ( 'NONE', *, *, #3846, .F. ) ;
#1675 = CARTESIAN_POINT ( 'NONE',  ( 29.57421773772599849, -18.16472688226932064, 998.2617465664258134 ) ) ;
#1676 = CYLINDRICAL_SURFACE ( 'NONE', #3769, 1.250000000000002887 ) ;
#1677 = VERTEX_POINT ( 'NONE', #1583 ) ;
#1678 = CARTESIAN_POINT ( 'NONE',  ( -41.47721736514306201, -8.425109593120406970, 996.7617465664258134 ) ) ;
#1679 = ADVANCED_FACE ( 'NONE', ( #3493 ), #2636, .T. ) ;
#1680 = EDGE_CURVE ( 'NONE', #61, #1096, #1268, .T. ) ;
#1681 = DIRECTION ( 'NONE',  ( -1.000000000000000000, 0.000000000000000000, 0.000000000000000000 ) ) ;
#1682 = DIRECTION ( 'NONE',  ( -1.000000000000000000, 0.000000000000000000, 0.000000000000000000 ) ) ;
#1683 = ORIENTED_EDGE ( 'NONE', *, *, #815, .F. ) ;
#1684 = CARTESIAN_POINT ( 'NONE',  ( -20.87579369198158474, -22.15303777888381731, 996.7617465664258134 ) ) ;
#1685 = EDGE_CURVE ( 'NONE', #3460, #1348, #329, .T. ) ;
#1686 = ORIENTED_EDGE ( 'NONE', *, *, #9, .F. ) ;
#1687 = UNCERTAINTY_MEASURE_WITH_UNIT (LENGTH_MEASURE( 1.000000000000000082E-05 ), #1715, 'distance_accuracy_value', 'NONE');
#1688 = ORIENTED_EDGE ( 'NONE', *, *, #2385, .T. ) ;
#1689 = CARTESIAN_POINT ( 'NONE',  ( -13.00875480091207592, -14.12088745453381122, 994.7617465664258134 ) ) ;
#1690 = DIRECTION ( 'NONE',  ( 0.000000000000000000, 1.000000000000000000, 0.000000000000000000 ) ) ;
#1691 = FACE_BOUND ( 'NONE', #1115, .T. ) ;
#1692 = CYLINDRICAL_SURFACE ( 'NONE', #691, 0.5743212343493758754 ) ;
#1693 = CYLINDRICAL_SURFACE ( 'NONE', #3030, 1.249999999999999334 ) ;
#1694 = AXIS2_PLACEMENT_3D ( 'NONE', #1360, #2756, #2402 ) ;
#1695 = ORIENTED_EDGE ( 'NONE', *, *, #2855, .F. ) ;
#1696 = CARTESIAN_POINT ( 'NONE',  ( 13.60217230114492359, -19.52082945453181040, 998.7617465664258134 ) ) ;
#1697 = DIRECTION ( 'NONE',  ( 0.000000000000000000, -1.000000000000000000, 0.000000000000000000 ) ) ;
#1698 = VECTOR ( 'NONE', #851, 1000.000000000000000 ) ;
#1699 = CIRCLE ( 'NONE', #1263, 0.9842597834286564984 ) ;
#1700 = ORIENTED_EDGE ( 'NONE', *, *, #4135, .T. ) ;
#1701 = CARTESIAN_POINT ( 'NONE',  ( 32.42847732750293233, 17.32163583045519317, 998.7617465664258134 ) ) ;
#1702 = VECTOR ( 'NONE', #4012, 1000.000000000000000 ) ;
#1703 = VECTOR ( 'NONE', #1483, 1000.000000000000000 ) ;
#1704 = CARTESIAN_POINT ( 'NONE',  ( -1.248856400913074260, -19.52082945453180685, 998.2617465664258134 ) ) ;
#1705 = EDGE_CURVE ( 'NONE', #1264, #2119, #1208, .T. ) ;
#1706 = EDGE_CURVE ( 'NONE', #1086, #2084, #2292, .T. ) ;
#1707 = DIRECTION ( 'NONE',  ( 1.000000000000000000, 0.000000000000000000, 0.000000000000000000 ) ) ;
#1708 = ORIENTED_EDGE ( 'NONE', *, *, #3000, .F. ) ;
#1709 = PLANE ( 'NONE',  #1494 ) ;
#1710 = VERTEX_POINT ( 'NONE', #1745 ) ;
#1711 = VECTOR ( 'NONE', #2249, 1000.000000000000000 ) ;
#1712 = VECTOR ( 'NONE', #2585, 1000.000000000000000 ) ;
#1713 = ORIENTED_EDGE ( 'NONE', *, *, #2917, .F. ) ;
#1714 = CARTESIAN_POINT ( 'NONE',  ( 2.342273901145924153, -12.62088745453381122, 998.2617465664258134 ) ) ;
#1715 =( LENGTH_UNIT ( ) NAMED_UNIT ( * ) SI_UNIT ( .MILLI., .METRE. ) );
#1716 = AXIS2_PLACEMENT_3D ( 'NONE', #2027, #2642, #1682 ) ;
#1717 = AXIS2_PLACEMENT_3D ( 'NONE', #1722, #2020, #4092 ) ;
#1718 = VECTOR ( 'NONE', #4261, 1000.000000000000000 ) ;
#1719 = EDGE_CURVE ( 'NONE', #5, #270, #405, .T. ) ;
#1720 = DIRECTION ( 'NONE',  ( -0.000000000000000000, -0.000000000000000000, -1.000000000000000000 ) ) ;
#1721 = CIRCLE ( 'NONE', #4067, 1.000000000000004441 ) ;
#1722 = CARTESIAN_POINT ( 'NONE',  ( 0.8422739011459239311, -14.12088745453381122, 998.2617465664258134 ) ) ;
#1723 = APPLICATION_CONTEXT ( 'configuration controlled 3d designs of mechanical parts and assemblies' ) ;
#1724 = ORIENTED_EDGE ( 'NONE', *, *, #2865, .T. ) ;
#1725 = AXIS2_PLACEMENT_3D ( 'NONE', #2572, #817, #864 ) ;
#1726 = EDGE_CURVE ( 'NONE', #899, #3190, #2794, .T. ) ;
#1727 = DIRECTION ( 'NONE',  ( 0.000000000000000000, 0.000000000000000000, 1.000000000000000000 ) ) ;
#1728 = LINE ( 'NONE', #1379, #2073 ) ;
#1729 = ORIENTED_EDGE ( 'NONE', *, *, #1493, .T. ) ;
#1730 = LINE ( 'NONE', #1752, #3288 ) ;
#1731 = DIRECTION ( 'NONE',  ( -0.000000000000000000, -0.000000000000000000, 1.000000000000000000 ) ) ;
#1732 = LOCAL_TIME ( 17, 49, 39.00000000000000000, #3944 ) ;
#1733 = DIRECTION ( 'NONE',  ( 1.000000000000000000, 0.000000000000000000, 0.000000000000000000 ) ) ;
#1734 = VERTEX_POINT ( 'NONE', #2194 ) ;
#1735 = DIRECTION ( 'NONE',  ( -0.000000000000000000, -0.000000000000000000, 1.000000000000000000 ) ) ;
#1736 = PRODUCT ( 'top-cover', 'top-cover', '', ( #4246 ) ) ;
#1737 = ORIENTED_EDGE ( 'NONE', *, *, #2376, .T. ) ;
#1738 = ADVANCED_FACE ( 'NONE', ( #1149 ), #385, .F. ) ;
#1739 = ORIENTED_EDGE ( 'NONE', *, *, #3755, .F. ) ;
#1740 = CARTESIAN_POINT ( 'NONE',  ( -21.62579369198157053, 20.82163583045519673, 996.7617465664258134 ) ) ;
#1741 = CARTESIAN_POINT ( 'NONE',  ( 35.07158772934652546, 8.577967428120430782, 996.7617465664258134 ) ) ;
#1742 = EDGE_CURVE ( 'NONE', #2559, #927, #922, .T. ) ;
#1743 = CARTESIAN_POINT ( 'NONE',  ( -37.97721736514308333, -19.65303777888381731, 998.7617465664258134 ) ) ;
#1744 = CARTESIAN_POINT ( 'NONE',  ( 16.07705365434144795, 20.82163583045518962, 996.7617465664258134 ) ) ;
#1745 = CARTESIAN_POINT ( 'NONE',  ( -18.87579369198156698, 19.82163583045519317, 996.7617465664258134 ) ) ;
#1746 = EDGE_CURVE ( 'NONE', #1584, #1542, #3216, .T. ) ;
#1747 = ORIENTED_EDGE ( 'NONE', *, *, #163, .T. ) ;
#1748 = VECTOR ( 'NONE', #1798, 1000.000000000000000 ) ;
#1749 = DIRECTION ( 'NONE',  ( 0.000000000000000000, 1.000000000000000000, 0.000000000000000000 ) ) ;
#1750 = LINE ( 'NONE', #2800, #2511 ) ;
#1751 = VERTEX_POINT ( 'NONE', #457 ) ;
#1752 = CARTESIAN_POINT ( 'NONE',  ( 35.92847732750292522, -9.409369376549081565, 996.7617465664258134 ) ) ;
#1753 = CARTESIAN_POINT ( 'NONE',  ( -13.50875480091207770, -19.52082945453180329, 998.2617465664258134 ) ) ;
#1754 = DIRECTION ( 'NONE',  ( -0.000000000000000000, -0.000000000000000000, -1.000000000000000000 ) ) ;
#1755 = EDGE_LOOP ( 'NONE', ( #1150, #1015, #2730, #2188 ) ) ;
#1756 = CARTESIAN_POINT ( 'NONE',  ( -37.97721736514308333, -19.65303777888381731, 998.7617465664258134 ) ) ;
#1757 = ORIENTED_EDGE ( 'NONE', *, *, #1397, .F. ) ;
#1758 = ORIENTED_EDGE ( 'NONE', *, *, #2669, .T. ) ;
#1759 = DIRECTION ( 'NONE',  ( -0.000000000000000000, -0.000000000000000000, 1.000000000000000000 ) ) ;
#1760 = APPROVAL_ROLE ( '' ) ;
#1761 = ORIENTED_EDGE ( 'NONE', *, *, #810, .F. ) ;
#1762 = CARTESIAN_POINT ( 'NONE',  ( 35.92847732750292522, -8.425109593120421181, 996.7617465664258134 ) ) ;
#1763 = VECTOR ( 'NONE', #1621, 1000.000000000000000 ) ;
#1764 = EDGE_CURVE ( 'NONE', #3885, #558, #1813, .T. ) ;
#1765 = EDGE_CURVE ( 'NONE', #2168, #1243, #1142, .T. ) ;
#1766 = CARTESIAN_POINT ( 'NONE',  ( 16.94730311120392585, -14.12088745453381122, 998.7617465664258134 ) ) ;
#1767 = CARTESIAN_POINT ( 'NONE',  ( -2.248856400913074705, -19.52082945453180685, 994.7617465664258134 ) ) ;
#1768 = ORIENTED_EDGE ( 'NONE', *, *, #63, .F. ) ;
#1769 = DIRECTION ( 'NONE',  ( -1.000000000000000000, -4.179698103316837170E-16, 0.000000000000000000 ) ) ;
#1770 = DIRECTION ( 'NONE',  ( 1.000000000000000000, 3.212485385912387951E-16, 0.000000000000000000 ) ) ;
#1771 = EDGE_LOOP ( 'NONE', ( #1904, #2172, #2050, #1569 ) ) ;
#1772 = CARTESIAN_POINT ( 'NONE',  ( -36.97721736514306201, -23.15303777888382086, 996.7617465664258134 ) ) ;
#1773 = VECTOR ( 'NONE', #4468, 1000.000000000000000 ) ;
#1774 = CARTESIAN_POINT ( 'NONE',  ( 14.82705365434141775, -23.15303777888382086, 996.7617465664258134 ) ) ;
#1775 = VECTOR ( 'NONE', #2113, 1000.000000000000000 ) ;
#1776 = CARTESIAN_POINT ( 'NONE',  ( 28.20720151120293551, -19.52082945453180329, 998.7617465664258134 ) ) ;
#1777 = ORIENTED_EDGE ( 'NONE', *, *, #589, .T. ) ;
#1778 = CARTESIAN_POINT ( 'NONE',  ( 13.32705365434141420, -22.15303777888381376, 994.7617465664258134 ) ) ;
#1779 = AXIS2_PLACEMENT_3D ( 'NONE', #824, #889, #1549 ) ;
#1780 = ORIENTED_EDGE ( 'NONE', *, *, #2231, .F. ) ;
#1781 = EDGE_CURVE ( 'NONE', #2908, #2755, #1511, .T. ) ;
#1782 = VERTEX_POINT ( 'NONE', #3171 ) ;
#1783 = CARTESIAN_POINT ( 'NONE',  ( 37.42847732750293233, -19.65303777888381731, 996.7617465664258134 ) ) ;
#1784 = CALENDAR_DATE ( 2026, 27, 6 ) ;
#1785 = ORIENTED_EDGE ( 'NONE', *, *, #589, .F. ) ;
#1786 = CARTESIAN_POINT ( 'NONE',  ( 31.10627501784522053, -9.904726882270324495, 994.7617465664258134 ) ) ;
#1787 = CARTESIAN_POINT ( 'NONE',  ( -26.35978350296906925, -20.52082945453181395, 998.2617465664258134 ) ) ;
#1788 = AXIS2_PLACEMENT_3D ( 'NONE', #3277, #1164, #2552 ) ;
#1789 = CARTESIAN_POINT ( 'NONE',  ( 27.70720151120292840, -14.12088745453381122, 998.2617465664258134 ) ) ;
#1790 = AXIS2_PLACEMENT_3D ( 'NONE', #3583, #2897, #436 ) ;
#1791 = AXIS2_PLACEMENT_3D ( 'NONE', #3521, #705, #2069 ) ;
#1792 = VERTEX_POINT ( 'NONE', #1789 ) ;
#1793 = EDGE_CURVE ( 'NONE', #2088, #3178, #2517, .T. ) ;
#1794 = AXIS2_PLACEMENT_3D ( 'NONE', #1561, #2566, #1470 ) ;
#1795 = PLANE ( 'NONE',  #828 ) ;
#1796 = DIRECTION ( 'NONE',  ( 1.000000000000000000, 0.000000000000000000, 0.000000000000000000 ) ) ;
#1797 = ORIENTED_EDGE ( 'NONE', *, *, #1260, .F. ) ;
#1798 = DIRECTION ( 'NONE',  ( 1.000000000000000000, 0.000000000000000000, 0.000000000000000000 ) ) ;
#1799 = AXIS2_PLACEMENT_3D ( 'NONE', #4316, #3663, #517 ) ;
#1800 = EDGE_CURVE ( 'NONE', #3704, #1559, #2128, .T. ) ;
#1801 = CARTESIAN_POINT ( 'NONE',  ( -40.62032776698665515, -10.90936937654906558, 996.7617465664258134 ) ) ;
#1802 = DIRECTION ( 'NONE',  ( 6.424970771824770971E-16, 1.000000000000000000, 0.000000000000000000 ) ) ;
#1803 = ORIENTED_EDGE ( 'NONE', *, *, #4306, .F. ) ;
#1804 = LINE ( 'NONE', #3205, #1490 ) ;
#1805 = ORIENTED_EDGE ( 'NONE', *, *, #1878, .F. ) ;
#1806 = ADVANCED_FACE ( 'NONE', ( #432 ), #22, .F. ) ;
#1807 = ORIENTED_EDGE ( 'NONE', *, *, #933, .F. ) ;
#1808 = DIRECTION ( 'NONE',  ( -0.000000000000000000, -0.000000000000000000, -1.000000000000000000 ) ) ;
#1809 = ORIENTED_EDGE ( 'NONE', *, *, #2627, .F. ) ;
#1810 = VERTEX_POINT ( 'NONE', #2863 ) ;
#1811 = CARTESIAN_POINT ( 'NONE',  ( 12.10217230114492715, -14.12088745453381122, 994.7617465664258134 ) ) ;
#1812 = CARTESIAN_POINT ( 'NONE',  ( 26.70720151120292840, -14.12088745453381122, 994.7617465664258134 ) ) ;
#1813 = LINE ( 'NONE', #1125, #552 ) ;
#1814 = ORIENTED_EDGE ( 'NONE', *, *, #789, .F. ) ;
#1815 = FACE_OUTER_BOUND ( 'NONE', #1479, .T. ) ;
#1816 = DIRECTION ( 'NONE',  ( -3.212485385912387951E-16, 1.000000000000000000, 0.000000000000000000 ) ) ;
#1817 = ORIENTED_EDGE ( 'NONE', *, *, #3651, .F. ) ;
#1818 = PLANE ( 'NONE',  #2118 ) ;
#1819 = DIRECTION ( 'NONE',  ( -1.683448087732883296E-15, 1.000000000000000000, 0.000000000000000000 ) ) ;
#1820 = EDGE_CURVE ( 'NONE', #1559, #2498, #2175, .T. ) ;
#1821 = DIRECTION ( 'NONE',  ( 0.000000000000000000, 0.000000000000000000, 1.000000000000000000 ) ) ;
#1822 = EDGE_CURVE ( 'NONE', #3752, #3610, #479, .T. ) ;
#1823 = ORIENTED_EDGE ( 'NONE', *, *, #2752, .F. ) ;
#1824 = DIRECTION ( 'NONE',  ( -0.000000000000000000, -0.000000000000000000, -1.000000000000000000 ) ) ;
#1825 = ORIENTED_EDGE ( 'NONE', *, *, #3983, .T. ) ;
#1826 = LINE ( 'NONE', #2440, #1927 ) ;
#1827 = EDGE_CURVE ( 'NONE', #525, #3532, #2105, .T. ) ;
#1828 = ORIENTED_EDGE ( 'NONE', *, *, #3145, .T. ) ;
#1829 = EDGE_LOOP ( 'NONE', ( #1846, #2030, #2195, #4076 ) ) ;
#1830 = CARTESIAN_POINT ( 'NONE',  ( -12.00875480091207592, -21.02082945453180685, 998.2617465664258134 ) ) ;
#1831 = DIRECTION ( 'NONE',  ( -0.000000000000000000, -0.000000000000000000, 1.000000000000000000 ) ) ;
#1832 = DIRECTION ( 'NONE',  ( 3.212485385912385485E-16, 1.000000000000000000, 0.000000000000000000 ) ) ;
#1833 = VERTEX_POINT ( 'NONE', #2558 ) ;
#1834 = AXIS2_PLACEMENT_3D ( 'NONE', #1550, #848, #4366 ) ;
#1835 = DIRECTION ( 'NONE',  ( 0.000000000000000000, 0.000000000000000000, 1.000000000000000000 ) ) ;
#1836 = FACE_OUTER_BOUND ( 'NONE', #4394, .T. ) ;
#1837 = ORIENTED_EDGE ( 'NONE', *, *, #4072, .T. ) ;
#1838 = FACE_OUTER_BOUND ( 'NONE', #2327, .T. ) ;
#1839 = CARTESIAN_POINT ( 'NONE',  ( 33.13833229796444613, -18.16472688226932064, 998.7617465664258134 ) ) ;
#1840 = ORIENTED_EDGE ( 'NONE', *, *, #3255, .T. ) ;
#1841 = DIRECTION ( 'NONE',  ( -0.000000000000000000, 0.000000000000000000, -1.000000000000000000 ) ) ;
#1842 = ORIENTED_EDGE ( 'NONE', *, *, #163, .F. ) ;
#1843 = ADVANCED_FACE ( 'NONE', ( #1081 ), #89, .F. ) ;
#1844 = ADVANCED_FACE ( 'NONE', ( #3948 ), #2843, .F. ) ;
#1845 = CARTESIAN_POINT ( 'NONE',  ( 12.10217230114492715, -14.12088745453381122, 998.2617465664258134 ) ) ;
#1846 = ORIENTED_EDGE ( 'NONE', *, *, #2241, .T. ) ;
#1847 = LINE ( 'NONE', #3987, #186 ) ;
#1848 = VECTOR ( 'NONE', #1819, 1000.000000000000000 ) ;
#1849 = ORIENTED_EDGE ( 'NONE', *, *, #1600, .F. ) ;
#1850 = VECTOR ( 'NONE', #2780, 1000.000000000000000 ) ;
#1851 = LINE ( 'NONE', #1595, #1143 ) ;
#1852 = DIRECTION ( 'NONE',  ( -4.015606732390484938E-17, -1.000000000000000000, 0.000000000000000000 ) ) ;
#1853 = DIRECTION ( 'NONE',  ( 1.000000000000000000, 0.000000000000000000, 0.000000000000000000 ) ) ;
#1854 = VECTOR ( 'NONE', #3841, 1000.000000000000000 ) ;
#1855 = ORIENTED_EDGE ( 'NONE', *, *, #4385, .F. ) ;
#1856 = EDGE_CURVE ( 'NONE', #3721, #1226, #3879, .T. ) ;
#1857 = CARTESIAN_POINT ( 'NONE',  ( -16.59988510297007025, -21.02082945453180685, 998.7617465664258134 ) ) ;
#1858 = VECTOR ( 'NONE', #3681, 1000.000000000000000 ) ;
#1859 = AXIS2_PLACEMENT_3D ( 'NONE', #2220, #4039, #827 ) ;
#1860 = PLANE ( 'NONE',  #3330 ) ;
#1861 = ORIENTED_EDGE ( 'NONE', *, *, #1726, .F. ) ;
#1862 = VECTOR ( 'NONE', #3289, 1000.000000000000000 ) ;
#1863 = DIRECTION ( 'NONE',  ( 1.000000000000000000, 0.000000000000000000, -0.000000000000000000 ) ) ;
#1864 = CIRCLE ( 'NONE', #4445, 1.500000000000001332 ) ;
#1865 = CYLINDRICAL_SURFACE ( 'NONE', #2894, 1.000000000000000888 ) ;
#1866 = VECTOR ( 'NONE', #3119, 1000.000000000000000 ) ;
#1867 = VERTEX_POINT ( 'NONE', #69 ) ;
#1868 = DIRECTION ( 'NONE',  ( 1.000000000000000000, 0.000000000000000000, 0.000000000000000000 ) ) ;
#1869 = AXIS2_PLACEMENT_3D ( 'NONE', #3558, #4318, #1444 ) ;
#1870 = AXIS2_PLACEMENT_3D ( 'NONE', #269, #937, #4525 ) ;
#1871 = CARTESIAN_POINT ( 'NONE',  ( -26.35978350296906925, -21.02082945453181395, 998.2617465664258134 ) ) ;
#1872 = ORIENTED_EDGE ( 'NONE', *, *, #1266, .F. ) ;
#1873 = PLANE ( 'NONE',  #2819 ) ;
#1874 = ORIENTED_EDGE ( 'NONE', *, *, #1230, .T. ) ;
#1875 = DIRECTION ( 'NONE',  ( 0.000000000000000000, -1.000000000000000000, 0.000000000000000000 ) ) ;
#1876 = DIRECTION ( 'NONE',  ( -0.000000000000000000, -0.000000000000000000, 1.000000000000000000 ) ) ;
#1877 = CYLINDRICAL_SURFACE ( 'NONE', #1262, 1.500000000000000888 ) ;
#1878 = EDGE_CURVE ( 'NONE', #3423, #3940, #4251, .T. ) ;
#1879 = EDGE_CURVE ( 'NONE', #2462, #1734, #2216, .T. ) ;
#1880 = VERTEX_POINT ( 'NONE', #847 ) ;
#1881 = LINE ( 'NONE', #504, #1862 ) ;
#1882 = FACE_OUTER_BOUND ( 'NONE', #728, .T. ) ;
#1883 = ADVANCED_FACE ( 'NONE', ( #1597, #1943 ), #4435, .T. ) ;
#1884 = DIRECTION ( 'NONE',  ( -0.000000000000000000, -0.000000000000000000, 1.000000000000000000 ) ) ;
#1885 = ORIENTED_EDGE ( 'NONE', *, *, #3787, .T. ) ;
#1886 = FACE_OUTER_BOUND ( 'NONE', #1938, .T. ) ;
#1887 = EDGE_LOOP ( 'NONE', ( #4129, #247, #3161, #2698, #797, #4019, #1289, #503 ) ) ;
#1888 = LINE ( 'NONE', #148, #4091 ) ;
#1889 = CARTESIAN_POINT ( 'NONE',  ( -20.37579369198157053, 20.82163583045519673, 996.7617465664258134 ) ) ;
#1890 = CARTESIAN_POINT ( 'NONE',  ( 35.92847732750293943, 8.077967428120427229, 996.7617465664258134 ) ) ;
#1891 = ORIENTED_EDGE ( 'NONE', *, *, #3646, .F. ) ;
#1892 = DIRECTION ( 'NONE',  ( 0.000000000000000000, -1.000000000000000000, 0.000000000000000000 ) ) ;
#1893 = ORIENTED_EDGE ( 'NONE', *, *, #2260, .T. ) ;
#1894 = FACE_OUTER_BOUND ( 'NONE', #2764, .T. ) ;
#1895 = DIRECTION ( 'NONE',  ( -0.000000000000000000, -0.000000000000000000, 1.000000000000000000 ) ) ;
#1896 = LINE ( 'NONE', #2236, #3241 ) ;
#1897 = DIRECTION ( 'NONE',  ( -0.000000000000000000, -0.000000000000000000, 1.000000000000000000 ) ) ;
#1898 = EDGE_LOOP ( 'NONE', ( #3206, #3889, #2250, #1758 ) ) ;
#1899 = ADVANCED_FACE ( 'NONE', ( #1964 ), #1213, .F. ) ;
#1900 = EDGE_CURVE ( 'NONE', #896, #3220, #2874, .T. ) ;
#1901 = PLANE ( 'NONE',  #2895 ) ;
#1902 = DIRECTION ( 'NONE',  ( 1.000000000000000000, 0.000000000000000000, 0.000000000000000000 ) ) ;
#1903 = CARTESIAN_POINT ( 'NONE',  ( -2.248856400913074260, -13.12088745453381122, 994.7617465664258134 ) ) ;
#1904 = ORIENTED_EDGE ( 'NONE', *, *, #1680, .T. ) ;
#1905 = DIRECTION ( 'NONE',  ( 0.000000000000000000, 0.000000000000000000, 1.000000000000000000 ) ) ;
#1906 = ORIENTED_EDGE ( 'NONE', *, *, #475, .F. ) ;
#1907 = CARTESIAN_POINT ( 'NONE',  ( 35.07158772934652546, 6.577967428120429894, 994.7617465664258134 ) ) ;
#1908 = EDGE_CURVE ( 'NONE', #1607, #4224, #2981, .T. ) ;
#1909 = DIRECTION ( 'NONE',  ( 1.683448087732883296E-15, -1.000000000000000000, 0.000000000000000000 ) ) ;
#1910 = DIRECTION ( 'NONE',  ( -0.000000000000000000, -0.000000000000000000, -1.000000000000000000 ) ) ;
#1911 = ORIENTED_EDGE ( 'NONE', *, *, #3032, .F. ) ;
#1912 = CARTESIAN_POINT ( 'NONE',  ( -13.50875480091207770, -19.52082945453180329, 998.7617465664258134 ) ) ;
#1913 = CIRCLE ( 'NONE', #3602, 1.249999999999997558 ) ;
#1914 = ORIENTED_EDGE ( 'NONE', *, *, #25, .F. ) ;
#1915 = CARTESIAN_POINT ( 'NONE',  ( -36.97721736514306201, -18.65303777888382086, 996.7617465664258134 ) ) ;
#1916 = VECTOR ( 'NONE', #1432, 1000.000000000000000 ) ;
#1917 = CARTESIAN_POINT ( 'NONE',  ( 12.57705365434141598, -23.15303777888381731, 996.7617465664258134 ) ) ;
#1918 = DIRECTION ( 'NONE',  ( 0.000000000000000000, -0.000000000000000000, 1.000000000000000000 ) ) ;
#1919 = CARTESIAN_POINT ( 'NONE',  ( 16.94730311120392585, -12.62088745453381478, 998.7617465664258134 ) ) ;
#1920 = AXIS2_PLACEMENT_3D ( 'NONE', #3304, #2958, #4364 ) ;
#1921 = VERTEX_POINT ( 'NONE', #1618 ) ;
#1922 = AXIS2_PLACEMENT_3D ( 'NONE', #1169, #156, #2625 ) ;
#1923 = CARTESIAN_POINT ( 'NONE',  ( -36.07593716428681319, -7.232593278003827564, 998.2617465664258134 ) ) ;
#1924 = DIRECTION ( 'NONE',  ( -6.424970771824775901E-16, -1.000000000000000000, 0.000000000000000000 ) ) ;
#1925 = ADVANCED_FACE ( 'NONE', ( #4059 ), #1877, .F. ) ;
#1926 = ORIENTED_EDGE ( 'NONE', *, *, #3908, .T. ) ;
#1927 = VECTOR ( 'NONE', #746, 1000.000000000000000 ) ;
#1928 = CARTESIAN_POINT ( 'NONE',  ( -40.62032776698665515, 6.577967428120442328, 996.7617465664258134 ) ) ;
#1929 = ORIENTED_EDGE ( 'NONE', *, *, #1346, .F. ) ;
#1930 = CARTESIAN_POINT ( 'NONE',  ( -16.59988510297007025, -19.52082945453180685, 998.2617465664258134 ) ) ;
#1931 = VERTEX_POINT ( 'NONE', #2278 ) ;
#1932 = DIRECTION ( 'NONE',  ( -0.000000000000000000, -0.000000000000000000, 1.000000000000000000 ) ) ;
#1933 = VECTOR ( 'NONE', #2323, 1000.000000000000000 ) ;
#1934 = EDGE_CURVE ( 'NONE', #2437, #2498, #1896, .T. ) ;
#1935 = AXIS2_PLACEMENT_3D ( 'NONE', #2482, #2853, #2809 ) ;
#1936 = DIRECTION ( 'NONE',  ( 1.000000000000000000, 0.000000000000000000, 0.000000000000000000 ) ) ;
#1937 = DIRECTION ( 'NONE',  ( 1.000000000000000000, 0.000000000000000000, 0.000000000000000000 ) ) ;
#1938 = EDGE_LOOP ( 'NONE', ( #4247, #3880, #794, #3965 ) ) ;
#1939 = DIRECTION ( 'NONE',  ( 0.000000000000000000, 0.000000000000000000, 1.000000000000000000 ) ) ;
#1940 = ORIENTED_EDGE ( 'NONE', *, *, #1781, .T. ) ;
#1941 = CYLINDRICAL_SURFACE ( 'NONE', #553, 1.000000000000004441 ) ;
#1942 = CARTESIAN_POINT ( 'NONE',  ( 32.42847732750293233, 17.32163583045519317, 998.7617465664258134 ) ) ;
#1943 = FACE_BOUND ( 'NONE', #1960, .T. ) ;
#1944 = FACE_OUTER_BOUND ( 'NONE', #1385, .T. ) ;
#1945 = VERTEX_POINT ( 'NONE', #501 ) ;
#1946 = LINE ( 'NONE', #1216, #670 ) ;
#1947 = LINE ( 'NONE', #4160, #1631 ) ;
#1948 = ORIENTED_EDGE ( 'NONE', *, *, #2540, .T. ) ;
#1949 = DIRECTION ( 'NONE',  ( 1.000000000000000000, -3.212485385912385485E-16, 0.000000000000000000 ) ) ;
#1950 = VERTEX_POINT ( 'NONE', #482 ) ;
#1951 = CARTESIAN_POINT ( 'NONE',  ( -26.35978350296906925, -19.52082945453181040, 998.2617465664258134 ) ) ;
#1952 = ORIENTED_EDGE ( 'NONE', *, *, #2254, .F. ) ;
#1953 = LINE ( 'NONE', #216, #350 ) ;
#1954 = CARTESIAN_POINT ( 'NONE',  ( 35.92847732750293943, 8.077967428120429005, 996.7617465664258134 ) ) ;
#1955 = ADVANCED_FACE ( 'NONE', ( #4388 ), #918, .F. ) ;
#1956 = EDGE_CURVE ( 'NONE', #978, #1159, #3004, .T. ) ;
#1957 = CARTESIAN_POINT ( 'NONE',  ( 35.92847732750293943, 6.093707644691767733, 996.7617465664258134 ) ) ;
#1958 = EDGE_LOOP ( 'NONE', ( #2983, #3012, #1241, #1134 ) ) ;
#1959 = DIRECTION ( 'NONE',  ( -0.000000000000000000, -0.000000000000000000, -1.000000000000000000 ) ) ;
#1960 = EDGE_LOOP ( 'NONE', ( #3131, #1837, #2483, #167, #409, #2203, #2176, #429 ) ) ;
#1961 = ADVANCED_FACE ( 'NONE', ( #4336 ), #1189, .F. ) ;
#1962 = ORIENTED_EDGE ( 'NONE', *, *, #202, .T. ) ;
#1963 = CARTESIAN_POINT ( 'NONE',  ( 26.70720151120292485, -20.52082945453181040, 994.7617465664258134 ) ) ;
#1964 = FACE_OUTER_BOUND ( 'NONE', #3522, .T. ) ;
#1965 = CYLINDRICAL_SURFACE ( 'NONE', #4116, 1.500000000000000888 ) ;
#1966 = EDGE_LOOP ( 'NONE', ( #884, #655, #224, #1828 ) ) ;
#1967 = EDGE_CURVE ( 'NONE', #2778, #301, #2573, .T. ) ;
#1968 = LINE ( 'NONE', #4112, #3553 ) ;
#1969 = DIRECTION ( 'NONE',  ( 0.000000000000000000, 0.000000000000000000, 1.000000000000000000 ) ) ;
#1970 = ORIENTED_EDGE ( 'NONE', *, *, #2038, .F. ) ;
#1971 = CARTESIAN_POINT ( 'NONE',  ( 26.70720151120292840, -13.12088745453381122, 994.7617465664258134 ) ) ;
#1972 = ORIENTED_EDGE ( 'NONE', *, *, #4494, .F. ) ;
#1973 = DIRECTION ( 'NONE',  ( 1.000000000000000000, 0.000000000000000000, 0.000000000000000000 ) ) ;
#1974 = ORIENTED_EDGE ( 'NONE', *, *, #1020, .F. ) ;
#1975 = FACE_OUTER_BOUND ( 'NONE', #3920, .T. ) ;
#1976 = DIRECTION ( 'NONE',  ( -1.000000000000000000, -1.777399113065546671E-16, 0.000000000000000000 ) ) ;
#1977 = AXIS2_PLACEMENT_3D ( 'NONE', #3993, #2580, #573 ) ;
#1978 = CARTESIAN_POINT ( 'NONE',  ( -36.97721736514306201, 16.32163583045519673, 994.7617465664258134 ) ) ;
#1979 = ORIENTED_EDGE ( 'NONE', *, *, #3223, .F. ) ;
#1980 = LINE ( 'NONE', #1666, #3851 ) ;
#1981 = EDGE_CURVE ( 'NONE', #4260, #2304, #3354, .T. ) ;
#1982 = ORIENTED_EDGE ( 'NONE', *, *, #3712, .F. ) ;
#1983 = EDGE_CURVE ( 'NONE', #3313, #562, #868, .T. ) ;
#1984 = ORIENTED_EDGE ( 'NONE', *, *, #3455, .T. ) ;
#1985 = CARTESIAN_POINT ( 'NONE',  ( -27.85978350296907280, -14.12088745453381122, 998.7617465664258134 ) ) ;
#1986 = VECTOR ( 'NONE', #949, 1000.000000000000000 ) ;
#1987 = CARTESIAN_POINT ( 'NONE',  ( -34.41089783250500034, -14.23259327800182739, 998.2617465664258134 ) ) ;
#1988 = CARTESIAN_POINT ( 'NONE',  ( 32.42847732750293233, 22.32163583045518962, 998.7617465664258134 ) ) ;
#1989 = ORIENTED_EDGE ( 'NONE', *, *, #1560, .T. ) ;
#1990 = CARTESIAN_POINT ( 'NONE',  ( -36.07593716428681319, -7.232593278003827564, 994.7617465664258134 ) ) ;
#1991 = CARTESIAN_POINT ( 'NONE',  ( -2.248856400913074260, -12.62088745453381122, 998.2617465664258134 ) ) ;
#1992 = VECTOR ( 'NONE', #3665, 1000.000000000000000 ) ;
#1993 = VECTOR ( 'NONE', #2775, 1000.000000000000000 ) ;
#1994 = EDGE_CURVE ( 'NONE', #2319, #1387, #4409, .T. ) ;
#1995 = ORIENTED_EDGE ( 'NONE', *, *, #535, .F. ) ;
#1996 = CARTESIAN_POINT ( 'NONE',  ( 12.10217230114492715, -21.02082945453181040, 998.2617465664258134 ) ) ;
#1997 = ORIENTED_EDGE ( 'NONE', *, *, #223, .T. ) ;
#1998 = DIRECTION ( 'NONE',  ( -0.000000000000000000, 1.000000000000000000, -0.000000000000000000 ) ) ;
#1999 = EDGE_LOOP ( 'NONE', ( #2055, #3151, #3164, #28 ) ) ;
#2000 = CARTESIAN_POINT ( 'NONE',  ( -41.47721736514306201, -10.40936937654906558, 996.7617465664258134 ) ) ;
#2001 = VECTOR ( 'NONE', #3874, 1000.000000000000000 ) ;
#2002 = CARTESIAN_POINT ( 'NONE',  ( 2.342273901145924597, -19.52082945453180685, 998.2617465664258134 ) ) ;
#2003 = CIRCLE ( 'NONE', #3842, 1.500000000000001332 ) ;
#2004 = CLOSED_SHELL ( 'NONE', ( #1210, #93, #3539, #4071, #1461, #3311, #4084, #2132, #120, #2596, #80, #3201, #1070, #3318, #2545, #1738, #2927, #3272, #1372, #1486, #3454, #3026, #1354, #1844, #3374, #783, #3871, #1651, #40, #2474, #119, #1126, #140, #4127, #141, #359, #4323, #3627, #1034, #477, #397, #2771, #4268, #3490, #4017, #439, #675, #1899, #68, #2206, #1151, #2628, #149, #3954, #3380, #3146, #3930, #3982, #1679, #2190, #1593, #2324, #388, #1316, #57, #3964, #4322, #2978, #1010, #1380, #2567, #4378, #3263, #3953, #2401, #2066, #4183, #1843, #561, #1105, #4447, #2984, #4007, #3821, #3843, #2049, #4345, #1955, #4266, #4531, #3941, #2076, #571, #2654, #3090, #4165, #1883, #4549, #1594, #3931, #3401, #1574, #261, #1619, #4128, #3669, #4372, #3132, #2039, #313, #2488, #1925, #1806, #4, #3836, #2551, #4411, #306, #387, #2890, #3854, #1534, #4238, #1961, #4347, #336, #4391, #171, #1508, #2743, #1228, #3373, #197, #626, #2180, #2156, #3729 ) ) ;
#2005 = LINE ( 'NONE', #2300, #471 ) ;
#2006 = ORIENTED_EDGE ( 'NONE', *, *, #613, .F. ) ;
#2007 = DIRECTION ( 'NONE',  ( -0.000000000000000000, 0.000000000000000000, -1.000000000000000000 ) ) ;
#2008 = ORIENTED_EDGE ( 'NONE', *, *, #2347, .T. ) ;
#2009 = CIRCLE ( 'NONE', #3484, 0.5743212343493758754 ) ;
#2010 = VECTOR ( 'NONE', #989, 1000.000000000000000 ) ;
#2011 = ORIENTED_EDGE ( 'NONE', *, *, #2797, .F. ) ;
#2012 = CARTESIAN_POINT ( 'NONE',  ( 26.70720151120292485, -19.52082945453180685, 994.7617465664258134 ) ) ;
#2013 = AXIS2_PLACEMENT_3D ( 'NONE', #4169, #331, #1733 ) ;
#2014 = FACE_OUTER_BOUND ( 'NONE', #2531, .T. ) ;
#2015 = CIRCLE ( 'NONE', #116, 1.500000000000004885 ) ;
#2016 = CARTESIAN_POINT ( 'NONE',  ( -26.35978350296907280, -14.12088745453381122, 998.2617465664258134 ) ) ;
#2017 = CARTESIAN_POINT ( 'NONE',  ( 12.10217230114492715, -13.12088745453381122, 994.7617465664258134 ) ) ;
#2018 = EDGE_CURVE ( 'NONE', #2509, #2786, #4503, .T. ) ;
#2019 = EDGE_CURVE ( 'NONE', #3867, #1468, #4425, .T. ) ;
#2020 = DIRECTION ( 'NONE',  ( -1.000000000000000000, -4.015606732390484938E-17, 0.000000000000000000 ) ) ;
#2021 = VERTEX_POINT ( 'NONE', #3446 ) ;
#2022 = CARTESIAN_POINT ( 'NONE',  ( 31.42847732750292522, -18.65303777888382086, 996.7617465664258134 ) ) ;
#2023 = CARTESIAN_POINT ( 'NONE',  ( -24.48979620296907456, -20.52082945453181040, 994.7617465664258134 ) ) ;
#2024 = VERTEX_POINT ( 'NONE', #4110 ) ;
#2025 = FACE_OUTER_BOUND ( 'NONE', #1334, .T. ) ;
#2026 = DIRECTION ( 'NONE',  ( -0.000000000000000000, -0.000000000000000000, 1.000000000000000000 ) ) ;
#2027 = CARTESIAN_POINT ( 'NONE',  ( -12.00875480091207592, -19.52082945453180329, 994.7617465664258134 ) ) ;
#2028 = ORIENTED_EDGE ( 'NONE', *, *, #4182, .F. ) ;
#2029 = CARTESIAN_POINT ( 'NONE',  ( -16.59988510297007025, -12.62088745453381122, 998.7617465664258134 ) ) ;
#2030 = ORIENTED_EDGE ( 'NONE', *, *, #3529, .F. ) ;
#2031 = VERTEX_POINT ( 'NONE', #1648 ) ;
#2032 = DIRECTION ( 'NONE',  ( 1.000000000000000000, 0.000000000000000000, 0.000000000000000000 ) ) ;
#2033 = CARTESIAN_POINT ( 'NONE',  ( 31.10627501784522053, -9.904726882270324495, 998.2617465664258134 ) ) ;
#2034 = CYLINDRICAL_SURFACE ( 'NONE', #3735, 1.499999999999997780 ) ;
#2035 = DIRECTION ( 'NONE',  ( -0.000000000000000000, -0.000000000000000000, 1.000000000000000000 ) ) ;
#2036 = CARTESIAN_POINT ( 'NONE',  ( -42.97721736514308333, -19.65303777888381731, 998.7617465664258134 ) ) ;
#2037 = ORIENTED_EDGE ( 'NONE', *, *, #419, .F. ) ;
#2038 = EDGE_CURVE ( 'NONE', #3732, #154, #986, .T. ) ;
#2039 = ADVANCED_FACE ( 'NONE', ( #2748 ), #943, .F. ) ;
#2040 = CARTESIAN_POINT ( 'NONE',  ( -36.97721736514306201, -23.15303777888382086, 996.7617465664258134 ) ) ;
#2041 = DIRECTION ( 'NONE',  ( 0.000000000000000000, 0.000000000000000000, 1.000000000000000000 ) ) ;
#2042 = ORIENTED_EDGE ( 'NONE', *, *, #2892, .F. ) ;
#2043 = DIRECTION ( 'NONE',  ( -1.000000000000000000, 0.000000000000000000, -0.000000000000000000 ) ) ;
#2044 = DIRECTION ( 'NONE',  ( 1.000000000000000000, 4.179698103316837663E-16, 0.000000000000000000 ) ) ;
#2045 = DIRECTION ( 'NONE',  ( 1.000000000000000000, 0.000000000000000000, 0.000000000000000000 ) ) ;
#2046 = VERTEX_POINT ( 'NONE', #3761 ) ;
#2047 = CARTESIAN_POINT ( 'NONE',  ( -40.62032776698665515, -8.909369376549067354, 996.7617465664258134 ) ) ;
#2048 = VERTEX_POINT ( 'NONE', #273 ) ;
#2049 = ADVANCED_FACE ( 'NONE', ( #3055 ), #3399, .F. ) ;
#2050 = ORIENTED_EDGE ( 'NONE', *, *, #3228, .T. ) ;
#2051 = DIRECTION ( 'NONE',  ( -0.000000000000000000, -0.000000000000000000, 1.000000000000000000 ) ) ;
#2052 = PRODUCT_DEFINITION_SHAPE ( 'NONE', 'NONE',  #4023 ) ;
#2053 = CARTESIAN_POINT ( 'NONE',  ( 35.07158772934651836, -10.90936937654907801, 994.7617465664258134 ) ) ;
#2054 = FACE_OUTER_BOUND ( 'NONE', #2369, .T. ) ;
#2055 = ORIENTED_EDGE ( 'NONE', *, *, #4114, .F. ) ;
#2056 = DIRECTION ( 'NONE',  ( -0.000000000000000000, -0.000000000000000000, -1.000000000000000000 ) ) ;
#2057 = ORIENTED_EDGE ( 'NONE', *, *, #340, .F. ) ;
#2058 = AXIS2_PLACEMENT_3D ( 'NONE', #2269, #904, #1976 ) ;
#2059 = EDGE_CURVE ( 'NONE', #61, #4191, #3097, .T. ) ;
#2060 = ORIENTED_EDGE ( 'NONE', *, *, #669, .F. ) ;
#2061 = DIRECTION ( 'NONE',  ( -0.000000000000000000, -0.000000000000000000, -1.000000000000000000 ) ) ;
#2062 = VECTOR ( 'NONE', #4079, 1000.000000000000000 ) ;
#2063 = AXIS2_PLACEMENT_3D ( 'NONE', #4395, #3998, #2966 ) ;
#2064 = VECTOR ( 'NONE', #3352, 1000.000000000000000 ) ;
#2065 = LINE ( 'NONE', #2363, #1854 ) ;
#2066 = ADVANCED_FACE ( 'NONE', ( #4506 ), #963, .F. ) ;
#2067 = CARTESIAN_POINT ( 'NONE',  ( -1.248856400913074260, -19.52082945453180685, 994.7617465664258134 ) ) ;
#2068 = ORIENTED_EDGE ( 'NONE', *, *, #25, .T. ) ;
#2069 = DIRECTION ( 'NONE',  ( -1.000000000000000000, 0.000000000000000000, 0.000000000000000000 ) ) ;
#2070 = AXIS2_PLACEMENT_3D ( 'NONE', #3398, #2349, #2394 ) ;
#2071 = ORIENTED_EDGE ( 'NONE', *, *, #4493, .F. ) ;
#2072 = VECTOR ( 'NONE', #198, 1000.000000000000000 ) ;
#2073 = VECTOR ( 'NONE', #4234, 1000.000000000000000 ) ;
#2074 = ORIENTED_EDGE ( 'NONE', *, *, #111, .F. ) ;
#2075 = CARTESIAN_POINT ( 'NONE',  ( 26.70720151120292840, -14.12088745453381122, 998.2617465664258134 ) ) ;
#2076 = ADVANCED_FACE ( 'NONE', ( #2014, #3784 ), #1350, .T. ) ;
#2077 = CARTESIAN_POINT ( 'NONE',  ( -36.57593716428681319, -14.23259327800182739, 998.2617465664258134 ) ) ;
#2078 = AXIS2_PLACEMENT_3D ( 'NONE', #1743, #2861, #3214 ) ;
#2079 = CARTESIAN_POINT ( 'NONE',  ( 16.94730311120392940, -19.52082945453180685, 998.2617465664258134 ) ) ;
#2080 = CIRCLE ( 'NONE', #3265, 1.500000000000000888 ) ;
#2081 = VECTOR ( 'NONE', #3719, 1000.000000000000000 ) ;
#2082 = LINE ( 'NONE', #2036, #679 ) ;
#2083 = LINE ( 'NONE', #3013, #1285 ) ;
#2084 = VERTEX_POINT ( 'NONE', #1671 ) ;
#2085 = AXIS2_PLACEMENT_3D ( 'NONE', #1767, #4231, #2472 ) ;
#2086 = CIRCLE ( 'NONE', #1065, 1.532057280119222931 ) ;
#2087 = DIRECTION ( 'NONE',  ( 1.000000000000000000, 0.000000000000000000, 0.000000000000000000 ) ) ;
#2088 = VERTEX_POINT ( 'NONE', #2375 ) ;
#2089 = EDGE_LOOP ( 'NONE', ( #3041, #2795, #2831, #337 ) ) ;
#2090 = CARTESIAN_POINT ( 'NONE',  ( -15.09988510297007380, -19.52082945453180685, 998.2617465664258134 ) ) ;
#2091 = LINE ( 'NONE', #4492, #1118 ) ;
#2092 = DIRECTION ( 'NONE',  ( 1.000000000000000000, 0.000000000000000000, 0.000000000000000000 ) ) ;
#2093 = ORIENTED_EDGE ( 'NONE', *, *, #1297, .T. ) ;
#2094 = DIRECTION ( 'NONE',  ( 1.000000000000000000, 0.000000000000000000, 0.000000000000000000 ) ) ;
#2095 = ORIENTED_EDGE ( 'NONE', *, *, #3155, .F. ) ;
#2096 = EDGE_CURVE ( 'NONE', #3460, #1391, #2395, .T. ) ;
#2097 = EDGE_CURVE ( 'NONE', #2553, #3188, #381, .T. ) ;
#2098 = EDGE_LOOP ( 'NONE', ( #2523, #1249, #3024, #3120 ) ) ;
#2099 = DIRECTION ( 'NONE',  ( -0.000000000000000000, -0.000000000000000000, 1.000000000000000000 ) ) ;
#2100 = PERSON_AND_ORGANIZATION ( #283, #4024 ) ;
#2101 = AXIS2_PLACEMENT_3D ( 'NONE', #3611, #4377, #1868 ) ;
#2102 = ORIENTED_EDGE ( 'NONE', *, *, #3233, .F. ) ;
#2103 = LINE ( 'NONE', #3168, #2668 ) ;
#2104 = DIRECTION ( 'NONE',  ( 1.000000000000000000, 0.000000000000000000, 0.000000000000000000 ) ) ;
#2105 = LINE ( 'NONE', #2821, #2374 ) ;
#2106 = EDGE_LOOP ( 'NONE', ( #4477, #2217, #786, #1599 ) ) ;
#2107 = AXIS2_PLACEMENT_3D ( 'NONE', #1017, #2406, #3815 ) ;
#2108 = EDGE_CURVE ( 'NONE', #3957, #4164, #4132, .T. ) ;
#2109 = DIRECTION ( 'NONE',  ( -0.000000000000000000, -0.000000000000000000, 1.000000000000000000 ) ) ;
#2110 = LINE ( 'NONE', #2920, #2734 ) ;
#2111 = EDGE_LOOP ( 'NONE', ( #1458, #1708, #427, #1660 ) ) ;
#2112 = CARTESIAN_POINT ( 'NONE',  ( 35.07158772934651836, -10.90936937654907801, 996.7617465664258134 ) ) ;
#2113 = DIRECTION ( 'NONE',  ( -1.000000000000000000, 0.000000000000000000, 0.000000000000000000 ) ) ;
#2114 = DIRECTION ( 'NONE',  ( -0.000000000000000000, 0.000000000000000000, 1.000000000000000000 ) ) ;
#2115 = EDGE_LOOP ( 'NONE', ( #303, #2643, #2942, #4356 ) ) ;
#2116 = CARTESIAN_POINT ( 'NONE',  ( -15.59988510297007203, -14.12088745453381122, 998.2617465664258134 ) ) ;
#2117 = ORIENTED_EDGE ( 'NONE', *, *, #2836, .T. ) ;
#2118 = AXIS2_PLACEMENT_3D ( 'NONE', #2651, #2681, #890 ) ;
#2119 = VERTEX_POINT ( 'NONE', #2994 ) ;
#2120 = CARTESIAN_POINT ( 'NONE',  ( 26.70720151120292485, -21.02082945453181395, 998.7617465664258134 ) ) ;
#2121 = EDGE_CURVE ( 'NONE', #4403, #402, #4454, .T. ) ;
#2122 = EDGE_CURVE ( 'NONE', #2731, #3278, #3535, .T. ) ;
#2123 = PERSON_AND_ORGANIZATION_ROLE ( 'design_owner' ) ;
#2124 = ORIENTED_EDGE ( 'NONE', *, *, #767, .T. ) ;
#2125 = CARTESIAN_POINT ( 'NONE',  ( -2.248856400913074705, -20.52082945453181395, 994.7617465664258134 ) ) ;
#2126 = CIRCLE ( 'NONE', #3307, 1.532057280119222931 ) ;
#2127 = DIRECTION ( 'NONE',  ( -0.000000000000000000, -0.000000000000000000, -1.000000000000000000 ) ) ;
#2128 = LINE ( 'NONE', #3928, #41 ) ;
#2129 = EDGE_LOOP ( 'NONE', ( #1997, #1336, #4195, #2854 ) ) ;
#2130 = DIRECTION ( 'NONE',  ( -0.000000000000000000, -0.000000000000000000, 1.000000000000000000 ) ) ;
#2131 = PLANE ( 'NONE',  #252 ) ;
#2132 = ADVANCED_FACE ( 'NONE', ( #4351 ), #4401, .F. ) ;
#2133 = ORIENTED_EDGE ( 'NONE', *, *, #1764, .T. ) ;
#2134 = DIRECTION ( 'NONE',  ( -0.000000000000000000, -0.000000000000000000, 1.000000000000000000 ) ) ;
#2135 = CIRCLE ( 'NONE', #2419, 1.000000000000000888 ) ;
#2136 = DIRECTION ( 'NONE',  ( 1.000000000000000000, 0.000000000000000000, 0.000000000000000000 ) ) ;
#2137 = DIRECTION ( 'NONE',  ( 0.000000000000000000, -1.000000000000000000, 0.000000000000000000 ) ) ;
#2138 = VERTEX_POINT ( 'NONE', #1298 ) ;
#2139 = FACE_OUTER_BOUND ( 'NONE', #3280, .T. ) ;
#2140 = AXIS2_PLACEMENT_3D ( 'NONE', #3728, #584, #1609 ) ;
#2141 = CIRCLE ( 'NONE', #1922, 1.000000000000000222 ) ;
#2142 = ORIENTED_EDGE ( 'NONE', *, *, #823, .T. ) ;
#2143 = ORIENTED_EDGE ( 'NONE', *, *, #3798, .F. ) ;
#2144 = CARTESIAN_POINT ( 'NONE',  ( -19.37579369198156698, 20.82163583045519673, 994.7617465664258134 ) ) ;
#2145 = ORIENTED_EDGE ( 'NONE', *, *, #527, .T. ) ;
#2146 = EDGE_LOOP ( 'NONE', ( #3124, #3392, #4277, #1525 ) ) ;
#2147 = AXIS2_PLACEMENT_3D ( 'NONE', #2075, #338, #3208 ) ;
#2148 = AXIS2_PLACEMENT_3D ( 'NONE', #1037, #2041, #3496 ) ;
#2149 = DIRECTION ( 'NONE',  ( -0.000000000000000000, -0.000000000000000000, 1.000000000000000000 ) ) ;
#2150 = CARTESIAN_POINT ( 'NONE',  ( -41.47721736514306201, 8.077967428120439664, 996.7617465664258134 ) ) ;
#2151 = CARTESIAN_POINT ( 'NONE',  ( 35.92847732750293943, 6.093707644691767733, 994.7617465664258134 ) ) ;
#2152 = VECTOR ( 'NONE', #431, 1000.000000000000000 ) ;
#2153 = EDGE_LOOP ( 'NONE', ( #4367, #1521, #3756, #3589 ) ) ;
#2154 = EDGE_CURVE ( 'NONE', #1782, #4064, #2597, .T. ) ;
#2155 = VECTOR ( 'NONE', #1462, 1000.000000000000000 ) ;
#2156 = ADVANCED_FACE ( 'NONE', ( #954 ), #2641, .F. ) ;
#2157 = CARTESIAN_POINT ( 'NONE',  ( 35.92847732750292522, -9.409369376549081565, 994.7617465664258134 ) ) ;
#2158 = CYLINDRICAL_SURFACE ( 'NONE', #4285, 0.5743212343493758754 ) ;
#2159 = ORIENTED_EDGE ( 'NONE', *, *, #2947, .T. ) ;
#2160 = CARTESIAN_POINT ( 'NONE',  ( 1.342273901145924597, -14.12088745453381122, 994.7617465664258134 ) ) ;
#2161 = VECTOR ( 'NONE', #3236, 1000.000000000000000 ) ;
#2162 = VECTOR ( 'NONE', #2644, 1000.000000000000000 ) ;
#2163 = EDGE_CURVE ( 'NONE', #915, #1880, #3658, .T. ) ;
#2164 = LINE ( 'NONE', #2458, #2722 ) ;
#2165 = DIRECTION ( 'NONE',  ( 1.000000000000000000, 4.015606732390484938E-17, 0.000000000000000000 ) ) ;
#2166 = ORIENTED_EDGE ( 'NONE', *, *, #1509, .T. ) ;
#2167 = FACE_BOUND ( 'NONE', #4014, .T. ) ;
#2168 = VERTEX_POINT ( 'NONE', #217 ) ;
#2169 = EDGE_CURVE ( 'NONE', #2635, #3435, #4048, .T. ) ;
#2170 = CARTESIAN_POINT ( 'NONE',  ( 16.94730311120392940, -20.52082945453181395, 994.7617465664258134 ) ) ;
#2171 = PERSON_AND_ORGANIZATION ( #283, #4024 ) ;
#2172 = ORIENTED_EDGE ( 'NONE', *, *, #4248, .T. ) ;
#2173 = DIRECTION ( 'NONE',  ( -1.000000000000000000, 0.000000000000000000, 0.000000000000000000 ) ) ;
#2174 = FACE_OUTER_BOUND ( 'NONE', #3452, .T. ) ;
#2175 = LINE ( 'NONE', #118, #2591 ) ;
#2176 = ORIENTED_EDGE ( 'NONE', *, *, #483, .T. ) ;
#2177 = DIRECTION ( 'NONE',  ( 1.000000000000000000, 0.000000000000000000, 0.000000000000000000 ) ) ;
#2178 = CARTESIAN_POINT ( 'NONE',  ( 24.83721421120392492, -20.52082945453181040, 994.7617465664258134 ) ) ;
#2179 = ORIENTED_EDGE ( 'NONE', *, *, #992, .F. ) ;
#2180 = ADVANCED_FACE ( 'NONE', ( #4003 ), #4050, .F. ) ;
#2181 = EDGE_CURVE ( 'NONE', #4405, #896, #2692, .T. ) ;
#2182 = CARTESIAN_POINT ( 'NONE',  ( -36.07593716428681319, -14.23259327800182739, 994.7617465664258134 ) ) ;
#2183 = CARTESIAN_POINT ( 'NONE',  ( -16.59988510297007025, -14.12088745453381122, 998.2617465664258134 ) ) ;
#2184 = ORIENTED_EDGE ( 'NONE', *, *, #914, .T. ) ;
#2185 = DIRECTION ( 'NONE',  ( 0.000000000000000000, 0.000000000000000000, 1.000000000000000000 ) ) ;
#2186 = ORIENTED_EDGE ( 'NONE', *, *, #2514, .F. ) ;
#2187 = CARTESIAN_POINT ( 'NONE',  ( -12.00875480091207592, -14.12088745453381122, 998.2617465664258134 ) ) ;
#2188 = ORIENTED_EDGE ( 'NONE', *, *, #3061, .T. ) ;
#2189 = APPROVAL_DATE_TIME ( #749, #1668 ) ;
#2190 = ADVANCED_FACE ( 'NONE', ( #564 ), #150, .F. ) ;
#2191 = EDGE_LOOP ( 'NONE', ( #3449, #1855, #2904, #2766 ) ) ;
#2192 = DIRECTION ( 'NONE',  ( 1.000000000000000000, 0.000000000000000000, 0.000000000000000000 ) ) ;
#2193 = LINE ( 'NONE', #3579, #2152 ) ;
#2194 = CARTESIAN_POINT ( 'NONE',  ( -32.24585850072318038, -7.232593278003827564, 998.2617465664258134 ) ) ;
#2195 = ORIENTED_EDGE ( 'NONE', *, *, #1562, .F. ) ;
#2196 = FACE_BOUND ( 'NONE', #3929, .T. ) ;
#2197 = FACE_OUTER_BOUND ( 'NONE', #677, .T. ) ;
#2198 = VERTEX_POINT ( 'NONE', #1889 ) ;
#2199 = FACE_BOUND ( 'NONE', #1887, .T. ) ;
#2200 = EDGE_CURVE ( 'NONE', #4272, #2495, #3390, .T. ) ;
#2201 = VECTOR ( 'NONE', #2109, 1000.000000000000000 ) ;
#2202 = CARTESIAN_POINT ( 'NONE',  ( 31.42847732750292522, 16.32163583045519673, 996.7617465664258134 ) ) ;
#2203 = ORIENTED_EDGE ( 'NONE', *, *, #1076, .T. ) ;
#2204 = DIRECTION ( 'NONE',  ( -0.000000000000000000, -0.000000000000000000, -1.000000000000000000 ) ) ;
#2205 = AXIS2_PLACEMENT_3D ( 'NONE', #126, #3518, #3911 ) ;
#2206 = ADVANCED_FACE ( 'NONE', ( #3018 ), #172, .F. ) ;
#2207 = CARTESIAN_POINT ( 'NONE',  ( 35.92847732750292522, -18.65303777888382086, 994.7617465664258134 ) ) ;
#2208 = CARTESIAN_POINT ( 'NONE',  ( 12.57705365434144262, 20.82163583045519317, 996.7617465664258134 ) ) ;
#2209 = AXIS2_PLACEMENT_3D ( 'NONE', #2248, #2299, #3345 ) ;
#2210 = ORIENTED_EDGE ( 'NONE', *, *, #668, .F. ) ;
#2211 = CIRCLE ( 'NONE', #246, 4.500000000000003553 ) ;
#2212 = VECTOR ( 'NONE', #1314, 1000.000000000000000 ) ;
#2213 = EDGE_CURVE ( 'NONE', #558, #1584, #2801, .T. ) ;
#2214 = CARTESIAN_POINT ( 'NONE',  ( 16.94730311120392940, -19.52082945453180685, 994.7617465664258134 ) ) ;
#2215 = LINE ( 'NONE', #2277, #3107 ) ;
#2216 = LINE ( 'NONE', #137, #528 ) ;
#2217 = ORIENTED_EDGE ( 'NONE', *, *, #3367, .F. ) ;
#2218 = CYLINDRICAL_SURFACE ( 'NONE', #3022, 1.000000000000000222 ) ;
#2219 = VECTOR ( 'NONE', #4482, 1000.000000000000000 ) ;
#2220 = CARTESIAN_POINT ( 'NONE',  ( 31.10627501784522053, -9.904726882270324495, 998.2617465664258134 ) ) ;
#2221 = AXIS2_PLACEMENT_3D ( 'NONE', #3203, #2137, #1042 ) ;
#2222 = CARTESIAN_POINT ( 'NONE',  ( 29.07421773772599849, -18.16472688226932064, 998.2617465664258134 ) ) ;
#2223 = ORIENTED_EDGE ( 'NONE', *, *, #2200, .F. ) ;
#2224 = DIRECTION ( 'NONE',  ( 0.000000000000000000, 0.000000000000000000, 1.000000000000000000 ) ) ;
#2225 = AXIS2_PLACEMENT_3D ( 'NONE', #3989, #2253, #3687 ) ;
#2226 = ORIENTED_EDGE ( 'NONE', *, *, #3787, .F. ) ;
#2227 = FACE_OUTER_BOUND ( 'NONE', #4538, .T. ) ;
#2228 = CARTESIAN_POINT ( 'NONE',  ( -42.97721736514308333, 17.32163583045519317, 998.7617465664258134 ) ) ;
#2229 = ORIENTED_EDGE ( 'NONE', *, *, #3342, .T. ) ;
#2230 = LINE ( 'NONE', #1227, #114 ) ;
#2231 = EDGE_CURVE ( 'NONE', #3610, #4262, #4379, .T. ) ;
#2232 = ORIENTED_EDGE ( 'NONE', *, *, #3679, .T. ) ;
#2233 = EDGE_CURVE ( 'NONE', #1945, #3023, #1202, .T. ) ;
#2234 = DIRECTION ( 'NONE',  ( 1.000000000000000000, 0.000000000000000000, 0.000000000000000000 ) ) ;
#2235 = DIRECTION ( 'NONE',  ( 0.000000000000000000, 0.000000000000000000, 1.000000000000000000 ) ) ;
#2236 = CARTESIAN_POINT ( 'NONE',  ( -40.62032776698665515, -10.90936937654906558, 996.7617465664258134 ) ) ;
#2237 = LINE ( 'NONE', #2332, #1310 ) ;
#2238 = ORIENTED_EDGE ( 'NONE', *, *, #879, .T. ) ;
#2239 = LINE ( 'NONE', #187, #472 ) ;
#2240 = CARTESIAN_POINT ( 'NONE',  ( -12.00875480091207592, -12.62088745453381122, 998.2617465664258134 ) ) ;
#2241 = EDGE_CURVE ( 'NONE', #961, #3721, #1408, .T. ) ;
#2242 = AXIS2_PLACEMENT_3D ( 'NONE', #2247, #812, #2970 ) ;
#2243 = CARTESIAN_POINT ( 'NONE',  ( -36.97721736514306201, 16.32163583045519673, 996.7617465664258134 ) ) ;
#2244 = EDGE_LOOP ( 'NONE', ( #997, #3781, #1025, #3794 ) ) ;
#2245 = CARTESIAN_POINT ( 'NONE',  ( 31.42847732750293233, 20.82163583045519673, 996.7617465664258134 ) ) ;
#2246 = ORIENTED_EDGE ( 'NONE', *, *, #2287, .F. ) ;
#2247 = CARTESIAN_POINT ( 'NONE',  ( -18.12579369198158119, -23.15303777888382086, 996.7617465664258134 ) ) ;
#2248 = CARTESIAN_POINT ( 'NONE',  ( 27.70720151120292840, -19.52082945453180685, 994.7617465664258134 ) ) ;
#2249 = DIRECTION ( 'NONE',  ( 6.424970771824775901E-16, 1.000000000000000000, -0.000000000000000000 ) ) ;
#2250 = ORIENTED_EDGE ( 'NONE', *, *, #2812, .F. ) ;
#2251 = FACE_OUTER_BOUND ( 'NONE', #275, .T. ) ;
#2252 = ORIENTED_EDGE ( 'NONE', *, *, #2038, .T. ) ;
#2253 = DIRECTION ( 'NONE',  ( 1.000000000000000000, -3.212485385912387951E-16, 0.000000000000000000 ) ) ;
#2254 = EDGE_CURVE ( 'NONE', #734, #4232, #3906, .T. ) ;
#2255 = LINE ( 'NONE', #1253, #2518 ) ;
#2256 = CARTESIAN_POINT ( 'NONE',  ( 1.342273901145924597, -14.12088745453381122, 998.2617465664258134 ) ) ;
#2257 = CARTESIAN_POINT ( 'NONE',  ( -2.248856400913075149, -21.02082945453181395, 998.2617465664258134 ) ) ;
#2258 = ORIENTED_EDGE ( 'NONE', *, *, #4384, .T. ) ;
#2259 = DIRECTION ( 'NONE',  ( 0.000000000000000000, 0.000000000000000000, 1.000000000000000000 ) ) ;
#2260 = EDGE_CURVE ( 'NONE', #3325, #4005, #4205, .T. ) ;
#2261 = CARTESIAN_POINT ( 'NONE',  ( 13.60217230114492715, -14.12088745453381122, 998.7617465664258134 ) ) ;
#2262 = ORIENTED_EDGE ( 'NONE', *, *, #4213, .T. ) ;
#2263 = PLANE ( 'NONE',  #2648 ) ;
#2264 = EDGE_CURVE ( 'NONE', #602, #1607, #3750, .T. ) ;
#2265 = ORIENTED_EDGE ( 'NONE', *, *, #4037, .F. ) ;
#2266 = CYLINDRICAL_SURFACE ( 'NONE', #2447, 1.499999999999997780 ) ;
#2267 = VERTEX_POINT ( 'NONE', #2735 ) ;
#2268 = DIRECTION ( 'NONE',  ( 0.000000000000000000, -1.000000000000000000, 0.000000000000000000 ) ) ;
#2269 = CARTESIAN_POINT ( 'NONE',  ( 26.70720151120292840, -12.62088745453381122, 998.2617465664258134 ) ) ;
#2270 = CARTESIAN_POINT ( 'NONE',  ( -1.248856400913073816, -14.12088745453381122, 994.7617465664258134 ) ) ;
#2271 = ORIENTED_EDGE ( 'NONE', *, *, #668, .T. ) ;
#2272 = CARTESIAN_POINT ( 'NONE',  ( -32.74585850072318038, -7.232593278003827564, 994.7617465664258134 ) ) ;
#2273 = AXIS2_PLACEMENT_3D ( 'NONE', #2896, #3514, #1466 ) ;
#2274 = ORIENTED_EDGE ( 'NONE', *, *, #3400, .T. ) ;
#2275 = FACE_OUTER_BOUND ( 'NONE', #3094, .T. ) ;
#2276 = VECTOR ( 'NONE', #720, 1000.000000000000000 ) ;
#2277 = CARTESIAN_POINT ( 'NONE',  ( 32.63833229796444613, -9.904726882270324495, 994.7617465664258134 ) ) ;
#2278 = CARTESIAN_POINT ( 'NONE',  ( 15.44730311120392763, -14.12088745453381122, 998.7617465664258134 ) ) ;
#2279 = DIRECTION ( 'NONE',  ( -0.000000000000000000, -0.000000000000000000, 1.000000000000000000 ) ) ;
#2280 = VECTOR ( 'NONE', #2308, 1000.000000000000000 ) ;
#2281 = ORIENTED_EDGE ( 'NONE', *, *, #1156, .F. ) ;
#2282 = AXIS2_PLACEMENT_3D ( 'NONE', #3405, #642, #277 ) ;
#2283 = CARTESIAN_POINT ( 'NONE',  ( -37.97721736514308333, 22.32163583045519317, 996.7617465664258134 ) ) ;
#2284 = DIRECTION ( 'NONE',  ( -3.212485385912387951E-16, 1.000000000000000000, 0.000000000000000000 ) ) ;
#2285 = VERTEX_POINT ( 'NONE', #604 ) ;
#2286 = EDGE_CURVE ( 'NONE', #2400, #1622, #2211, .T. ) ;
#2287 = EDGE_CURVE ( 'NONE', #2285, #2559, #1322, .T. ) ;
#2288 = AXIS2_PLACEMENT_3D ( 'NONE', #4108, #985, #4154 ) ;
#2289 = VECTOR ( 'NONE', #3033, 1000.000000000000000 ) ;
#2290 = DIRECTION ( 'NONE',  ( 1.000000000000000000, 0.000000000000000000, 0.000000000000000000 ) ) ;
#2291 = ORIENTED_EDGE ( 'NONE', *, *, #1626, .T. ) ;
#2292 = LINE ( 'NONE', #2707, #1501 ) ;
#2293 = ORIENTED_EDGE ( 'NONE', *, *, #727, .F. ) ;
#2294 = DIRECTION ( 'NONE',  ( -0.000000000000000000, -0.000000000000000000, -1.000000000000000000 ) ) ;
#2295 = AXIS2_PLACEMENT_3D ( 'NONE', #1957, #2713, #4123 ) ;
#2296 = VECTOR ( 'NONE', #1895, 1000.000000000000000 ) ;
#2297 = VECTOR ( 'NONE', #3848, 1000.000000000000000 ) ;
#2298 = EDGE_CURVE ( 'NONE', #4240, #1327, #2065, .T. ) ;
#2299 = DIRECTION ( 'NONE',  ( 1.000000000000000000, 6.424970771824775901E-16, 0.000000000000000000 ) ) ;
#2300 = CARTESIAN_POINT ( 'NONE',  ( 16.94730311120392585, -13.12088745453381300, 994.7617465664258134 ) ) ;
#2301 = ORIENTED_EDGE ( 'NONE', *, *, #613, .T. ) ;
#2302 = DIRECTION ( 'NONE',  ( 1.000000000000000000, 0.000000000000000000, 0.000000000000000000 ) ) ;
#2303 = ADVANCED_BREP_SHAPE_REPRESENTATION ( 'top-cover', ( #2450, #1530 ), #2849 ) ;
#2304 = VERTEX_POINT ( 'NONE', #1364 ) ;
#2305 = CIRCLE ( 'NONE', #1283, 0.9842597834286564984 ) ;
#2306 = ORIENTED_EDGE ( 'NONE', *, *, #2947, .F. ) ;
#2307 = DIRECTION ( 'NONE',  ( -0.000000000000000000, -0.000000000000000000, -1.000000000000000000 ) ) ;
#2308 = DIRECTION ( 'NONE',  ( 4.015606732390484938E-17, 1.000000000000000000, -0.000000000000000000 ) ) ;
#2309 = FACE_OUTER_BOUND ( 'NONE', #2923, .T. ) ;
#2310 = VERTEX_POINT ( 'NONE', #3776 ) ;
#2311 = DIRECTION ( 'NONE',  ( -0.000000000000000000, -0.000000000000000000, 1.000000000000000000 ) ) ;
#2312 = DIRECTION ( 'NONE',  ( 0.000000000000000000, 0.000000000000000000, 1.000000000000000000 ) ) ;
#2313 = ORIENTED_EDGE ( 'NONE', *, *, #2751, .F. ) ;
#2314 = CYLINDRICAL_SURFACE ( 'NONE', #4426, 4.500000000000003553 ) ;
#2315 = ORIENTED_EDGE ( 'NONE', *, *, #445, .T. ) ;
#2316 = EDGE_CURVE ( 'NONE', #1646, #3713, #4168, .T. ) ;
#2317 = DIRECTION ( 'NONE',  ( -0.000000000000000000, -0.000000000000000000, 1.000000000000000000 ) ) ;
#2318 = EDGE_CURVE ( 'NONE', #2198, #2555, #976, .T. ) ;
#2319 = VERTEX_POINT ( 'NONE', #2388 ) ;
#2320 = DIRECTION ( 'NONE',  ( -3.212485385912389430E-16, -1.000000000000000000, 0.000000000000000000 ) ) ;
#2321 = CARTESIAN_POINT ( 'NONE',  ( 27.70720151120292840, -19.52082945453180685, 994.7617465664258134 ) ) ;
#2322 = VECTOR ( 'NONE', #2320, 1000.000000000000000 ) ;
#2323 = DIRECTION ( 'NONE',  ( -0.000000000000000000, -0.000000000000000000, -1.000000000000000000 ) ) ;
#2324 = ADVANCED_FACE ( 'NONE', ( #2710 ), #305, .F. ) ;
#2325 = ORIENTED_EDGE ( 'NONE', *, *, #4296, .T. ) ;
#2326 = CARTESIAN_POINT ( 'NONE',  ( 35.92847732750292522, -9.409369376549081565, 996.7617465664258134 ) ) ;
#2327 = EDGE_LOOP ( 'NONE', ( #23, #568, #1305, #1274 ) ) ;
#2328 = VERTEX_POINT ( 'NONE', #1753 ) ;
#2329 = CARTESIAN_POINT ( 'NONE',  ( 29.07421773772599849, -18.16472688226932064, 998.2617465664258134 ) ) ;
#2330 = EDGE_CURVE ( 'NONE', #1950, #1542, #829, .T. ) ;
#2331 = CARTESIAN_POINT ( 'NONE',  ( -37.97721736514308333, -24.65303777888381376, 998.7617465664258134 ) ) ;
#2332 = CARTESIAN_POINT ( 'NONE',  ( 31.42847732750293233, 20.82163583045519673, 996.7617465664258134 ) ) ;
#2333 = CARTESIAN_POINT ( 'NONE',  ( 12.10217230114492715, -19.52082945453181040, 998.7617465664258134 ) ) ;
#2334 = CARTESIAN_POINT ( 'NONE',  ( -32.24585850072318038, -14.23259327800182383, 998.7617465664258134 ) ) ;
#2335 = APPROVAL ( #798, '未' ) ;
#2336 = EDGE_LOOP ( 'NONE', ( #1893, #70, #1747, #3654, #3406, #1840, #2630, #635 ) ) ;
#2337 = CARTESIAN_POINT ( 'NONE',  ( 13.32705365434144440, 19.82163583045518962, 994.7617465664258134 ) ) ;
#2338 = ORIENTED_EDGE ( 'NONE', *, *, #3508, .F. ) ;
#2339 = DIRECTION ( 'NONE',  ( -1.777399113065546671E-16, 1.000000000000000000, 0.000000000000000000 ) ) ;
#2340 = ORIENTED_EDGE ( 'NONE', *, *, #9, .T. ) ;
#2341 = FACE_OUTER_BOUND ( 'NONE', #3667, .T. ) ;
#2342 = DIRECTION ( 'NONE',  ( 1.000000000000000000, 0.000000000000000000, 0.000000000000000000 ) ) ;
#2343 = DIRECTION ( 'NONE',  ( 0.000000000000000000, 0.000000000000000000, 1.000000000000000000 ) ) ;
#2344 = ORIENTED_EDGE ( 'NONE', *, *, #281, .F. ) ;
#2345 = DIRECTION ( 'NONE',  ( 1.000000000000000000, 0.000000000000000000, 0.000000000000000000 ) ) ;
#2346 = ORIENTED_EDGE ( 'NONE', *, *, #3096, .T. ) ;
#2347 = EDGE_CURVE ( 'NONE', #4199, #562, #3797, .T. ) ;
#2348 = ORIENTED_EDGE ( 'NONE', *, *, #4501, .T. ) ;
#2349 = DIRECTION ( 'NONE',  ( 1.000000000000000000, 0.000000000000000000, 0.000000000000000000 ) ) ;
#2350 = CARTESIAN_POINT ( 'NONE',  ( -41.47721736514306201, 7.077967428120443216, 996.7617465664258134 ) ) ;
#2351 = CARTESIAN_POINT ( 'NONE',  ( -26.35978350296906925, -20.52082945453181395, 994.7617465664258134 ) ) ;
#2352 = ORIENTED_EDGE ( 'NONE', *, *, #1174, .T. ) ;
#2353 = DIRECTION ( 'NONE',  ( -0.000000000000000000, -0.000000000000000000, 1.000000000000000000 ) ) ;
#2354 = CARTESIAN_POINT ( 'NONE',  ( -36.97721736514306201, -18.65303777888382086, 996.7617465664258134 ) ) ;
#2355 = AXIS2_PLACEMENT_3D ( 'NONE', #1987, #3426, #1330 ) ;
#2356 = VECTOR ( 'NONE', #1240, 1000.000000000000000 ) ;
#2357 = ORIENTED_EDGE ( 'NONE', *, *, #559, .T. ) ;
#2358 = DIRECTION ( 'NONE',  ( -6.424970771824775901E-16, -1.000000000000000000, 0.000000000000000000 ) ) ;
#2359 = DIRECTION ( 'NONE',  ( -0.000000000000000000, -0.000000000000000000, 1.000000000000000000 ) ) ;
#2360 = ORIENTED_EDGE ( 'NONE', *, *, #3788, .F. ) ;
#2361 = DIRECTION ( 'NONE',  ( 0.000000000000000000, 0.000000000000000000, 1.000000000000000000 ) ) ;
#2362 = VECTOR ( 'NONE', #2507, 1000.000000000000000 ) ;
#2363 = CARTESIAN_POINT ( 'NONE',  ( 28.20720151120292840, -19.52082945453180685, 998.2617465664258134 ) ) ;
#2364 = VECTOR ( 'NONE', #473, 1000.000000000000000 ) ;
#2365 = LINE ( 'NONE', #4149, #4514 ) ;
#2366 = AXIS2_PLACEMENT_3D ( 'NONE', #468, #1522, #1841 ) ;
#2367 = VERTEX_POINT ( 'NONE', #1663 ) ;
#2368 = CARTESIAN_POINT ( 'NONE',  ( -20.87579369198157053, 19.82163583045519317, 994.7617465664258134 ) ) ;
#2369 = EDGE_LOOP ( 'NONE', ( #3923, #2506, #4211, #2987 ) ) ;
#2370 = VECTOR ( 'NONE', #560, 1000.000000000000000 ) ;
#2371 = AXIS2_PLACEMENT_3D ( 'NONE', #142, #1532, #3308 ) ;
#2372 = VERTEX_POINT ( 'NONE', #3475 ) ;
#2373 = LINE ( 'NONE', #3462, #1485 ) ;
#2374 = VECTOR ( 'NONE', #364, 1000.000000000000000 ) ;
#2375 = CARTESIAN_POINT ( 'NONE',  ( 13.10217230114492359, -19.52082945453181040, 994.7617465664258134 ) ) ;
#2376 = EDGE_CURVE ( 'NONE', #4312, #3059, #650, .T. ) ;
#2377 = AXIS2_PLACEMENT_3D ( 'NONE', #3322, #1939, #1543 ) ;
#2378 = EDGE_CURVE ( 'NONE', #2614, #2168, #671, .T. ) ;
#2379 = FACE_BOUND ( 'NONE', #1771, .T. ) ;
#2380 = CARTESIAN_POINT ( 'NONE',  ( -41.19464900133603180, 8.577967428120441440, 996.7617465664258134 ) ) ;
#2381 = DIRECTION ( 'NONE',  ( -0.000000000000000000, -0.000000000000000000, 1.000000000000000000 ) ) ;
#2382 = ORIENTED_EDGE ( 'NONE', *, *, #4009, .T. ) ;
#2383 = CARTESIAN_POINT ( 'NONE',  ( 13.32705365434141420, -22.15303777888381376, 996.7617465664258134 ) ) ;
#2384 = ORIENTED_EDGE ( 'NONE', *, *, #4114, .T. ) ;
#2385 = EDGE_CURVE ( 'NONE', #2555, #3885, #1476, .T. ) ;
#2386 = ORIENTED_EDGE ( 'NONE', *, *, #2972, .F. ) ;
#2387 = CARTESIAN_POINT ( 'NONE',  ( 26.70720151120292485, -19.52082945453180685, 998.2617465664258134 ) ) ;
#2388 = CARTESIAN_POINT ( 'NONE',  ( -36.57593716428681319, -7.232593278003832005, 998.2617465664258134 ) ) ;
#2389 = DIRECTION ( 'NONE',  ( -1.000000000000000000, -1.777399113065546424E-16, 0.000000000000000000 ) ) ;
#2390 = ORIENTED_EDGE ( 'NONE', *, *, #4099, .F. ) ;
#2391 = DIRECTION ( 'NONE',  ( 1.000000000000000000, 0.000000000000000000, 0.000000000000000000 ) ) ;
#2392 = VERTEX_POINT ( 'NONE', #2806 ) ;
#2393 = VERTEX_POINT ( 'NONE', #1704 ) ;
#2394 = DIRECTION ( 'NONE',  ( 0.000000000000000000, 0.000000000000000000, -1.000000000000000000 ) ) ;
#2395 = LINE ( 'NONE', #4461, #897 ) ;
#2396 = DIRECTION ( 'NONE',  ( -0.000000000000000000, -0.000000000000000000, 1.000000000000000000 ) ) ;
#2397 = EDGE_CURVE ( 'NONE', #4376, #1117, #2091, .T. ) ;
#2398 = DIRECTION ( 'NONE',  ( 1.000000000000000000, 0.000000000000000000, 0.000000000000000000 ) ) ;
#2399 = DIRECTION ( 'NONE',  ( -0.000000000000000000, -0.000000000000000000, -1.000000000000000000 ) ) ;
#2400 = VERTEX_POINT ( 'NONE', #3137 ) ;
#2401 = ADVANCED_FACE ( 'NONE', ( #1383 ), #3499, .T. ) ;
#2402 = DIRECTION ( 'NONE',  ( 1.000000000000000000, 0.000000000000000000, 0.000000000000000000 ) ) ;
#2403 = LOCAL_TIME ( 17, 49, 39.00000000000000000, #4292 ) ;
#2404 = DIRECTION ( 'NONE',  ( 1.000000000000000000, 0.000000000000000000, 0.000000000000000000 ) ) ;
#2405 = ORIENTED_EDGE ( 'NONE', *, *, #1626, .F. ) ;
#2406 = DIRECTION ( 'NONE',  ( -0.000000000000000000, -0.000000000000000000, -1.000000000000000000 ) ) ;
#2407 = EDGE_CURVE ( 'NONE', #2568, #2031, #371, .T. ) ;
#2408 = CARTESIAN_POINT ( 'NONE',  ( -36.97721736514306201, 16.32163583045519673, 996.7617465664258134 ) ) ;
#2409 = LINE ( 'NONE', #3866, #2888 ) ;
#2410 = ORIENTED_EDGE ( 'NONE', *, *, #838, .T. ) ;
#2411 = DIRECTION ( 'NONE',  ( -1.000000000000000000, 0.000000000000000000, 0.000000000000000000 ) ) ;
#2412 = ORIENTED_EDGE ( 'NONE', *, *, #1600, .T. ) ;
#2413 = VECTOR ( 'NONE', #206, 1000.000000000000000 ) ;
#2414 = ORIENTED_EDGE ( 'NONE', *, *, #4161, .F. ) ;
#2415 = DIRECTION ( 'NONE',  ( 1.000000000000000000, 0.000000000000000000, 0.000000000000000000 ) ) ;
#2416 = FACE_OUTER_BOUND ( 'NONE', #2906, .T. ) ;
#2417 = ORIENTED_EDGE ( 'NONE', *, *, #1397, .T. ) ;
#2418 = DIRECTION ( 'NONE',  ( -0.000000000000000000, -0.000000000000000000, -1.000000000000000000 ) ) ;
#2419 = AXIS2_PLACEMENT_3D ( 'NONE', #3533, #3582, #389 ) ;
#2420 = DIRECTION ( 'NONE',  ( 1.000000000000000000, 0.000000000000000000, 0.000000000000000000 ) ) ;
#2421 = LINE ( 'NONE', #4098, #3126 ) ;
#2422 = ORIENTED_EDGE ( 'NONE', *, *, #4362, .T. ) ;
#2423 = DIRECTION ( 'NONE',  ( 0.000000000000000000, 0.000000000000000000, 1.000000000000000000 ) ) ;
#2424 = ORIENTED_EDGE ( 'NONE', *, *, #2298, .F. ) ;
#2425 = VECTOR ( 'NONE', #250, 1000.000000000000000 ) ;
#2426 = CIRCLE ( 'NONE', #237, 1.250000000000001110 ) ;
#2427 = EDGE_LOOP ( 'NONE', ( #2223, #101, #3209, #4245 ) ) ;
#2428 = CARTESIAN_POINT ( 'NONE',  ( -27.85978350296907280, -19.52082945453181040, 998.2617465664258134 ) ) ;
#2429 = EDGE_CURVE ( 'NONE', #425, #1615, #1450, .T. ) ;
#2430 = EDGE_CURVE ( 'NONE', #1052, #3237, #1066, .T. ) ;
#2431 = AXIS2_PLACEMENT_3D ( 'NONE', #4179, #3466, #4465 ) ;
#2432 = CARTESIAN_POINT ( 'NONE',  ( -20.37579369198157053, 20.82163583045519673, 996.7617465664258134 ) ) ;
#2433 = DIRECTION ( 'NONE',  ( 1.000000000000000000, 0.000000000000000000, 0.000000000000000000 ) ) ;
#2434 = ORIENTED_EDGE ( 'NONE', *, *, #3310, .F. ) ;
#2435 = DIRECTION ( 'NONE',  ( 0.000000000000000000, 0.000000000000000000, 1.000000000000000000 ) ) ;
#2436 = EDGE_CURVE ( 'NONE', #169, #4052, #1088, .T. ) ;
#2437 = VERTEX_POINT ( 'NONE', #1801 ) ;
#2438 = VECTOR ( 'NONE', #3780, 1000.000000000000000 ) ;
#2439 = VERTEX_POINT ( 'NONE', #3955 ) ;
#2440 = CARTESIAN_POINT ( 'NONE',  ( -36.97721736514306201, -23.15303777888382086, 996.7617465664258134 ) ) ;
#2441 = SHAPE_DEFINITION_REPRESENTATION ( #2052, #2303 ) ;
#2442 = EDGE_CURVE ( 'NONE', #2031, #2553, #2500, .T. ) ;
#2443 = CIRCLE ( 'NONE', #394, 1.250000000000001110 ) ;
#2444 = ORIENTED_EDGE ( 'NONE', *, *, #3881, .T. ) ;
#2445 = VECTOR ( 'NONE', #4178, 1000.000000000000000 ) ;
#2446 = DIRECTION ( 'NONE',  ( 1.000000000000000000, 0.000000000000000000, 0.000000000000000000 ) ) ;
#2447 = AXIS2_PLACEMENT_3D ( 'NONE', #1930, #3315, #809 ) ;
#2448 = DIRECTION ( 'NONE',  ( 1.000000000000000000, 0.000000000000000000, 0.000000000000000000 ) ) ;
#2449 = CYLINDRICAL_SURFACE ( 'NONE', #773, 1.500000000000001332 ) ;
#2450 = MANIFOLD_SOLID_BREP ( '\X2\52079664\X0\-\X2\62c94f38\X0\3', #2004 ) ;
#2451 = ORIENTED_EDGE ( 'NONE', *, *, #1908, .T. ) ;
#2452 = VECTOR ( 'NONE', #1998, 1000.000000000000000 ) ;
#2453 = AXIS2_PLACEMENT_3D ( 'NONE', #587, #4478, #3711 ) ;
#2454 = DIRECTION ( 'NONE',  ( -0.000000000000000000, -0.000000000000000000, -1.000000000000000000 ) ) ;
#2455 = DIRECTION ( 'NONE',  ( 1.000000000000000000, 0.000000000000000000, 0.000000000000000000 ) ) ;
#2456 = ORIENTED_EDGE ( 'NONE', *, *, #208, .F. ) ;
#2457 = CYLINDRICAL_SURFACE ( 'NONE', #3069, 1.499999999999997780 ) ;
#2458 = CARTESIAN_POINT ( 'NONE',  ( 2.342273901145925041, -20.52082945453181040, 994.7617465664258134 ) ) ;
#2459 = EDGE_CURVE ( 'NONE', #425, #2310, #3202, .T. ) ;
#2460 = EDGE_CURVE ( 'NONE', #4143, #3156, #2850, .T. ) ;
#2461 = CYLINDRICAL_SURFACE ( 'NONE', #1794, 1.000000000000000888 ) ;
#2462 = VERTEX_POINT ( 'NONE', #4258 ) ;
#2463 = DIRECTION ( 'NONE',  ( -0.000000000000000000, -0.000000000000000000, 1.000000000000000000 ) ) ;
#2464 = ORIENTED_EDGE ( 'NONE', *, *, #700, .T. ) ;
#2465 = ORIENTED_EDGE ( 'NONE', *, *, #2181, .T. ) ;
#2466 = CARTESIAN_POINT ( 'NONE',  ( -41.47721736514306201, -9.409369376549065578, 996.7617465664258134 ) ) ;
#2467 = CALENDAR_DATE ( 2026, 27, 6 ) ;
#2468 = ORIENTED_EDGE ( 'NONE', *, *, #1656, .F. ) ;
#2469 = EDGE_CURVE ( 'NONE', #2665, #3360, #1547, .T. ) ;
#2470 = DIRECTION ( 'NONE',  ( -0.000000000000000000, -0.000000000000000000, 1.000000000000000000 ) ) ;
#2471 = CARTESIAN_POINT ( 'NONE',  ( 1.342273901145924597, -14.12088745453381122, 994.7617465664258134 ) ) ;
#2472 = DIRECTION ( 'NONE',  ( 1.000000000000000000, 0.000000000000000000, 0.000000000000000000 ) ) ;
#2473 = ORIENTED_EDGE ( 'NONE', *, *, #221, .F. ) ;
#2474 = ADVANCED_FACE ( 'NONE', ( #807 ), #1469, .F. ) ;
#2475 = CARTESIAN_POINT ( 'NONE',  ( 16.07705365434144795, 20.82163583045518962, 996.7617465664258134 ) ) ;
#2476 = DIRECTION ( 'NONE',  ( 1.000000000000000000, 0.000000000000000000, 0.000000000000000000 ) ) ;
#2477 = ORIENTED_EDGE ( 'NONE', *, *, #2514, .T. ) ;
#2478 = CARTESIAN_POINT ( 'NONE',  ( -12.00875480091207592, -19.52082945453180329, 998.2617465664258134 ) ) ;
#2479 = LINE ( 'NONE', #1774, #2276 ) ;
#2480 = FACE_OUTER_BOUND ( 'NONE', #4107, .T. ) ;
#2481 = ORIENTED_EDGE ( 'NONE', *, *, #729, .T. ) ;
#2482 = CARTESIAN_POINT ( 'NONE',  ( 12.10217230114492715, -14.12088745453381122, 998.2617465664258134 ) ) ;
#2483 = ORIENTED_EDGE ( 'NONE', *, *, #3755, .T. ) ;
#2484 = ORIENTED_EDGE ( 'NONE', *, *, #3588, .F. ) ;
#2485 = DIRECTION ( 'NONE',  ( 0.000000000000000000, 0.000000000000000000, 1.000000000000000000 ) ) ;
#2486 = ORIENTED_EDGE ( 'NONE', *, *, #1705, .F. ) ;
#2487 = PERSON_AND_ORGANIZATION ( #283, #4024 ) ;
#2488 = ADVANCED_FACE ( 'NONE', ( #766, #2199 ), #2827, .T. ) ;
#2489 = EDGE_LOOP ( 'NONE', ( #2716, #3800, #2783, #3231 ) ) ;
#2490 = EDGE_CURVE ( 'NONE', #270, #1016, #3273, .T. ) ;
#2491 = CYLINDRICAL_SURFACE ( 'NONE', #769, 1.000000000000000888 ) ;
#2492 = CARTESIAN_POINT ( 'NONE',  ( 28.20720151120292840, -19.52082945453180685, 998.2617465664258134 ) ) ;
#2493 = DIRECTION ( 'NONE',  ( -0.000000000000000000, 0.000000000000000000, -1.000000000000000000 ) ) ;
#2494 = EDGE_CURVE ( 'NONE', #4005, #1667, #2164, .T. ) ;
#2495 = VERTEX_POINT ( 'NONE', #99 ) ;
#2496 = DIRECTION ( 'NONE',  ( 1.000000000000000000, 0.000000000000000000, -0.000000000000000000 ) ) ;
#2497 = DIRECTION ( 'NONE',  ( 0.000000000000000000, -0.000000000000000000, 1.000000000000000000 ) ) ;
#2498 = VERTEX_POINT ( 'NONE', #3865 ) ;
#2499 = DIRECTION ( 'NONE',  ( 1.000000000000000000, 0.000000000000000000, 0.000000000000000000 ) ) ;
#2500 = LINE ( 'NONE', #33, #2796 ) ;
#2501 = AXIS2_PLACEMENT_3D ( 'NONE', #2870, #4237, #4280 ) ;
#2502 = CARTESIAN_POINT ( 'NONE',  ( -19.37579369198158119, -23.15303777888382086, 996.7617465664258134 ) ) ;
#2503 = EDGE_LOOP ( 'NONE', ( #2473, #1974, #4089, #2291 ) ) ;
#2504 = FACE_OUTER_BOUND ( 'NONE', #441, .T. ) ;
#2505 = CIRCLE ( 'NONE', #3103, 0.9842597834286564984 ) ;
#2506 = ORIENTED_EDGE ( 'NONE', *, *, #196, .F. ) ;
#2507 = DIRECTION ( 'NONE',  ( -1.000000000000000000, 0.000000000000000000, 0.000000000000000000 ) ) ;
#2508 = ORIENTED_EDGE ( 'NONE', *, *, #3632, .T. ) ;
#2509 = VERTEX_POINT ( 'NONE', #3887 ) ;
#2510 = AXIS2_PLACEMENT_3D ( 'NONE', #1412, #2814, #4225 ) ;
#2511 = VECTOR ( 'NONE', #2359, 1000.000000000000000 ) ;
#2512 = LINE ( 'NONE', #4229, #1138 ) ;
#2513 = EDGE_CURVE ( 'NONE', #2392, #516, #74, .T. ) ;
#2514 = EDGE_CURVE ( 'NONE', #1226, #778, #3828, .T. ) ;
#2515 = DIRECTION ( 'NONE',  ( -0.000000000000000000, -0.000000000000000000, 1.000000000000000000 ) ) ;
#2516 = AXIS2_PLACEMENT_3D ( 'NONE', #1640, #3047, #4455 ) ;
#2517 = LINE ( 'NONE', #3194, #2747 ) ;
#2518 = VECTOR ( 'NONE', #2605, 1000.000000000000000 ) ;
#2519 = VERTEX_POINT ( 'NONE', #4305 ) ;
#2520 = FACE_OUTER_BOUND ( 'NONE', #3642, .T. ) ;
#2521 = EDGE_CURVE ( 'NONE', #2682, #244, #2479, .T. ) ;
#2522 = PLANE ( 'NONE',  #3257 ) ;
#2523 = ORIENTED_EDGE ( 'NONE', *, *, #1163, .T. ) ;
#2524 = AXIS2_PLACEMENT_3D ( 'NONE', #1484, #47, #2493 ) ;
#2525 = VECTOR ( 'NONE', #3963, 1000.000000000000000 ) ;
#2526 = DIRECTION ( 'NONE',  ( 1.000000000000000000, 1.777399113065546671E-16, -0.000000000000000000 ) ) ;
#2527 = EDGE_CURVE ( 'NONE', #2048, #1945, #1136, .T. ) ;
#2528 = FACE_OUTER_BOUND ( 'NONE', #125, .T. ) ;
#2529 = EDGE_LOOP ( 'NONE', ( #2143, #1300, #582, #4106 ) ) ;
#2530 = PLANE ( 'NONE',  #3796 ) ;
#2531 = EDGE_LOOP ( 'NONE', ( #3213, #722, #600, #2301 ) ) ;
#2532 = DIRECTION ( 'NONE',  ( 1.000000000000000000, 1.855331826025567083E-15, 0.000000000000000000 ) ) ;
#2533 = ORIENTED_EDGE ( 'NONE', *, *, #3128, .T. ) ;
#2534 = PERSON_AND_ORGANIZATION ( #283, #4024 ) ;
#2535 = ORIENTED_EDGE ( 'NONE', *, *, #1345, .T. ) ;
#2536 = PLANE ( 'NONE',  #2225 ) ;
#2537 = LINE ( 'NONE', #756, #4206 ) ;
#2538 = CARTESIAN_POINT ( 'NONE',  ( -26.35978350296906925, -19.52082945453181040, 994.7617465664258134 ) ) ;
#2539 = ORIENTED_EDGE ( 'NONE', *, *, #2918, .T. ) ;
#2540 = EDGE_CURVE ( 'NONE', #3301, #1437, #4197, .T. ) ;
#2541 = DIRECTION ( 'NONE',  ( -0.000000000000000000, -0.000000000000000000, 1.000000000000000000 ) ) ;
#2542 = DIRECTION ( 'NONE',  ( -1.000000000000000000, -1.777399113065546671E-16, 0.000000000000000000 ) ) ;
#2543 = ORIENTED_EDGE ( 'NONE', *, *, #4527, .T. ) ;
#2544 = AXIS2_PLACEMENT_3D ( 'NONE', #326, #2061, #4167 ) ;
#2545 = ADVANCED_FACE ( 'NONE', ( #1838 ), #2263, .F. ) ;
#2546 = CARTESIAN_POINT ( 'NONE',  ( 35.92847732750293943, 8.077967428120429005, 996.7617465664258134 ) ) ;
#2547 = FACE_OUTER_BOUND ( 'NONE', #1958, .T. ) ;
#2548 = VERTEX_POINT ( 'NONE', #1971 ) ;
#2549 = CARTESIAN_POINT ( 'NONE',  ( 35.07158772934652546, 6.577967428120429894, 996.7617465664258134 ) ) ;
#2550 = ORIENTED_EDGE ( 'NONE', *, *, #2669, .F. ) ;
#2551 = ADVANCED_FACE ( 'NONE', ( #557 ), #2562, .F. ) ;
#2552 = DIRECTION ( 'NONE',  ( 1.000000000000000000, 0.000000000000000000, 0.000000000000000000 ) ) ;
#2553 = VERTEX_POINT ( 'NONE', #235 ) ;
#2554 = FACE_OUTER_BOUND ( 'NONE', #2153, .T. ) ;
#2555 = VERTEX_POINT ( 'NONE', #2634 ) ;
#2556 = CARTESIAN_POINT ( 'NONE',  ( 31.10627501784522053, -9.904726882270324495, 998.2617465664258134 ) ) ;
#2557 = DIRECTION ( 'NONE',  ( -0.000000000000000000, -0.000000000000000000, -1.000000000000000000 ) ) ;
#2558 = CARTESIAN_POINT ( 'NONE',  ( -12.00875480091207592, -13.12088745453381122, 994.7617465664258134 ) ) ;
#2559 = VERTEX_POINT ( 'NONE', #3361 ) ;
#2560 = CARTESIAN_POINT ( 'NONE',  ( -41.47721736514306201, -9.409369376549065578, 994.7617465664258134 ) ) ;
#2561 = FACE_OUTER_BOUND ( 'NONE', #3356, .T. ) ;
#2562 = CYLINDRICAL_SURFACE ( 'NONE', #3678, 1.500000000000001332 ) ;
#2563 = ORIENTED_EDGE ( 'NONE', *, *, #3347, .T. ) ;
#2564 = VECTOR ( 'NONE', #1749, 1000.000000000000000 ) ;
#2565 = EDGE_CURVE ( 'NONE', #154, #3704, #1699, .T. ) ;
#2566 = DIRECTION ( 'NONE',  ( -0.000000000000000000, -0.000000000000000000, 1.000000000000000000 ) ) ;
#2567 = ADVANCED_FACE ( 'NONE', ( #1195 ), #2314, .T. ) ;
#2568 = VERTEX_POINT ( 'NONE', #1581 ) ;
#2569 = CYLINDRICAL_SURFACE ( 'NONE', #3358, 4.999999999999997335 ) ;
#2570 = PLANE ( 'NONE',  #1277 ) ;
#2571 = ORIENTED_EDGE ( 'NONE', *, *, #2939, .F. ) ;
#2572 = CARTESIAN_POINT ( 'NONE',  ( 16.07705365434141953, -23.15303777888381376, 994.7617465664258134 ) ) ;
#2573 = CIRCLE ( 'NONE', #1920, 1.250000000000002887 ) ;
#2574 = ORIENTED_EDGE ( 'NONE', *, *, #3121, .T. ) ;
#2575 = AXIS2_PLACEMENT_3D ( 'NONE', #1917, #916, #3003 ) ;
#2576 = DIRECTION ( 'NONE',  ( 1.000000000000000000, 0.000000000000000000, 0.000000000000000000 ) ) ;
#2577 = DIRECTION ( 'NONE',  ( 1.000000000000000000, 0.000000000000000000, 0.000000000000000000 ) ) ;
#2578 = EDGE_CURVE ( 'NONE', #2697, #2834, #3652, .T. ) ;
#2579 = CARTESIAN_POINT ( 'NONE',  ( -26.35978350296907280, -14.12088745453381122, 998.2617465664258134 ) ) ;
#2580 = DIRECTION ( 'NONE',  ( -0.000000000000000000, -0.000000000000000000, -1.000000000000000000 ) ) ;
#2581 = CIRCLE ( 'NONE', #609, 1.499999999999997780 ) ;
#2582 = ORIENTED_EDGE ( 'NONE', *, *, #1020, .T. ) ;
#2583 = CARTESIAN_POINT ( 'NONE',  ( -37.97721736514308333, 17.32163583045519317, 996.7617465664258134 ) ) ;
#2584 = VECTOR ( 'NONE', #1132, 1000.000000000000000 ) ;
#2585 = DIRECTION ( 'NONE',  ( -0.000000000000000000, -0.000000000000000000, 1.000000000000000000 ) ) ;
#2586 = CC_DESIGN_PERSON_AND_ORGANIZATION_ASSIGNMENT ( #17, #1413, ( #4400 ) ) ;
#2587 = AXIS2_PLACEMENT_3D ( 'NONE', #1178, #2339, #3364 ) ;
#2588 = AXIS2_PLACEMENT_3D ( 'NONE', #4269, #3578, #87 ) ;
#2589 = DIRECTION ( 'NONE',  ( 1.000000000000000000, 0.000000000000000000, 0.000000000000000000 ) ) ;
#2590 = VERTEX_POINT ( 'NONE', #2222 ) ;
#2591 = VECTOR ( 'NONE', #3580, 1000.000000000000000 ) ;
#2592 = LINE ( 'NONE', #3635, #4363 ) ;
#2593 = VECTOR ( 'NONE', #175, 1000.000000000000000 ) ;
#2594 = ORIENTED_EDGE ( 'NONE', *, *, #3766, .F. ) ;
#2595 = DIRECTION ( 'NONE',  ( -1.000000000000000000, 0.000000000000000000, 0.000000000000000000 ) ) ;
#2596 = ADVANCED_FACE ( 'NONE', ( #928 ), #488, .F. ) ;
#2597 = LINE ( 'NONE', #2321, #1551 ) ;
#2598 = LINE ( 'NONE', #3298, #2072 ) ;
#2599 = ORIENTED_EDGE ( 'NONE', *, *, #1820, .F. ) ;
#2600 = LINE ( 'NONE', #110, #3556 ) ;
#2601 = ORIENTED_EDGE ( 'NONE', *, *, #3412, .F. ) ;
#2602 = EDGE_CURVE ( 'NONE', #3403, #4222, #821, .T. ) ;
#2603 = LINE ( 'NONE', #115, #4522 ) ;
#2604 = CC_DESIGN_SECURITY_CLASSIFICATION ( #3001, ( #4400 ) ) ;
#2605 = DIRECTION ( 'NONE',  ( 0.000000000000000000, -1.000000000000000000, 0.000000000000000000 ) ) ;
#2606 = DIRECTION ( 'NONE',  ( 0.000000000000000000, -0.000000000000000000, -1.000000000000000000 ) ) ;
#2607 = DIRECTION ( 'NONE',  ( 1.000000000000000000, 0.000000000000000000, 0.000000000000000000 ) ) ;
#2608 = EDGE_LOOP ( 'NONE', ( #3945, #1674, #4383, #325 ) ) ;
#2609 = EDGE_CURVE ( 'NONE', #3713, #185, #2426, .T. ) ;
#2610 = CARTESIAN_POINT ( 'NONE',  ( 15.32705365434144795, 19.82163583045518962, 994.7617465664258134 ) ) ;
#2611 = CARTESIAN_POINT ( 'NONE',  ( 33.13833229796444613, -18.16472688226932064, 998.2617465664258134 ) ) ;
#2612 = CIRCLE ( 'NONE', #787, 1.500000000000001332 ) ;
#2613 = DIRECTION ( 'NONE',  ( 1.000000000000000000, 0.000000000000000000, 0.000000000000000000 ) ) ;
#2614 = VERTEX_POINT ( 'NONE', #1928 ) ;
#2615 = LINE ( 'NONE', #2245, #3850 ) ;
#2616 = ORIENTED_EDGE ( 'NONE', *, *, #483, .F. ) ;
#2617 = CYLINDRICAL_SURFACE ( 'NONE', #2242, 1.250000000000001110 ) ;
#2618 = CARTESIAN_POINT ( 'NONE',  ( 26.70720151120292840, -13.12088745453381122, 998.2617465664258134 ) ) ;
#2619 = CYLINDRICAL_SURFACE ( 'NONE', #3768, 1.000000000000000888 ) ;
#2620 = ORIENTED_EDGE ( 'NONE', *, *, #3593, .T. ) ;
#2621 = DIRECTION ( 'NONE',  ( 1.000000000000000000, 0.000000000000000000, 0.000000000000000000 ) ) ;
#2622 = ORIENTED_EDGE ( 'NONE', *, *, #1764, .F. ) ;
#2623 = APPROVAL_PERSON_ORGANIZATION ( #2100, #3775, #1760 ) ;
#2624 = DIRECTION ( 'NONE',  ( 0.000000000000000000, 0.000000000000000000, 1.000000000000000000 ) ) ;
#2625 = DIRECTION ( 'NONE',  ( 1.000000000000000000, 0.000000000000000000, 0.000000000000000000 ) ) ;
#2626 = DIRECTION ( 'NONE',  ( -1.000000000000000000, 0.000000000000000000, 0.000000000000000000 ) ) ;
#2627 = EDGE_CURVE ( 'NONE', #159, #1159, #1265, .T. ) ;
#2628 = ADVANCED_FACE ( 'NONE', ( #3336 ), #4419, .F. ) ;
#2629 = CYLINDRICAL_SURFACE ( 'NONE', #3875, 1.665039331781817289 ) ;
#2630 = ORIENTED_EDGE ( 'NONE', *, *, #4474, .T. ) ;
#2631 = CYLINDRICAL_SURFACE ( 'NONE', #36, 2.165039331781817733 ) ;
#2632 = CARTESIAN_POINT ( 'NONE',  ( 13.82705365434144618, 20.82163583045519317, 994.7617465664258134 ) ) ;
#2633 = ORIENTED_EDGE ( 'NONE', *, *, #4177, .F. ) ;
#2634 = CARTESIAN_POINT ( 'NONE',  ( -36.97721736514306201, 20.82163583045519673, 996.7617465664258134 ) ) ;
#2635 = VERTEX_POINT ( 'NONE', #165 ) ;
#2636 = CYLINDRICAL_SURFACE ( 'NONE', #699, 0.5743212343493758754 ) ;
#2637 = EDGE_CURVE ( 'NONE', #3245, #2462, #1627, .T. ) ;
#2638 = EDGE_LOOP ( 'NONE', ( #1098, #3809, #4486, #1179 ) ) ;
#2639 = CYLINDRICAL_SURFACE ( 'NONE', #641, 1.000000000000000888 ) ;
#2640 = VECTOR ( 'NONE', #4530, 1000.000000000000000 ) ;
#2641 = CYLINDRICAL_SURFACE ( 'NONE', #676, 1.500000000000001332 ) ;
#2642 = DIRECTION ( 'NONE',  ( 0.000000000000000000, 0.000000000000000000, 1.000000000000000000 ) ) ;
#2643 = ORIENTED_EDGE ( 'NONE', *, *, #345, .F. ) ;
#2644 = DIRECTION ( 'NONE',  ( -0.000000000000000000, -0.000000000000000000, -1.000000000000000000 ) ) ;
#2645 = ORIENTED_EDGE ( 'NONE', *, *, #869, .F. ) ;
#2646 = ORIENTED_EDGE ( 'NONE', *, *, #3613, .T. ) ;
#2647 = AXIS2_PLACEMENT_3D ( 'NONE', #1567, #2971, #4102 ) ;
#2648 = AXIS2_PLACEMENT_3D ( 'NONE', #4073, #1949, #579 ) ;
#2649 = CARTESIAN_POINT ( 'NONE',  ( 12.57705365434141598, -23.15303777888381731, 996.7617465664258134 ) ) ;
#2650 = DIRECTION ( 'NONE',  ( 1.000000000000000000, 0.000000000000000000, 0.000000000000000000 ) ) ;
#2651 = CARTESIAN_POINT ( 'NONE',  ( -41.47721736514306201, 16.32163583045519673, 996.7617465664258134 ) ) ;
#2652 = ORIENTED_EDGE ( 'NONE', *, *, #4109, .F. ) ;
#2653 = VECTOR ( 'NONE', #2754, 1000.000000000000000 ) ;
#2654 = ADVANCED_FACE ( 'NONE', ( #1558 ), #3312, .F. ) ;
#2655 = EDGE_CURVE ( 'NONE', #948, #2899, #2505, .T. ) ;
#2656 = CARTESIAN_POINT ( 'NONE',  ( -4.118843700912074191, -20.52082945453181040, 994.7617465664258134 ) ) ;
#2657 = CARTESIAN_POINT ( 'NONE',  ( 37.42847732750293233, 17.32163583045519317, 998.7617465664258134 ) ) ;
#2658 = AXIS2_PLACEMENT_3D ( 'NONE', #3088, #4147, #4475 ) ;
#2659 = ORIENTED_EDGE ( 'NONE', *, *, #4099, .T. ) ;
#2660 = CIRCLE ( 'NONE', #685, 1.000000000000000888 ) ;
#2661 = CIRCLE ( 'NONE', #1057, 1.249999999999997558 ) ;
#2662 = CARTESIAN_POINT ( 'NONE',  ( 14.82705365434141775, -23.15303777888382086, 996.7617465664258134 ) ) ;
#2663 = ORIENTED_EDGE ( 'NONE', *, *, #1371, .F. ) ;
#2664 = DIRECTION ( 'NONE',  ( 0.000000000000000000, 0.000000000000000000, 1.000000000000000000 ) ) ;
#2665 = VERTEX_POINT ( 'NONE', #4018 ) ;
#2666 = DIRECTION ( 'NONE',  ( -0.000000000000000000, -0.000000000000000000, -1.000000000000000000 ) ) ;
#2667 = AXIS2_PLACEMENT_3D ( 'NONE', #935, #2693, #3731 ) ;
#2668 = VECTOR ( 'NONE', #3191, 1000.000000000000000 ) ;
#2669 = EDGE_CURVE ( 'NONE', #4262, #4222, #876, .T. ) ;
#2670 = DIRECTION ( 'NONE',  ( 1.000000000000000000, 0.000000000000000000, 0.000000000000000000 ) ) ;
#2671 = CIRCLE ( 'NONE', #259, 1.500000000000001332 ) ;
#2672 = DIRECTION ( 'NONE',  ( 0.000000000000000000, -1.000000000000000000, 0.000000000000000000 ) ) ;
#2673 = ORIENTED_EDGE ( 'NONE', *, *, #2385, .F. ) ;
#2674 = FACE_OUTER_BOUND ( 'NONE', #2911, .T. ) ;
#2675 = VECTOR ( 'NONE', #2317, 1000.000000000000000 ) ;
#2676 = ORIENTED_EDGE ( 'NONE', *, *, #2898, .T. ) ;
#2677 = VECTOR ( 'NONE', #1231, 1000.000000000000000 ) ;
#2678 = ORIENTED_EDGE ( 'NONE', *, *, #1260, .T. ) ;
#2679 = CARTESIAN_POINT ( 'NONE',  ( -41.47721736514306201, 16.32163583045519673, 994.7617465664258134 ) ) ;
#2680 = CARTESIAN_POINT ( 'NONE',  ( 13.32705365434141598, -22.15303777888381376, 996.7617465664258134 ) ) ;
#2681 = DIRECTION ( 'NONE',  ( 1.000000000000000000, 0.000000000000000000, -0.000000000000000000 ) ) ;
#2682 = VERTEX_POINT ( 'NONE', #2662 ) ;
#2683 = LINE ( 'NONE', #1990, #2081 ) ;
#2684 = FACE_OUTER_BOUND ( 'NONE', #2975, .T. ) ;
#2685 = ORIENTED_EDGE ( 'NONE', *, *, #702, .F. ) ;
#2686 = CARTESIAN_POINT ( 'NONE',  ( 13.60217230114492715, -14.12088745453381122, 998.2617465664258134 ) ) ;
#2687 = ORIENTED_EDGE ( 'NONE', *, *, #2797, .T. ) ;
#2688 = DIRECTION ( 'NONE',  ( 0.000000000000000000, -1.000000000000000000, 0.000000000000000000 ) ) ;
#2689 = EDGE_LOOP ( 'NONE', ( #3823, #1761, #239, #556 ) ) ;
#2690 = DIRECTION ( 'NONE',  ( -0.000000000000000000, -0.000000000000000000, 1.000000000000000000 ) ) ;
#2691 = EDGE_CURVE ( 'NONE', #2614, #3732, #1630, .T. ) ;
#2692 = LINE ( 'NONE', #512, #90 ) ;
#2693 = DIRECTION ( 'NONE',  ( 0.000000000000000000, 0.000000000000000000, 1.000000000000000000 ) ) ;
#2694 = ORIENTED_EDGE ( 'NONE', *, *, #3560, .F. ) ;
#2695 = CARTESIAN_POINT ( 'NONE',  ( 35.07158772934651836, -10.90936937654907801, 994.7617465664258134 ) ) ;
#2696 = AXIS2_PLACEMENT_3D ( 'NONE', #1701, #666, #1402 ) ;
#2697 = VERTEX_POINT ( 'NONE', #4448 ) ;
#2698 = ORIENTED_EDGE ( 'NONE', *, *, #3788, .T. ) ;
#2699 = DIRECTION ( 'NONE',  ( -0.000000000000000000, -0.000000000000000000, 1.000000000000000000 ) ) ;
#2700 = DIRECTION ( 'NONE',  ( 1.000000000000000000, 0.000000000000000000, 0.000000000000000000 ) ) ;
#2701 = DIRECTION ( 'NONE',  ( 1.000000000000000000, 0.000000000000000000, 0.000000000000000000 ) ) ;
#2702 = LINE ( 'NONE', #297, #3845 ) ;
#2703 = CARTESIAN_POINT ( 'NONE',  ( 13.82705365434144618, 20.82163583045519317, 996.7617465664258134 ) ) ;
#2704 = ORIENTED_EDGE ( 'NONE', *, *, #3339, .T. ) ;
#2705 = CARTESIAN_POINT ( 'NONE',  ( -16.59988510297007025, -19.52082945453180685, 994.7617465664258134 ) ) ;
#2706 = ORIENTED_EDGE ( 'NONE', *, *, #1983, .F. ) ;
#2707 = CARTESIAN_POINT ( 'NONE',  ( -1.248856400913073816, -14.12088745453381122, 994.7617465664258134 ) ) ;
#2708 = ORIENTED_EDGE ( 'NONE', *, *, #4214, .T. ) ;
#2709 = CARTESIAN_POINT ( 'NONE',  ( 12.10217230114492715, -21.02082945453181040, 998.7617465664258134 ) ) ;
#2710 = FACE_OUTER_BOUND ( 'NONE', #2990, .T. ) ;
#2711 = EDGE_CURVE ( 'NONE', #285, #2876, #282, .T. ) ;
#2712 = EDGE_CURVE ( 'NONE', #2267, #3790, #3083, .T. ) ;
#2713 = DIRECTION ( 'NONE',  ( 0.000000000000000000, 0.000000000000000000, 1.000000000000000000 ) ) ;
#2714 = ORIENTED_EDGE ( 'NONE', *, *, #428, .T. ) ;
#2715 = CARTESIAN_POINT ( 'NONE',  ( -27.35978350296907280, -14.12088745453381122, 998.2617465664258134 ) ) ;
#2716 = ORIENTED_EDGE ( 'NONE', *, *, #3155, .T. ) ;
#2717 = ORIENTED_EDGE ( 'NONE', *, *, #4474, .F. ) ;
#2718 = CARTESIAN_POINT ( 'NONE',  ( -19.37579369198158119, -23.15303777888382086, 996.7617465664258134 ) ) ;
#2719 = VECTOR ( 'NONE', #122, 1000.000000000000000 ) ;
#2720 = DIRECTION ( 'NONE',  ( 1.000000000000000000, 0.000000000000000000, 0.000000000000000000 ) ) ;
#2721 =( NAMED_UNIT ( * ) SI_UNIT ( $, .STERADIAN. ) SOLID_ANGLE_UNIT ( ) );
#2722 = VECTOR ( 'NONE', #421, 1000.000000000000000 ) ;
#2723 = EDGE_CURVE ( 'NONE', #4381, #877, #3812, .T. ) ;
#2724 = DIRECTION ( 'NONE',  ( -0.000000000000000000, 0.000000000000000000, 1.000000000000000000 ) ) ;
#2725 = CARTESIAN_POINT ( 'NONE',  ( -16.59988510297007025, -19.52082945453180685, 994.7617465664258134 ) ) ;
#2726 = AXIS2_PLACEMENT_3D ( 'NONE', #2331, #1690, #3738 ) ;
#2727 = VECTOR ( 'NONE', #2557, 1000.000000000000000 ) ;
#2728 = ORIENTED_EDGE ( 'NONE', *, *, #2407, .T. ) ;
#2729 = FACE_OUTER_BOUND ( 'NONE', #3421, .T. ) ;
#2730 = ORIENTED_EDGE ( 'NONE', *, *, #938, .F. ) ;
#2731 = VERTEX_POINT ( 'NONE', #3133 ) ;
#2732 = LINE ( 'NONE', #4120, #942 ) ;
#2733 = VECTOR ( 'NONE', #2767, 1000.000000000000000 ) ;
#2734 = VECTOR ( 'NONE', #2476, 1000.000000000000000 ) ;
#2735 = CARTESIAN_POINT ( 'NONE',  ( 14.82705365434141775, -23.15303777888382086, 994.7617465664258134 ) ) ;
#2736 = AXIS2_PLACEMENT_3D ( 'NONE', #3709, #4523, #565 ) ;
#2737 = AXIS2_PLACEMENT_3D ( 'NONE', #384, #2862, #1054 ) ;
#2738 = LINE ( 'NONE', #1273, #1933 ) ;
#2739 = AXIS2_PLACEMENT_3D ( 'NONE', #4497, #1959, #3801 ) ;
#2740 = VERTEX_POINT ( 'NONE', #4095 ) ;
#2741 = CARTESIAN_POINT ( 'NONE',  ( -12.00875480091207592, -14.12088745453381122, 998.2617465664258134 ) ) ;
#2742 = ORIENTED_EDGE ( 'NONE', *, *, #3730, .F. ) ;
#2743 = ADVANCED_FACE ( 'NONE', ( #1036 ), #3495, .F. ) ;
#2744 = AXIS2_PLACEMENT_3D ( 'NONE', #2079, #779, #4548 ) ;
#2745 = ORIENTED_EDGE ( 'NONE', *, *, #1329, .T. ) ;
#2746 = DIRECTION ( 'NONE',  ( -1.000000000000000000, 0.000000000000000000, 0.000000000000000000 ) ) ;
#2747 = VECTOR ( 'NONE', #1832, 1000.000000000000000 ) ;
#2748 = FACE_OUTER_BOUND ( 'NONE', #3803, .T. ) ;
#2749 = VECTOR ( 'NONE', #1892, 1000.000000000000000 ) ;
#2750 = CARTESIAN_POINT ( 'NONE',  ( 13.32705365434141598, -22.15303777888381376, 994.7617465664258134 ) ) ;
#2751 = EDGE_CURVE ( 'NONE', #3225, #4243, #3834, .T. ) ;
#2752 = EDGE_CURVE ( 'NONE', #244, #2568, #4194, .T. ) ;
#2753 = CARTESIAN_POINT ( 'NONE',  ( 35.07158772934652546, 8.577967428120430782, 996.7617465664258134 ) ) ;
#2754 = DIRECTION ( 'NONE',  ( 1.000000000000000000, 0.000000000000000000, 0.000000000000000000 ) ) ;
#2755 = VERTEX_POINT ( 'NONE', #1675 ) ;
#2756 = DIRECTION ( 'NONE',  ( 0.000000000000000000, 0.000000000000000000, 1.000000000000000000 ) ) ;
#2757 = ORIENTED_EDGE ( 'NONE', *, *, #644, .F. ) ;
#2758 = ORIENTED_EDGE ( 'NONE', *, *, #2330, .T. ) ;
#2759 = DIRECTION ( 'NONE',  ( -6.424970771824775901E-16, 1.000000000000000000, 0.000000000000000000 ) ) ;
#2760 = CARTESIAN_POINT ( 'NONE',  ( -37.97721736514308333, -24.65303777888381376, 998.7617465664258134 ) ) ;
#2761 = CARTESIAN_POINT ( 'NONE',  ( 13.60217230114492359, -19.52082945453181040, 998.2617465664258134 ) ) ;
#2762 = ORIENTED_EDGE ( 'NONE', *, *, #4384, .F. ) ;
#2763 = DIRECTION ( 'NONE',  ( 0.000000000000000000, 1.000000000000000000, 0.000000000000000000 ) ) ;
#2764 = EDGE_LOOP ( 'NONE', ( #4449, #2757, #2344, #3074 ) ) ;
#2765 = VECTOR ( 'NONE', #304, 1000.000000000000000 ) ;
#2766 = ORIENTED_EDGE ( 'NONE', *, *, #3730, .T. ) ;
#2767 = DIRECTION ( 'NONE',  ( -0.000000000000000000, -0.000000000000000000, -1.000000000000000000 ) ) ;
#2768 = DIRECTION ( 'NONE',  ( -0.000000000000000000, -0.000000000000000000, 1.000000000000000000 ) ) ;
#2769 = VERTEX_POINT ( 'NONE', #1996 ) ;
#2770 = DIRECTION ( 'NONE',  ( -1.000000000000000000, -1.777399113065546424E-16, 0.000000000000000000 ) ) ;
#2771 = ADVANCED_FACE ( 'NONE', ( #2729 ), #4487, .F. ) ;
#2772 = EDGE_CURVE ( 'NONE', #3413, #489, #3749, .T. ) ;
#2773 = DIRECTION ( 'NONE',  ( -0.000000000000000000, -0.000000000000000000, 1.000000000000000000 ) ) ;
#2774 = ORIENTED_EDGE ( 'NONE', *, *, #1252, .F. ) ;
#2775 = DIRECTION ( 'NONE',  ( 1.000000000000000000, 0.000000000000000000, 0.000000000000000000 ) ) ;
#2776 = EDGE_CURVE ( 'NONE', #1063, #207, #645, .T. ) ;
#2777 = CARTESIAN_POINT ( 'NONE',  ( 29.57421773772599849, -9.904726882270324495, 998.2617465664258134 ) ) ;
#2778 = VERTEX_POINT ( 'NONE', #2337 ) ;
#2779 = LINE ( 'NONE', #3199, #575 ) ;
#2780 = DIRECTION ( 'NONE',  ( -0.000000000000000000, -0.000000000000000000, -1.000000000000000000 ) ) ;
#2781 = EDGE_CURVE ( 'NONE', #908, #1646, #2792, .T. ) ;
#2782 = LINE ( 'NONE', #2761, #4217 ) ;
#2783 = ORIENTED_EDGE ( 'NONE', *, *, #1318, .F. ) ;
#2784 = CARTESIAN_POINT ( 'NONE',  ( 35.92847732750292522, 16.32163583045519673, 996.7617465664258134 ) ) ;
#2785 = ORIENTED_EDGE ( 'NONE', *, *, #55, .F. ) ;
#2786 = VERTEX_POINT ( 'NONE', #3744 ) ;
#2787 = CARTESIAN_POINT ( 'NONE',  ( 26.70720151120292485, -21.02082945453181395, 998.2617465664258134 ) ) ;
#2788 = LINE ( 'NONE', #964, #83 ) ;
#2789 = ORIENTED_EDGE ( 'NONE', *, *, #3935, .F. ) ;
#2790 = VECTOR ( 'NONE', #296, 1000.000000000000000 ) ;
#2791 = CYLINDRICAL_SURFACE ( 'NONE', #619, 1.532057280119222931 ) ;
#2792 = CIRCLE ( 'NONE', #597, 1.250000000000001110 ) ;
#2793 = DIRECTION ( 'NONE',  ( 1.000000000000000000, -7.109596452262185698E-16, 0.000000000000000000 ) ) ;
#2794 = LINE ( 'NONE', #3531, #2161 ) ;
#2795 = ORIENTED_EDGE ( 'NONE', *, *, #4410, .F. ) ;
#2796 = VECTOR ( 'NONE', #398, 1000.000000000000000 ) ;
#2797 = EDGE_CURVE ( 'NONE', #1867, #3852, #662, .T. ) ;
#2798 = EDGE_CURVE ( 'NONE', #3220, #1667, #260, .T. ) ;
#2799 = CARTESIAN_POINT ( 'NONE',  ( -32.24585850072318038, -7.232593278003827564, 998.7617465664258134 ) ) ;
#2800 = CARTESIAN_POINT ( 'NONE',  ( -12.00875480091207592, -20.52082945453180685, 994.7617465664258134 ) ) ;
#2801 = CIRCLE ( 'NONE', #751, 0.5743212343493758754 ) ;
#2802 = ORIENTED_EDGE ( 'NONE', *, *, #1620, .F. ) ;
#2803 = CYLINDRICAL_SURFACE ( 'NONE', #2544, 1.249999999999997558 ) ;
#2804 = VECTOR ( 'NONE', #3113, 1000.000000000000000 ) ;
#2805 = AXIS2_PLACEMENT_3D ( 'NONE', #2705, #4117, #3450 ) ;
#2806 = CARTESIAN_POINT ( 'NONE',  ( 13.60217230114492359, -19.52082945453181040, 998.2617465664258134 ) ) ;
#2807 = LINE ( 'NONE', #3912, #182 ) ;
#2808 = EDGE_LOOP ( 'NONE', ( #531, #3375, #1823, #689 ) ) ;
#2809 = DIRECTION ( 'NONE',  ( 1.000000000000000000, 0.000000000000000000, 0.000000000000000000 ) ) ;
#2810 = VECTOR ( 'NONE', #611, 1000.000000000000000 ) ;
#2811 = ORIENTED_EDGE ( 'NONE', *, *, #2200, .T. ) ;
#2812 = EDGE_CURVE ( 'NONE', #4262, #3503, #4121, .T. ) ;
#2813 = EDGE_LOOP ( 'NONE', ( #1368, #3431, #152, #737 ) ) ;
#2814 = DIRECTION ( 'NONE',  ( -0.000000000000000000, -0.000000000000000000, 1.000000000000000000 ) ) ;
#2815 = DIRECTION ( 'NONE',  ( 1.000000000000000000, 0.000000000000000000, 0.000000000000000000 ) ) ;
#2816 = VERTEX_POINT ( 'NONE', #3770 ) ;
#2817 = CC_DESIGN_DATE_AND_TIME_ASSIGNMENT ( #2882, #1145, ( #3001 ) ) ;
#2818 = LINE ( 'NONE', #66, #3262 ) ;
#2819 = AXIS2_PLACEMENT_3D ( 'NONE', #200, #1183, #843 ) ;
#2820 = CARTESIAN_POINT ( 'NONE',  ( -27.35978350296907635, -14.12088745453381122, 998.2617465664258134 ) ) ;
#2821 = CARTESIAN_POINT ( 'NONE',  ( 2.342273901145924153, -13.12088745453381122, 994.7617465664258134 ) ) ;
#2822 = ORIENTED_EDGE ( 'NONE', *, *, #2059, .T. ) ;
#2823 = DIRECTION ( 'NONE',  ( 1.000000000000000000, 0.000000000000000000, 0.000000000000000000 ) ) ;
#2824 = DIRECTION ( 'NONE',  ( -1.000000000000000000, 0.000000000000000000, 0.000000000000000000 ) ) ;
#2825 = ORIENTED_EDGE ( 'NONE', *, *, #903, .T. ) ;
#2826 = CARTESIAN_POINT ( 'NONE',  ( 15.32705365434141420, -22.15303777888381376, 994.7617465664258134 ) ) ;
#2827 = PLANE ( 'NONE',  #92 ) ;
#2828 = EDGE_CURVE ( 'NONE', #2024, #2961, #14, .T. ) ;
#2829 = DIRECTION ( 'NONE',  ( 0.000000000000000000, 1.000000000000000000, 0.000000000000000000 ) ) ;
#2830 = EDGE_CURVE ( 'NONE', #516, #207, #3469, .T. ) ;
#2831 = ORIENTED_EDGE ( 'NONE', *, *, #2637, .F. ) ;
#2832 = LINE ( 'NONE', #4192, #1718 ) ;
#2833 = EDGE_LOOP ( 'NONE', ( #931, #4193, #965, #1665 ) ) ;
#2834 = VERTEX_POINT ( 'NONE', #4516 ) ;
#2835 = LINE ( 'NONE', #2787, #2001 ) ;
#2836 = EDGE_CURVE ( 'NONE', #4469, #3852, #4040, .T. ) ;
#2837 = APPROVAL_ROLE ( '' ) ;
#2838 = AXIS2_PLACEMENT_3D ( 'NONE', #583, #265, #902 ) ;
#2839 = ORIENTED_EDGE ( 'NONE', *, *, #2264, .T. ) ;
#2840 = DIRECTION ( 'NONE',  ( -0.000000000000000000, -0.000000000000000000, 1.000000000000000000 ) ) ;
#2841 = AXIS2_PLACEMENT_3D ( 'NONE', #718, #3864, #2499 ) ;
#2842 = CARTESIAN_POINT ( 'NONE',  ( -37.97721736514308333, -24.65303777888381376, 998.7617465664258134 ) ) ;
#2843 = CYLINDRICAL_SURFACE ( 'NONE', #2085, 1.000000000000002665 ) ;
#2844 = ORIENTED_EDGE ( 'NONE', *, *, #499, .F. ) ;
#2845 = DIRECTION ( 'NONE',  ( 0.000000000000000000, -1.000000000000000000, 0.000000000000000000 ) ) ;
#2846 = CARTESIAN_POINT ( 'NONE',  ( 12.10217230114492715, -12.62088745453381122, 998.2617465664258134 ) ) ;
#2847 = ORIENTED_EDGE ( 'NONE', *, *, #3438, .T. ) ;
#2848 = CYLINDRICAL_SURFACE ( 'NONE', #2107, 1.250000000000001110 ) ;
#2849 =( GEOMETRIC_REPRESENTATION_CONTEXT ( 3 ) GLOBAL_UNCERTAINTY_ASSIGNED_CONTEXT ( ( #1687 ) ) GLOBAL_UNIT_ASSIGNED_CONTEXT ( ( #1715, #3079, #2721 ) ) REPRESENTATION_CONTEXT ( 'NONE', 'WORKASPACE' ) );
#2850 = LINE ( 'NONE', #3607, #2948 ) ;
#2851 = CARTESIAN_POINT ( 'NONE',  ( -36.97721736514306201, 20.82163583045519673, 994.7617465664258134 ) ) ;
#2852 = EDGE_LOOP ( 'NONE', ( #2758, #3876, #1221, #1366 ) ) ;
#2853 = DIRECTION ( 'NONE',  ( -0.000000000000000000, -0.000000000000000000, 1.000000000000000000 ) ) ;
#2854 = ORIENTED_EDGE ( 'NONE', *, *, #335, .T. ) ;
#2855 = EDGE_CURVE ( 'NONE', #51, #1498, #323, .T. ) ;
#2856 = EDGE_CURVE ( 'NONE', #1243, #3093, #3950, .T. ) ;
#2857 = CARTESIAN_POINT ( 'NONE',  ( 13.10217230114492359, -19.52082945453181040, 998.2617465664258134 ) ) ;
#2858 = ORIENTED_EDGE ( 'NONE', *, *, #3798, .T. ) ;
#2859 = PERSON_AND_ORGANIZATION ( #283, #4024 ) ;
#2860 = ORIENTED_EDGE ( 'NONE', *, *, #614, .F. ) ;
#2861 = DIRECTION ( 'NONE',  ( 0.000000000000000000, 0.000000000000000000, 1.000000000000000000 ) ) ;
#2862 = DIRECTION ( 'NONE',  ( -0.000000000000000000, -0.000000000000000000, -1.000000000000000000 ) ) ;
#2863 = CARTESIAN_POINT ( 'NONE',  ( -20.37579369198158474, -23.15303777888382086, 996.7617465664258134 ) ) ;
#2864 = ORIENTED_EDGE ( 'NONE', *, *, #875, .T. ) ;
#2865 = EDGE_CURVE ( 'NONE', #3325, #3313, #1153, .T. ) ;
#2866 = CARTESIAN_POINT ( 'NONE',  ( 26.70720151120292840, -13.12088745453381122, 994.7617465664258134 ) ) ;
#2867 = CARTESIAN_POINT ( 'NONE',  ( 26.70720151120292485, -20.52082945453181040, 994.7617465664258134 ) ) ;
#2868 = VERTEX_POINT ( 'NONE', #2799 ) ;
#2869 = AXIS2_PLACEMENT_3D ( 'NONE', #2022, #1727, #3433 ) ;
#2870 = CARTESIAN_POINT ( 'NONE',  ( -26.35978350296907280, -14.12088745453381122, 998.7617465664258134 ) ) ;
#2871 = DIRECTION ( 'NONE',  ( 1.000000000000000000, 0.000000000000000000, 0.000000000000000000 ) ) ;
#2872 = VERTEX_POINT ( 'NONE', #784 ) ;
#2873 = DIRECTION ( 'NONE',  ( 1.000000000000000000, 0.000000000000000000, 0.000000000000000000 ) ) ;
#2874 = CIRCLE ( 'NONE', #1779, 0.9999999999999974465 ) ;
#2875 = VECTOR ( 'NONE', #801, 1000.000000000000000 ) ;
#2876 = VERTEX_POINT ( 'NONE', #3904 ) ;
#2877 = AXIS2_PLACEMENT_3D ( 'NONE', #2002, #3816, #2342 ) ;
#2878 = VECTOR ( 'NONE', #1647, 1000.000000000000000 ) ;
#2879 = CARTESIAN_POINT ( 'NONE',  ( 35.07158772934651836, -8.909369376549079789, 994.7617465664258134 ) ) ;
#2880 = ORIENTED_EDGE ( 'NONE', *, *, #358, .F. ) ;
#2881 = EDGE_CURVE ( 'NONE', #899, #608, #4302, .T. ) ;
#2882 = DATE_AND_TIME ( #2467, #1024 ) ;
#2883 = ORIENTED_EDGE ( 'NONE', *, *, #2565, .F. ) ;
#2884 = AXIS2_PLACEMENT_3D ( 'NONE', #2995, #494, #4380 ) ;
#2885 = AXIS2_PLACEMENT_3D ( 'NONE', #4537, #1579, #2986 ) ;
#2886 = DIRECTION ( 'NONE',  ( -4.015606732390484938E-17, 1.000000000000000000, 0.000000000000000000 ) ) ;
#2887 = LINE ( 'NONE', #1080, #3479 ) ;
#2888 = VECTOR ( 'NONE', #2829, 1000.000000000000000 ) ;
#2889 = CARTESIAN_POINT ( 'NONE',  ( -16.59988510297007025, -12.62088745453381122, 998.7617465664258134 ) ) ;
#2890 = ADVANCED_FACE ( 'NONE', ( #1106, #2196 ), #3, .T. ) ;
#2891 = VECTOR ( 'NONE', #660, 1000.000000000000000 ) ;
#2892 = EDGE_CURVE ( 'NONE', #4310, #2119, #759, .T. ) ;
#2893 = EDGE_LOOP ( 'NONE', ( #4291, #4500, #320, #2346, #3563, #3108, #4100, #2166 ) ) ;
#2894 = AXIS2_PLACEMENT_3D ( 'NONE', #4000, #75, #2871 ) ;
#2895 = AXIS2_PLACEMENT_3D ( 'NONE', #161, #1554, #2724 ) ;
#2896 = CARTESIAN_POINT ( 'NONE',  ( -2.248856400913074260, -14.12088745453381122, 998.2617465664258134 ) ) ;
#2897 = DIRECTION ( 'NONE',  ( -1.000000000000000000, 0.000000000000000000, -0.000000000000000000 ) ) ;
#2898 = EDGE_CURVE ( 'NONE', #285, #2697, #1913, .T. ) ;
#2899 = VERTEX_POINT ( 'NONE', #2157 ) ;
#2900 = AXIS2_PLACEMENT_3D ( 'NONE', #1464, #3512, #4300 ) ;
#2901 = AXIS2_PLACEMENT_3D ( 'NONE', #203, #1526, #455 ) ;
#2902 = DIRECTION ( 'NONE',  ( -0.000000000000000000, -0.000000000000000000, 1.000000000000000000 ) ) ;
#2903 = CARTESIAN_POINT ( 'NONE',  ( -27.85978350296907280, -14.12088745453381122, 998.2617465664258134 ) ) ;
#2904 = ORIENTED_EDGE ( 'NONE', *, *, #3740, .F. ) ;
#2905 = DIRECTION ( 'NONE',  ( -1.000000000000000000, 0.000000000000000000, 0.000000000000000000 ) ) ;
#2906 = EDGE_LOOP ( 'NONE', ( #2477, #4423, #3494, #1357 ) ) ;
#2907 = CARTESIAN_POINT ( 'NONE',  ( 15.94730311120392763, -14.12088745453381122, 998.2617465664258134 ) ) ;
#2908 = VERTEX_POINT ( 'NONE', #415 ) ;
#2909 = LINE ( 'NONE', #1570, #2525 ) ;
#2910 = COORDINATED_UNIVERSAL_TIME_OFFSET ( 8, 0, .AHEAD. ) ;
#2911 = EDGE_LOOP ( 'NONE', ( #2410, #950, #113, #3855 ) ) ;
#2912 = CARTESIAN_POINT ( 'NONE',  ( -15.59988510297007025, -19.52082945453180685, 998.2617465664258134 ) ) ;
#2913 = CARTESIAN_POINT ( 'NONE',  ( 29.57421773772599849, -9.904726882270324495, 994.7617465664258134 ) ) ;
#2914 = DIRECTION ( 'NONE',  ( -0.000000000000000000, -0.000000000000000000, 1.000000000000000000 ) ) ;
#2915 = ORIENTED_EDGE ( 'NONE', *, *, #2723, .F. ) ;
#2916 = AXIS2_PLACEMENT_3D ( 'NONE', #1661, #3066, #1320 ) ;
#2917 = EDGE_CURVE ( 'NONE', #1667, #3313, #3169, .T. ) ;
#2918 = EDGE_CURVE ( 'NONE', #1710, #1646, #3238, .T. ) ;
#2919 = DIRECTION ( 'NONE',  ( 1.000000000000000000, 0.000000000000000000, -0.000000000000000000 ) ) ;
#2920 = CARTESIAN_POINT ( 'NONE',  ( 2.342273901145925041, -21.02082945453181040, 998.2617465664258134 ) ) ;
#2921 = ORIENTED_EDGE ( 'NONE', *, *, #1726, .T. ) ;
#2922 = DIRECTION ( 'NONE',  ( 0.000000000000000000, 0.000000000000000000, 1.000000000000000000 ) ) ;
#2923 = EDGE_LOOP ( 'NONE', ( #750, #1104, #1952, #262 ) ) ;
#2924 = PLANE ( 'NONE',  #2587 ) ;
#2925 = ORIENTED_EDGE ( 'NONE', *, *, #682, .F. ) ;
#2926 = DIRECTION ( 'NONE',  ( 1.000000000000000000, 0.000000000000000000, -0.000000000000000000 ) ) ;
#2927 = ADVANCED_FACE ( 'NONE', ( #1815 ), #1795, .F. ) ;
#2928 = DIRECTION ( 'NONE',  ( -0.000000000000000000, 0.000000000000000000, -1.000000000000000000 ) ) ;
#2929 = EDGE_LOOP ( 'NONE', ( #717, #819, #1929, #3696 ) ) ;
#2930 = CARTESIAN_POINT ( 'NONE',  ( 35.92847732750292522, -8.425109593120421181, 996.7617465664258134 ) ) ;
#2931 = ORIENTED_EDGE ( 'NONE', *, *, #4072, .F. ) ;
#2932 = CARTESIAN_POINT ( 'NONE',  ( -18.87579369198158119, -22.15303777888381731, 996.7617465664258134 ) ) ;
#2933 = FACE_OUTER_BOUND ( 'NONE', #48, .T. ) ;
#2934 = DIRECTION ( 'NONE',  ( 1.000000000000000000, 0.000000000000000000, -0.000000000000000000 ) ) ;
#2935 = FACE_OUTER_BOUND ( 'NONE', #586, .T. ) ;
#2936 = ORIENTED_EDGE ( 'NONE', *, *, #302, .T. ) ;
#2937 = FACE_OUTER_BOUND ( 'NONE', #3299, .T. ) ;
#2938 = DIRECTION ( 'NONE',  ( -0.000000000000000000, -0.000000000000000000, 1.000000000000000000 ) ) ;
#2939 = EDGE_CURVE ( 'NONE', #2548, #2495, #3882, .T. ) ;
#2940 = EDGE_CURVE ( 'NONE', #3957, #425, #3822, .T. ) ;
#2941 = CARTESIAN_POINT ( 'NONE',  ( -41.47721736514306201, -8.425109593120406970, 996.7617465664258134 ) ) ;
#2942 = ORIENTED_EDGE ( 'NONE', *, *, #368, .F. ) ;
#2943 = AXIS2_PLACEMENT_3D ( 'NONE', #2040, #4184, #996 ) ;
#2944 = CARTESIAN_POINT ( 'NONE',  ( -40.62032776698665515, 8.577967428120441440, 994.7617465664258134 ) ) ;
#2945 = ORIENTED_EDGE ( 'NONE', *, *, #795, .F. ) ;
#2946 = CARTESIAN_POINT ( 'NONE',  ( -12.00875480091207592, -12.62088745453381122, 998.7617465664258134 ) ) ;
#2947 = EDGE_CURVE ( 'NONE', #1622, #2876, #4274, .T. ) ;
#2948 = VECTOR ( 'NONE', #2526, 1000.000000000000000 ) ;
#2949 = DIRECTION ( 'NONE',  ( 1.000000000000000000, 1.855331826026554737E-15, 0.000000000000000000 ) ) ;
#2950 = CARTESIAN_POINT ( 'NONE',  ( 13.60217230114492715, -14.12088745453381122, 998.2617465664258134 ) ) ;
#2951 = ORIENTED_EDGE ( 'NONE', *, *, #2776, .T. ) ;
#2952 = DIRECTION ( 'NONE',  ( 0.000000000000000000, 0.000000000000000000, 1.000000000000000000 ) ) ;
#2953 = AXIS2_PLACEMENT_3D ( 'NONE', #3286, #2626, #1575 ) ;
#2954 = EDGE_CURVE ( 'NONE', #877, #610, #4417, .T. ) ;
#2955 = ORIENTED_EDGE ( 'NONE', *, *, #445, .F. ) ;
#2956 = DIRECTION ( 'NONE',  ( 0.000000000000000000, 0.000000000000000000, 1.000000000000000000 ) ) ;
#2957 = DIRECTION ( 'NONE',  ( -0.000000000000000000, -0.000000000000000000, 1.000000000000000000 ) ) ;
#2958 = DIRECTION ( 'NONE',  ( 0.000000000000000000, 0.000000000000000000, 1.000000000000000000 ) ) ;
#2959 = CYLINDRICAL_SURFACE ( 'NONE', #1089, 1.500000000000000888 ) ;
#2960 = CIRCLE ( 'NONE', #3543, 2.032057280119223375 ) ;
#2961 = VERTEX_POINT ( 'NONE', #1084 ) ;
#2962 = DIRECTION ( 'NONE',  ( -0.000000000000000000, -0.000000000000000000, 1.000000000000000000 ) ) ;
#2963 = AXIS2_PLACEMENT_3D ( 'NONE', #1845, #3659, #4353 ) ;
#2964 = VECTOR ( 'NONE', #95, 1000.000000000000000 ) ;
#2965 = DIRECTION ( 'NONE',  ( 1.000000000000000000, -0.000000000000000000, 0.000000000000000000 ) ) ;
#2966 = DIRECTION ( 'NONE',  ( -0.000000000000000000, 0.000000000000000000, 1.000000000000000000 ) ) ;
#2967 = ORIENTED_EDGE ( 'NONE', *, *, #3253, .T. ) ;
#2968 = CARTESIAN_POINT ( 'NONE',  ( 13.82705365434144440, 20.82163583045518962, 994.7617465664258134 ) ) ;
#2969 = ORIENTED_EDGE ( 'NONE', *, *, #2954, .T. ) ;
#2970 = DIRECTION ( 'NONE',  ( -1.000000000000000000, 0.000000000000000000, 0.000000000000000000 ) ) ;
#2971 = DIRECTION ( 'NONE',  ( 0.000000000000000000, 1.000000000000000000, 0.000000000000000000 ) ) ;
#2972 = EDGE_CURVE ( 'NONE', #3732, #1243, #49, .T. ) ;
#2973 = EDGE_CURVE ( 'NONE', #3423, #3451, #2135, .T. ) ;
#2974 = FACE_OUTER_BOUND ( 'NONE', #2808, .T. ) ;
#2975 = EDGE_LOOP ( 'NONE', ( #551, #3086, #2860, #3581 ) ) ;
#2976 = DIRECTION ( 'NONE',  ( 1.000000000000000000, 0.000000000000000000, 0.000000000000000000 ) ) ;
#2977 = ORIENTED_EDGE ( 'NONE', *, *, #700, .F. ) ;
#2978 = ADVANCED_FACE ( 'NONE', ( #2520 ), #3196, .F. ) ;
#2979 = LINE ( 'NONE', #3966, #2677 ) ;
#2980 = CARTESIAN_POINT ( 'NONE',  ( -12.00875480091207592, -21.02082945453180685, 998.7617465664258134 ) ) ;
#2981 = LINE ( 'NONE', #1233, #4342 ) ;
#2982 = DIRECTION ( 'NONE',  ( -1.000000000000000000, 3.212485385912389430E-16, 0.000000000000000000 ) ) ;
#2983 = ORIENTED_EDGE ( 'NONE', *, *, #2286, .T. ) ;
#2984 = ADVANCED_FACE ( 'NONE', ( #435, #894 ), #873, .F. ) ;
#2985 = CARTESIAN_POINT ( 'NONE',  ( 15.44730311120392763, -14.12088745453381122, 998.7617465664258134 ) ) ;
#2986 = DIRECTION ( 'NONE',  ( 1.000000000000000000, 0.000000000000000000, 0.000000000000000000 ) ) ;
#2987 = ORIENTED_EDGE ( 'NONE', *, *, #2429, .T. ) ;
#2988 = AXIS2_PLACEMENT_3D ( 'NONE', #953, #4399, #1296 ) ;
#2989 = DIRECTION ( 'NONE',  ( -1.000000000000000000, 0.000000000000000000, 0.000000000000000000 ) ) ;
#2990 = EDGE_LOOP ( 'NONE', ( #2159, #574, #3818, #1989 ) ) ;
#2991 = CARTESIAN_POINT ( 'NONE',  ( -21.62579369198158474, -23.15303777888382086, 996.7617465664258134 ) ) ;
#2992 = EDGE_LOOP ( 'NONE', ( #1441, #2071, #2006, #3264 ) ) ;
#2993 = CARTESIAN_POINT ( 'NONE',  ( 32.42847732750293233, 22.32163583045518962, 996.7617465664258134 ) ) ;
#2994 = CARTESIAN_POINT ( 'NONE',  ( 29.07421773772599849, -9.904726882270329824, 998.7617465664258134 ) ) ;
#2995 = CARTESIAN_POINT ( 'NONE',  ( 31.10627501784522053, -18.16472688226932064, 994.7617465664258134 ) ) ;
#2996 = VERTEX_POINT ( 'NONE', #3357 ) ;
#2997 = CARTESIAN_POINT ( 'NONE',  ( 29.07421773772599849, -9.904726882270329824, 998.2617465664258134 ) ) ;
#2998 = EDGE_CURVE ( 'NONE', #1177, #3059, #3670, .T. ) ;
#2999 = VERTEX_POINT ( 'NONE', #2610 ) ;
#3000 = EDGE_CURVE ( 'NONE', #2304, #948, #461, .T. ) ;
#3001 = SECURITY_CLASSIFICATION ( '', '', #3166 ) ;
#3002 = PLANE ( 'NONE',  #1799 ) ;
#3003 = DIRECTION ( 'NONE',  ( 1.000000000000000000, 0.000000000000000000, 0.000000000000000000 ) ) ;
#3004 = LINE ( 'NONE', #572, #3684 ) ;
#3005 = DIRECTION ( 'NONE',  ( 0.000000000000000000, 0.000000000000000000, 1.000000000000000000 ) ) ;
#3006 = ORIENTED_EDGE ( 'NONE', *, *, #808, .F. ) ;
#3007 = CARTESIAN_POINT ( 'NONE',  ( -26.35978350296906925, -21.02082945453181395, 998.2617465664258134 ) ) ;
#3008 = LINE ( 'NONE', #1193, #1712 ) ;
#3009 = EDGE_CURVE ( 'NONE', #1734, #2868, #4340, .T. ) ;
#3010 = ORIENTED_EDGE ( 'NONE', *, *, #850, .T. ) ;
#3011 = DIRECTION ( 'NONE',  ( 1.000000000000000000, 0.000000000000000000, 0.000000000000000000 ) ) ;
#3012 = ORIENTED_EDGE ( 'NONE', *, *, #1560, .F. ) ;
#3013 = CARTESIAN_POINT ( 'NONE',  ( 12.10217230114492715, -12.62088745453381122, 998.2617465664258134 ) ) ;
#3014 = ORIENTED_EDGE ( 'NONE', *, *, #3283, .F. ) ;
#3015 = CARTESIAN_POINT ( 'NONE',  ( -26.35978350296906925, -19.52082945453181040, 998.2617465664258134 ) ) ;
#3016 = CC_DESIGN_PERSON_AND_ORGANIZATION_ASSIGNMENT ( #1459, #3507, ( #4023 ) ) ;
#3017 = AXIS2_PLACEMENT_3D ( 'NONE', #3791, #1014, #346 ) ;
#3018 = FACE_OUTER_BOUND ( 'NONE', #1966, .T. ) ;
#3019 = DIRECTION ( 'NONE',  ( -0.000000000000000000, -0.000000000000000000, 1.000000000000000000 ) ) ;
#3020 = VERTEX_POINT ( 'NONE', #2283 ) ;
#3021 = DIRECTION ( 'NONE',  ( -0.000000000000000000, -0.000000000000000000, -1.000000000000000000 ) ) ;
#3022 = AXIS2_PLACEMENT_3D ( 'NONE', #3692, #2962, #1578 ) ;
#3023 = VERTEX_POINT ( 'NONE', #1923 ) ;
#3024 = ORIENTED_EDGE ( 'NONE', *, *, #2407, .F. ) ;
#3025 = AXIS2_PLACEMENT_3D ( 'NONE', #3377, #227, #2700 ) ;
#3026 = ADVANCED_FACE ( 'NONE', ( #1258 ), #2218, .F. ) ;
#3027 = DIRECTION ( 'NONE',  ( 0.000000000000000000, -1.000000000000000000, 0.000000000000000000 ) ) ;
#3028 = DIRECTION ( 'NONE',  ( 0.000000000000000000, 1.000000000000000000, 0.000000000000000000 ) ) ;
#3029 = FACE_OUTER_BOUND ( 'NONE', #308, .T. ) ;
#3030 = AXIS2_PLACEMENT_3D ( 'NONE', #1744, #3830, #317 ) ;
#3031 = FACE_OUTER_BOUND ( 'NONE', #3988, .T. ) ;
#3032 = EDGE_CURVE ( 'NONE', #4142, #3020, #554, .T. ) ;
#3033 = DIRECTION ( 'NONE',  ( -0.000000000000000000, -0.000000000000000000, 1.000000000000000000 ) ) ;
#3034 = AXIS2_PLACEMENT_3D ( 'NONE', #4122, #1019, #2044 ) ;
#3035 = ORIENTED_EDGE ( 'NONE', *, *, #981, .T. ) ;
#3036 = CIRCLE ( 'NONE', #3474, 1.250000000000001110 ) ;
#3037 = CARTESIAN_POINT ( 'NONE',  ( 14.82705365434141775, -23.15303777888382086, 994.7617465664258134 ) ) ;
#3038 = EDGE_CURVE ( 'NONE', #3532, #1498, #3996, .T. ) ;
#3039 = EDGE_LOOP ( 'NONE', ( #2417, #2645, #4459, #1215 ) ) ;
#3040 = LINE ( 'NONE', #686, #2675 ) ;
#3041 = ORIENTED_EDGE ( 'NONE', *, *, #4298, .T. ) ;
#3042 = PLANE ( 'NONE',  #3722 ) ;
#3043 = CIRCLE ( 'NONE', #2295, 0.9842597834286564984 ) ;
#3044 = CARTESIAN_POINT ( 'NONE',  ( -0.7488564009130735943, -14.12088745453381122, 998.2617465664258134 ) ) ;
#3045 = VECTOR ( 'NONE', #4307, 1000.000000000000000 ) ;
#3046 = AXIS2_PLACEMENT_3D ( 'NONE', #4386, #2956, #2234 ) ;
#3047 = DIRECTION ( 'NONE',  ( 0.000000000000000000, -1.000000000000000000, 0.000000000000000000 ) ) ;
#3048 = ORIENTED_EDGE ( 'NONE', *, *, #2122, .T. ) ;
#3049 = PLANE ( 'NONE',  #480 ) ;
#3050 = CIRCLE ( 'NONE', #3777, 1.249999999999997558 ) ;
#3051 = ORIENTED_EDGE ( 'NONE', *, *, #1440, .T. ) ;
#3052 = AXIS2_PLACEMENT_3D ( 'NONE', #1275, #3371, #2391 ) ;
#3053 = ORIENTED_EDGE ( 'NONE', *, *, #3229, .F. ) ;
#3054 = CARTESIAN_POINT ( 'NONE',  ( -41.47721736514306201, 16.32163583045519673, 996.7617465664258134 ) ) ;
#3055 = FACE_OUTER_BOUND ( 'NONE', #4029, .T. ) ;
#3056 = DIRECTION ( 'NONE',  ( 0.000000000000000000, 0.000000000000000000, 1.000000000000000000 ) ) ;
#3057 = CARTESIAN_POINT ( 'NONE',  ( 12.10217230114492715, -20.52082945453181040, 998.2617465664258134 ) ) ;
#3058 = LINE ( 'NONE', #2471, #463 ) ;
#3059 = VERTEX_POINT ( 'NONE', #1857 ) ;
#3060 = EDGE_CURVE ( 'NONE', #3435, #2400, #1946, .T. ) ;
#3061 = EDGE_CURVE ( 'NONE', #404, #1655, #2239, .T. ) ;
#3062 = CARTESIAN_POINT ( 'NONE',  ( 4.212261201145924616, -20.52082945453181040, 998.2617465664258134 ) ) ;
#3063 = EDGE_LOOP ( 'NONE', ( #569, #3969, #1807, #1737 ) ) ;
#3064 = CARTESIAN_POINT ( 'NONE',  ( 31.42847732750293233, 20.82163583045519673, 994.7617465664258134 ) ) ;
#3065 = ORIENTED_EDGE ( 'NONE', *, *, #3085, .F. ) ;
#3066 = DIRECTION ( 'NONE',  ( 1.000000000000000000, -0.000000000000000000, 0.000000000000000000 ) ) ;
#3067 = VECTOR ( 'NONE', #3453, 1000.000000000000000 ) ;
#3068 = DIRECTION ( 'NONE',  ( -0.000000000000000000, -0.000000000000000000, -1.000000000000000000 ) ) ;
#3069 = AXIS2_PLACEMENT_3D ( 'NONE', #3886, #764, #3564 ) ;
#3070 = CARTESIAN_POINT ( 'NONE',  ( -13.50875480091207592, -14.12088745453381122, 998.2617465664258134 ) ) ;
#3071 = ORIENTED_EDGE ( 'NONE', *, *, #2940, .F. ) ;
#3072 = DIRECTION ( 'NONE',  ( -0.000000000000000000, -0.000000000000000000, -1.000000000000000000 ) ) ;
#3073 = AXIS2_PLACEMENT_3D ( 'NONE', #4034, #3305, #871 ) ;
#3074 = ORIENTED_EDGE ( 'NONE', *, *, #4157, .T. ) ;
#3075 = EDGE_CURVE ( 'NONE', #3443, #1377, #1513, .T. ) ;
#3076 = ORIENTED_EDGE ( 'NONE', *, *, #3566, .T. ) ;
#3077 = CARTESIAN_POINT ( 'NONE',  ( -40.62032776698665515, -8.909369376549067354, 996.7617465664258134 ) ) ;
#3078 = DIRECTION ( 'NONE',  ( -0.000000000000000000, -0.000000000000000000, -1.000000000000000000 ) ) ;
#3079 =( NAMED_UNIT ( * ) PLANE_ANGLE_UNIT ( ) SI_UNIT ( $, .RADIAN. ) );
#3080 = DIRECTION ( 'NONE',  ( 1.000000000000000000, 0.000000000000000000, 0.000000000000000000 ) ) ;
#3081 = DIRECTION ( 'NONE',  ( -0.000000000000000000, -0.000000000000000000, -1.000000000000000000 ) ) ;
#3082 = ORIENTED_EDGE ( 'NONE', *, *, #4278, .F. ) ;
#3083 = LINE ( 'NONE', #3037, #1993 ) ;
#3084 = CARTESIAN_POINT ( 'NONE',  ( 12.57705365434144262, 20.82163583045519317, 996.7617465664258134 ) ) ;
#3085 = EDGE_CURVE ( 'NONE', #1931, #5, #1172, .T. ) ;
#3086 = ORIENTED_EDGE ( 'NONE', *, *, #3160, .F. ) ;
#3087 = DIRECTION ( 'NONE',  ( -1.000000000000000000, 0.000000000000000000, 0.000000000000000000 ) ) ;
#3088 = CARTESIAN_POINT ( 'NONE',  ( 2.342273901145924597, -19.52082945453180685, 994.7617465664258134 ) ) ;
#3089 = CARTESIAN_POINT ( 'NONE',  ( -19.37579369198156698, 20.82163583045519673, 996.7617465664258134 ) ) ;
#3090 = ADVANCED_FACE ( 'NONE', ( #4392 ), #2631, .F. ) ;
#3091 = ORIENTED_EDGE ( 'NONE', *, *, #4043, .T. ) ;
#3092 = DIRECTION ( 'NONE',  ( -0.000000000000000000, -0.000000000000000000, -1.000000000000000000 ) ) ;
#3093 = VERTEX_POINT ( 'NONE', #2560 ) ;
#3094 = EDGE_LOOP ( 'NONE', ( #3053, #1120, #3833, #3594 ) ) ;
#3095 = CARTESIAN_POINT ( 'NONE',  ( 15.44730311120392408, -19.52082945453180685, 998.2617465664258134 ) ) ;
#3096 = EDGE_CURVE ( 'NONE', #1165, #4312, #3971, .T. ) ;
#3097 = LINE ( 'NONE', #1007, #1045 ) ;
#3098 = DIRECTION ( 'NONE',  ( 0.000000000000000000, 0.000000000000000000, 1.000000000000000000 ) ) ;
#3099 = AXIS2_PLACEMENT_3D ( 'NONE', #739, #3538, #3585 ) ;
#3100 = DIRECTION ( 'NONE',  ( -1.000000000000000000, 0.000000000000000000, 0.000000000000000000 ) ) ;
#3101 = DIRECTION ( 'NONE',  ( 6.424970771824775901E-16, -1.000000000000000000, 0.000000000000000000 ) ) ;
#3102 = AXIS2_PLACEMENT_3D ( 'NONE', #548, #1255, #2606 ) ;
#3103 = AXIS2_PLACEMENT_3D ( 'NONE', #855, #4373, #2290 ) ;
#3104 = AXIS2_PLACEMENT_3D ( 'NONE', #780, #412, #3947 ) ;
#3105 = ORIENTED_EDGE ( 'NONE', *, *, #2828, .F. ) ;
#3106 = DIRECTION ( 'NONE',  ( 6.424970771824770971E-16, 1.000000000000000000, 0.000000000000000000 ) ) ;
#3107 = VECTOR ( 'NONE', #3623, 1000.000000000000000 ) ;
#3108 = ORIENTED_EDGE ( 'NONE', *, *, #281, .T. ) ;
#3109 = ORIENTED_EDGE ( 'NONE', *, *, #1297, .F. ) ;
#3110 = CARTESIAN_POINT ( 'NONE',  ( -32.74585850072318038, -14.23259327800182739, 998.2617465664258134 ) ) ;
#3111 = CIRCLE ( 'NONE', #3839, 0.5743212343493758754 ) ;
#3112 = CIRCLE ( 'NONE', #1859, 1.532057280119222931 ) ;
#3113 = DIRECTION ( 'NONE',  ( -0.000000000000000000, -0.000000000000000000, -1.000000000000000000 ) ) ;
#3114 = VECTOR ( 'NONE', #3224, 1000.000000000000000 ) ;
#3115 = AXIS2_PLACEMENT_3D ( 'NONE', #2725, #2773, #2420 ) ;
#3116 = LINE ( 'NONE', #630, #4441 ) ;
#3117 = AXIS2_PLACEMENT_3D ( 'NONE', #2741, #3092, #3393 ) ;
#3118 = ORIENTED_EDGE ( 'NONE', *, *, #4097, .F. ) ;
#3119 = DIRECTION ( 'NONE',  ( -0.000000000000000000, -0.000000000000000000, -1.000000000000000000 ) ) ;
#3120 = ORIENTED_EDGE ( 'NONE', *, *, #3353, .T. ) ;
#3121 = EDGE_CURVE ( 'NONE', #1146, #3301, #3649, .T. ) ;
#3122 = AXIS2_PLACEMENT_3D ( 'NONE', #2333, #1375, #3381 ) ;
#3123 = EDGE_CURVE ( 'NONE', #2088, #896, #1881, .T. ) ;
#3124 = ORIENTED_EDGE ( 'NONE', *, *, #3032, .T. ) ;
#3125 = LINE ( 'NONE', #962, #2810 ) ;
#3126 = VECTOR ( 'NONE', #1606, 1000.000000000000000 ) ;
#3127 = CIRCLE ( 'NONE', #3046, 4.500000000000003553 ) ;
#3128 = EDGE_CURVE ( 'NONE', #2876, #2999, #107, .T. ) ;
#3129 = DIRECTION ( 'NONE',  ( 0.000000000000000000, 0.000000000000000000, 1.000000000000000000 ) ) ;
#3130 = LINE ( 'NONE', #257, #752 ) ;
#3131 = ORIENTED_EDGE ( 'NONE', *, *, #4177, .T. ) ;
#3132 = ADVANCED_FACE ( 'NONE', ( #2937 ), #1901, .F. ) ;
#3133 = CARTESIAN_POINT ( 'NONE',  ( -37.97721736514308333, 22.32163583045519317, 998.7617465664258134 ) ) ;
#3134 = ORIENTED_EDGE ( 'NONE', *, *, #838, .F. ) ;
#3135 = ORIENTED_EDGE ( 'NONE', *, *, #3233, .T. ) ;
#3136 = LINE ( 'NONE', #7, #279 ) ;
#3137 = CARTESIAN_POINT ( 'NONE',  ( 35.92847732750292522, 16.32163583045519673, 994.7617465664258134 ) ) ;
#3138 = DIRECTION ( 'NONE',  ( 1.000000000000000000, 0.000000000000000000, 0.000000000000000000 ) ) ;
#3139 = ORIENTED_EDGE ( 'NONE', *, *, #2540, .F. ) ;
#3140 = FACE_BOUND ( 'NONE', #3636, .T. ) ;
#3141 = ORIENTED_EDGE ( 'NONE', *, *, #3310, .T. ) ;
#3142 = ORIENTED_EDGE ( 'NONE', *, *, #1252, .T. ) ;
#3143 = LINE ( 'NONE', #3894, #4061 ) ;
#3144 = CIRCLE ( 'NONE', #1162, 2.165039331781817733 ) ;
#3145 = EDGE_CURVE ( 'NONE', #2682, #2267, #3741, .T. ) ;
#3146 = ADVANCED_FACE ( 'NONE', ( #1009 ), #967, .F. ) ;
#3147 = FACE_BOUND ( 'NONE', #264, .T. ) ;
#3148 = LINE ( 'NONE', #2125, #4219 ) ;
#3149 = DIRECTION ( 'NONE',  ( 0.000000000000000000, -0.000000000000000000, 1.000000000000000000 ) ) ;
#3150 = DIRECTION ( 'NONE',  ( 1.000000000000000000, 0.000000000000000000, 0.000000000000000000 ) ) ;
#3151 = ORIENTED_EDGE ( 'NONE', *, *, #2154, .F. ) ;
#3152 = CARTESIAN_POINT ( 'NONE',  ( 12.10217230114492715, -14.12088745453381122, 998.2617465664258134 ) ) ;
#3153 = VECTOR ( 'NONE', #615, 1000.000000000000000 ) ;
#3154 = FACE_OUTER_BOUND ( 'NONE', #4256, .T. ) ;
#3155 = EDGE_CURVE ( 'NONE', #4172, #516, #401, .T. ) ;
#3156 = VERTEX_POINT ( 'NONE', #4136 ) ;
#3157 = CARTESIAN_POINT ( 'NONE',  ( -34.41089783250500034, -14.23259327800182739, 998.7617465664258134 ) ) ;
#3158 = CARTESIAN_POINT ( 'NONE',  ( -41.47721736514306201, 6.093707644691781944, 996.7617465664258134 ) ) ;
#3159 = DIRECTION ( 'NONE',  ( -1.000000000000000000, 0.000000000000000000, -0.000000000000000000 ) ) ;
#3160 = EDGE_CURVE ( 'NONE', #734, #2519, #4533, .T. ) ;
#3161 = ORIENTED_EDGE ( 'NONE', *, *, #3075, .T. ) ;
#3162 = CARTESIAN_POINT ( 'NONE',  ( 32.63833229796444613, -18.16472688226932064, 994.7617465664258134 ) ) ;
#3163 = ORIENTED_EDGE ( 'NONE', *, *, #631, .T. ) ;
#3164 = ORIENTED_EDGE ( 'NONE', *, *, #875, .F. ) ;
#3165 = FACE_OUTER_BOUND ( 'NONE', #647, .T. ) ;
#3166 = SECURITY_CLASSIFICATION_LEVEL ( 'unclassified' ) ;
#3167 = EDGE_LOOP ( 'NONE', ( #373, #213, #1319, #1108 ) ) ;
#3168 = CARTESIAN_POINT ( 'NONE',  ( 15.94730311120392763, -14.12088745453381122, 994.7617465664258134 ) ) ;
#3169 = CIRCLE ( 'NONE', #3527, 1.000000000000000444 ) ;
#3170 = CYLINDRICAL_SURFACE ( 'NONE', #4054, 2.165039331781817733 ) ;
#3171 = CARTESIAN_POINT ( 'NONE',  ( 27.70720151120292840, -19.52082945453180685, 994.7617465664258134 ) ) ;
#3172 = ORIENTED_EDGE ( 'NONE', *, *, #358, .T. ) ;
#3173 = VECTOR ( 'NONE', #3222, 1000.000000000000000 ) ;
#3174 = EDGE_CURVE ( 'NONE', #3451, #3413, #1968, .T. ) ;
#3175 = CARTESIAN_POINT ( 'NONE',  ( 2.342273901145924597, -19.52082945453180685, 998.2617465664258134 ) ) ;
#3176 = CARTESIAN_POINT ( 'NONE',  ( 35.64590896369588791, -10.90936937654907801, 996.7617465664258134 ) ) ;
#3177 = AXIS2_PLACEMENT_3D ( 'NONE', #2033, #4155, #4483 ) ;
#3178 = VERTEX_POINT ( 'NONE', #230 ) ;
#3179 = FACE_OUTER_BOUND ( 'NONE', #2489, .T. ) ;
#3180 = VECTOR ( 'NONE', #2957, 1000.000000000000000 ) ;
#3181 = DIRECTION ( 'NONE',  ( -0.000000000000000000, -0.000000000000000000, 1.000000000000000000 ) ) ;
#3182 = DIRECTION ( 'NONE',  ( 1.000000000000000000, 0.000000000000000000, 0.000000000000000000 ) ) ;
#3183 = ORIENTED_EDGE ( 'NONE', *, *, #2691, .T. ) ;
#3184 = LINE ( 'NONE', #1072, #3621 ) ;
#3185 = VECTOR ( 'NONE', #2532, 1000.000000000000000 ) ;
#3186 = ORIENTED_EDGE ( 'NONE', *, *, #710, .T. ) ;
#3187 = AXIS2_PLACEMENT_3D ( 'NONE', #957, #2343, #3751 ) ;
#3188 = VERTEX_POINT ( 'NONE', #2053 ) ;
#3189 = CARTESIAN_POINT ( 'NONE',  ( 26.70720151120292840, -13.12088745453381122, 994.7617465664258134 ) ) ;
#3190 = VERTEX_POINT ( 'NONE', #3429 ) ;
#3191 = DIRECTION ( 'NONE',  ( -6.424970771824775901E-16, -1.000000000000000000, 0.000000000000000000 ) ) ;
#3192 = AXIS2_PLACEMENT_3D ( 'NONE', #2208, #1207, #2976 ) ;
#3193 = CARTESIAN_POINT ( 'NONE',  ( 24.83721421120392492, -20.52082945453181040, 998.2617465664258134 ) ) ;
#3194 = CARTESIAN_POINT ( 'NONE',  ( 13.10217230114492359, -19.52082945453181040, 994.7617465664258134 ) ) ;
#3195 = ORIENTED_EDGE ( 'NONE', *, *, #3983, .F. ) ;
#3196 = PLANE ( 'NONE',  #376 ) ;
#3197 = CARTESIAN_POINT ( 'NONE',  ( -2.248856400913074705, -20.52082945453181395, 998.2617465664258134 ) ) ;
#3198 = ORIENTED_EDGE ( 'NONE', *, *, #1174, .F. ) ;
#3199 = CARTESIAN_POINT ( 'NONE',  ( -27.35978350296907280, -19.52082945453181040, 994.7617465664258134 ) ) ;
#3200 = EDGE_CURVE ( 'NONE', #2555, #1436, #945, .T. ) ;
#3201 = ADVANCED_FACE ( 'NONE', ( #3031 ), #1624, .F. ) ;
#3202 = LINE ( 'NONE', #3567, #1775 ) ;
#3203 = CARTESIAN_POINT ( 'NONE',  ( -20.37579369198157053, 20.82163583045519673, 996.7617465664258134 ) ) ;
#3204 = ORIENTED_EDGE ( 'NONE', *, *, #3342, .F. ) ;
#3205 = CARTESIAN_POINT ( 'NONE',  ( -26.35978350296907280, -12.62088745453381300, 998.2617465664258134 ) ) ;
#3206 = ORIENTED_EDGE ( 'NONE', *, *, #2602, .F. ) ;
#3207 = EDGE_LOOP ( 'NONE', ( #484, #1506, #1410, #3065, #1295, #4046, #4057, #1995 ) ) ;
#3208 = DIRECTION ( 'NONE',  ( 1.000000000000000000, 0.000000000000000000, 0.000000000000000000 ) ) ;
#3209 = ORIENTED_EDGE ( 'NONE', *, *, #892, .F. ) ;
#3210 = APPLICATION_PROTOCOL_DEFINITION ( 'international standard', 'config_control_design', 1994, #697 ) ;
#3211 = EDGE_CURVE ( 'NONE', #3093, #1559, #1424, .T. ) ;
#3212 = VECTOR ( 'NONE', #194, 1000.000000000000000 ) ;
#3213 = ORIENTED_EDGE ( 'NONE', *, *, #2637, .T. ) ;
#3214 = DIRECTION ( 'NONE',  ( 1.000000000000000000, 0.000000000000000000, 0.000000000000000000 ) ) ;
#3215 = LINE ( 'NONE', #2492, #2875 ) ;
#3216 = LINE ( 'NONE', #3901, #3270 ) ;
#3217 = EDGE_LOOP ( 'NONE', ( #3105, #3372, #448, #2599, #299, #724, #3849, #3195, #1614, #1445, #1872, #2594, #514, #4543, #4139, #3634, #1276, #4315, #222, #2306, #82, #464, #1049, #97, #4181, #1979, #3461, #3640, #858, #3605, #2601, #693, #1171, #4118, #4406, #4431, #2663, #2785, #3979, #2226 ) ) ;
#3218 = CARTESIAN_POINT ( 'NONE',  ( -41.47721736514306201, 7.077967428120443216, 994.7617465664258134 ) ) ;
#3219 = LINE ( 'NONE', #3515, #2584 ) ;
#3220 = VERTEX_POINT ( 'NONE', #3057 ) ;
#3221 = DIRECTION ( 'NONE',  ( -0.000000000000000000, -0.000000000000000000, 1.000000000000000000 ) ) ;
#3222 = DIRECTION ( 'NONE',  ( 1.000000000000000000, 0.000000000000000000, 0.000000000000000000 ) ) ;
#3223 = EDGE_CURVE ( 'NONE', #2899, #2559, #3807, .T. ) ;
#3224 = DIRECTION ( 'NONE',  ( -0.000000000000000000, -0.000000000000000000, 1.000000000000000000 ) ) ;
#3225 = VERTEX_POINT ( 'NONE', #4463 ) ;
#3226 = CYLINDRICAL_SURFACE ( 'NONE', #1935, 1.500000000000001332 ) ;
#3227 = ORIENTED_EDGE ( 'NONE', *, *, #4135, .F. ) ;
#3228 = EDGE_CURVE ( 'NONE', #2872, #2048, #2683, .T. ) ;
#3229 = EDGE_CURVE ( 'NONE', #1655, #476, #1721, .T. ) ;
#3230 = FACE_OUTER_BOUND ( 'NONE', #3331, .T. ) ;
#3231 = ORIENTED_EDGE ( 'NONE', *, *, #1068, .T. ) ;
#3232 = VERTEX_POINT ( 'NONE', #3447 ) ;
#3233 = EDGE_CURVE ( 'NONE', #3023, #2740, #3416, .T. ) ;
#3234 = CARTESIAN_POINT ( 'NONE',  ( 15.94730311120392763, -14.12088745453381122, 994.7617465664258134 ) ) ;
#3235 = CARTESIAN_POINT ( 'NONE',  ( -41.19464900133603180, -10.90936937654906558, 994.7617465664258134 ) ) ;
#3236 = DIRECTION ( 'NONE',  ( -0.000000000000000000, -0.000000000000000000, -1.000000000000000000 ) ) ;
#3237 = VERTEX_POINT ( 'NONE', #254 ) ;
#3238 = LINE ( 'NONE', #4233, #1544 ) ;
#3239 = LINE ( 'NONE', #367, #2964 ) ;
#3240 = ORIENTED_EDGE ( 'NONE', *, *, #2494, .F. ) ;
#3241 = VECTOR ( 'NONE', #3645, 1000.000000000000000 ) ;
#3242 = CARTESIAN_POINT ( 'NONE',  ( -2.248856400913074260, -12.62088745453381122, 998.2617465664258134 ) ) ;
#3243 = VECTOR ( 'NONE', #1340, 1000.000000000000000 ) ;
#3244 = FACE_OUTER_BOUND ( 'NONE', #4119, .T. ) ;
#3245 = VERTEX_POINT ( 'NONE', #1311 ) ;
#3246 = CARTESIAN_POINT ( 'NONE',  ( 13.82705365434144440, 20.82163583045518962, 996.7617465664258134 ) ) ;
#3247 = AXIS2_PLACEMENT_3D ( 'NONE', #3290, #2938, #3650 ) ;
#3248 = ORIENTED_EDGE ( 'NONE', *, *, #2881, .T. ) ;
#3249 = CARTESIAN_POINT ( 'NONE',  ( 31.42847732750292522, -18.65303777888382086, 996.7617465664258134 ) ) ;
#3250 = VERTEX_POINT ( 'NONE', #2753 ) ;
#3251 = DIRECTION ( 'NONE',  ( 0.000000000000000000, 0.000000000000000000, -1.000000000000000000 ) ) ;
#3252 = APPROVAL_STATUS ( 'not_yet_approved' ) ;
#3253 = EDGE_CURVE ( 'NONE', #2328, #3541, #2702, .T. ) ;
#3254 = VERTEX_POINT ( 'NONE', #3764 ) ;
#3255 = EDGE_CURVE ( 'NONE', #51, #525, #617, .T. ) ;
#3256 = VECTOR ( 'NONE', #1808, 1000.000000000000000 ) ;
#3257 = AXIS2_PLACEMENT_3D ( 'NONE', #3562, #1514, #3933 ) ;
#3258 = DIRECTION ( 'NONE',  ( 1.000000000000000000, 0.000000000000000000, 0.000000000000000000 ) ) ;
#3259 = FACE_OUTER_BOUND ( 'NONE', #2191, .T. ) ;
#3260 = AXIS2_PLACEMENT_3D ( 'NONE', #1365, #3159, #2114 ) ;
#3261 = CARTESIAN_POINT ( 'NONE',  ( -0.7488564009130722621, -19.52082945453180685, 998.2617465664258134 ) ) ;
#3262 = VECTOR ( 'NONE', #2886, 1000.000000000000000 ) ;
#3263 = ADVANCED_FACE ( 'NONE', ( #4484 ), #1692, .T. ) ;
#3264 = ORIENTED_EDGE ( 'NONE', *, *, #1994, .T. ) ;
#3265 = AXIS2_PLACEMENT_3D ( 'NONE', #791, #466, #1496 ) ;
#3266 = AXIS2_PLACEMENT_3D ( 'NONE', #180, #155, #845 ) ;
#3267 = CARTESIAN_POINT ( 'NONE',  ( -26.35978350296906925, -21.02082945453181395, 998.7617465664258134 ) ) ;
#3268 = FACE_OUTER_BOUND ( 'NONE', #467, .T. ) ;
#3269 = ORIENTED_EDGE ( 'NONE', *, *, #2316, .T. ) ;
#3270 = VECTOR ( 'NONE', #4271, 1000.000000000000000 ) ;
#3271 = CIRCLE ( 'NONE', #3631, 1.500000000000001332 ) ;
#3272 = ADVANCED_FACE ( 'NONE', ( #4509 ), #753, .F. ) ;
#3273 = LINE ( 'NONE', #53, #3173 ) ;
#3274 = DIRECTION ( 'NONE',  ( -1.000000000000000000, 0.000000000000000000, 0.000000000000000000 ) ) ;
#3275 = ORIENTED_EDGE ( 'NONE', *, *, #2521, .T. ) ;
#3276 = DIRECTION ( 'NONE',  ( 1.000000000000000000, -2.089849051658415380E-16, 0.000000000000000000 ) ) ;
#3277 = CARTESIAN_POINT ( 'NONE',  ( 2.342273901145924153, -14.12088745453381122, 998.7617465664258134 ) ) ;
#3278 = VERTEX_POINT ( 'NONE', #4202 ) ;
#3279 = DIRECTION ( 'NONE',  ( -3.212485385912389430E-16, -1.000000000000000000, 0.000000000000000000 ) ) ;
#3280 = EDGE_LOOP ( 'NONE', ( #3321, #4166, #139, #1940 ) ) ;
#3281 = FACE_OUTER_BOUND ( 'NONE', #131, .T. ) ;
#3282 = EDGE_CURVE ( 'NONE', #365, #602, #1645, .T. ) ;
#3283 = EDGE_CURVE ( 'NONE', #3360, #4326, #2103, .T. ) ;
#3284 = CARTESIAN_POINT ( 'NONE',  ( -15.59988510297007025, -19.52082945453180685, 994.7617465664258134 ) ) ;
#3285 = CIRCLE ( 'NONE', #1374, 1.000000000000000888 ) ;
#3286 = CARTESIAN_POINT ( 'NONE',  ( 37.42847732750293233, -19.65303777888381731, 998.7617465664258134 ) ) ;
#3287 = ORIENTED_EDGE ( 'NONE', *, *, #2121, .F. ) ;
#3288 = VECTOR ( 'NONE', #3498, 1000.000000000000000 ) ;
#3289 = DIRECTION ( 'NONE',  ( -0.000000000000000000, -0.000000000000000000, 1.000000000000000000 ) ) ;
#3290 = CARTESIAN_POINT ( 'NONE',  ( -12.00875480091207592, -14.12088745453381122, 998.2617465664258134 ) ) ;
#3291 = CARTESIAN_POINT ( 'NONE',  ( -21.62579369198157053, 20.82163583045519673, 994.7617465664258134 ) ) ;
#3292 = EDGE_CURVE ( 'NONE', #1437, #1086, #2818, .T. ) ;
#3293 = ORIENTED_EDGE ( 'NONE', *, *, #2752, .T. ) ;
#3294 = DIRECTION ( 'NONE',  ( 1.000000000000000000, -6.424970771824770971E-16, 0.000000000000000000 ) ) ;
#3295 = ORIENTED_EDGE ( 'NONE', *, *, #4550, .F. ) ;
#3296 = FACE_OUTER_BOUND ( 'NONE', #355, .T. ) ;
#3297 = DIRECTION ( 'NONE',  ( -0.000000000000000000, -0.000000000000000000, 1.000000000000000000 ) ) ;
#3298 = CARTESIAN_POINT ( 'NONE',  ( 12.10217230114492715, -21.02082945453181040, 998.2617465664258134 ) ) ;
#3299 = EDGE_LOOP ( 'NONE', ( #2847, #1239, #386, #1592 ) ) ;
#3300 = CARTESIAN_POINT ( 'NONE',  ( 32.63833229796444613, -9.904726882270324495, 994.7617465664258134 ) ) ;
#3301 = VERTEX_POINT ( 'NONE', #1101 ) ;
#3302 = CARTESIAN_POINT ( 'NONE',  ( 35.07158772934652546, 6.577967428120429894, 996.7617465664258134 ) ) ;
#3303 = LINE ( 'NONE', #204, #4209 ) ;
#3304 = CARTESIAN_POINT ( 'NONE',  ( 12.57705365434144262, 20.82163583045519317, 994.7617465664258134 ) ) ;
#3305 = DIRECTION ( 'NONE',  ( -0.000000000000000000, -0.000000000000000000, -1.000000000000000000 ) ) ;
#3306 = ORIENTED_EDGE ( 'NONE', *, *, #789, .T. ) ;
#3307 = AXIS2_PLACEMENT_3D ( 'NONE', #1234, #3005, #4412 ) ;
#3308 = DIRECTION ( 'NONE',  ( 1.000000000000000000, 0.000000000000000000, 0.000000000000000000 ) ) ;
#3309 = CARTESIAN_POINT ( 'NONE',  ( -42.97721736514308333, -19.65303777888381731, 996.7617465664258134 ) ) ;
#3310 = EDGE_CURVE ( 'NONE', #207, #3577, #4146, .T. ) ;
#3311 = ADVANCED_FACE ( 'NONE', ( #45 ), #4295, .F. ) ;
#3312 = PLANE ( 'NONE',  #2063 ) ;
#3313 = VERTEX_POINT ( 'NONE', #1442 ) ;
#3314 = VECTOR ( 'NONE', #3561, 1000.000000000000000 ) ;
#3315 = DIRECTION ( 'NONE',  ( -0.000000000000000000, -0.000000000000000000, 1.000000000000000000 ) ) ;
#3316 = EDGE_LOOP ( 'NONE', ( #334, #863, #3395, #2921 ) ) ;
#3317 = FACE_OUTER_BOUND ( 'NONE', #910, .T. ) ;
#3318 = ADVANCED_FACE ( 'NONE', ( #411 ), #2491, .F. ) ;
#3319 = DIRECTION ( 'NONE',  ( -0.000000000000000000, -0.000000000000000000, 1.000000000000000000 ) ) ;
#3320 = FACE_OUTER_BOUND ( 'NONE', #2106, .T. ) ;
#3321 = ORIENTED_EDGE ( 'NONE', *, *, #3432, .F. ) ;
#3322 = CARTESIAN_POINT ( 'NONE',  ( -2.248856400913074260, -14.12088745453381122, 998.7617465664258134 ) ) ;
#3323 = VECTOR ( 'NONE', #2949, 1000.000000000000000 ) ;
#3324 = AXIS2_PLACEMENT_3D ( 'NONE', #3235, #88, #3557 ) ;
#3325 = VERTEX_POINT ( 'NONE', #341 ) ;
#3326 = LINE ( 'NONE', #1168, #4369 ) ;
#3327 = DIRECTION ( 'NONE',  ( -1.000000000000000000, 0.000000000000000000, 0.000000000000000000 ) ) ;
#3328 = DIRECTION ( 'NONE',  ( 0.000000000000000000, 1.000000000000000000, 0.000000000000000000 ) ) ;
#3329 = PLANE ( 'NONE',  #226 ) ;
#3330 = AXIS2_PLACEMENT_3D ( 'NONE', #4321, #1426, #3604 ) ;
#3331 = EDGE_LOOP ( 'NONE', ( #1196, #4228, #2955, #3370 ) ) ;
#3332 = CARTESIAN_POINT ( 'NONE',  ( 32.42847732750293233, 22.32163583045518962, 996.7617465664258134 ) ) ;
#3333 = VECTOR ( 'NONE', #2127, 1000.000000000000000 ) ;
#3334 = PLANE ( 'NONE',  #1421 ) ;
#3335 = ORIENTED_EDGE ( 'NONE', *, *, #4161, .T. ) ;
#3336 = FACE_OUTER_BOUND ( 'NONE', #2098, .T. ) ;
#3337 = ORIENTED_EDGE ( 'NONE', *, *, #4501, .F. ) ;
#3338 = AXIS2_PLACEMENT_3D ( 'NONE', #3411, #2664, #3386 ) ;
#3339 = EDGE_CURVE ( 'NONE', #2786, #778, #2512, .T. ) ;
#3340 = LINE ( 'NONE', #3858, #4368 ) ;
#3341 = CIRCLE ( 'NONE', #1649, 4.500000000000003553 ) ;
#3342 = EDGE_CURVE ( 'NONE', #3301, #169, #3148, .T. ) ;
#3343 = ORIENTED_EDGE ( 'NONE', *, *, #4278, .T. ) ;
#3344 = DIRECTION ( 'NONE',  ( -1.000000000000000000, 6.424970771824775901E-16, 0.000000000000000000 ) ) ;
#3345 = DIRECTION ( 'NONE',  ( -6.424970771824775901E-16, 1.000000000000000000, 0.000000000000000000 ) ) ;
#3346 = CARTESIAN_POINT ( 'NONE',  ( -26.35978350296907280, -14.12088745453381122, 994.7617465664258134 ) ) ;
#3347 = EDGE_CURVE ( 'NONE', #877, #5, #1482, .T. ) ;
#3348 = EDGE_LOOP ( 'NONE', ( #1686, #1026, #332, #2582 ) ) ;
#3349 = LINE ( 'NONE', #885, #2162 ) ;
#3350 = ORIENTED_EDGE ( 'NONE', *, *, #475, .T. ) ;
#3351 = CARTESIAN_POINT ( 'NONE',  ( 15.32705365434144618, 19.82163583045518962, 994.7617465664258134 ) ) ;
#3352 = DIRECTION ( 'NONE',  ( -0.000000000000000000, -0.000000000000000000, -1.000000000000000000 ) ) ;
#3353 = EDGE_CURVE ( 'NONE', #2568, #174, #362, .T. ) ;
#3354 = LINE ( 'NONE', #157, #1702 ) ;
#3355 = LINE ( 'NONE', #1214, #2413 ) ;
#3356 = EDGE_LOOP ( 'NONE', ( #453, #1460, #2915, #3943 ) ) ;
#3357 = CARTESIAN_POINT ( 'NONE',  ( -0.7488564009130722621, -19.52082945453180685, 998.2617465664258134 ) ) ;
#3358 = AXIS2_PLACEMENT_3D ( 'NONE', #442, #534, #2595 ) ;
#3359 = CARTESIAN_POINT ( 'NONE',  ( -37.97721736514308333, -19.65303777888381731, 996.7617465664258134 ) ) ;
#3360 = VERTEX_POINT ( 'NONE', #3234 ) ;
#3361 = CARTESIAN_POINT ( 'NONE',  ( 35.92847732750293943, 7.077967428120427229, 994.7617465664258134 ) ) ;
#3362 = VERTEX_POINT ( 'NONE', #20 ) ;
#3363 = VECTOR ( 'NONE', #1428, 1000.000000000000000 ) ;
#3364 = DIRECTION ( 'NONE',  ( -1.000000000000000000, -1.777399113065546671E-16, 0.000000000000000000 ) ) ;
#3365 = ORIENTED_EDGE ( 'NONE', *, *, #3565, .T. ) ;
#3366 = DIRECTION ( 'NONE',  ( -0.000000000000000000, -0.000000000000000000, 1.000000000000000000 ) ) ;
#3367 = EDGE_CURVE ( 'NONE', #489, #580, #1079, .T. ) ;
#3368 = DIRECTION ( 'NONE',  ( 1.000000000000000000, 0.000000000000000000, 0.000000000000000000 ) ) ;
#3369 = DIRECTION ( 'NONE',  ( 1.000000000000000000, 0.000000000000000000, 0.000000000000000000 ) ) ;
#3370 = ORIENTED_EDGE ( 'NONE', *, *, #1456, .T. ) ;
#3371 = DIRECTION ( 'NONE',  ( 0.000000000000000000, 0.000000000000000000, 1.000000000000000000 ) ) ;
#3372 = ORIENTED_EDGE ( 'NONE', *, *, #3668, .F. ) ;
#3373 = ADVANCED_FACE ( 'NONE', ( #1417 ), #430, .F. ) ;
#3374 = ADVANCED_FACE ( 'NONE', ( #1053 ), #2791, .F. ) ;
#3375 = ORIENTED_EDGE ( 'NONE', *, *, #3353, .F. ) ;
#3376 = CARTESIAN_POINT ( 'NONE',  ( -12.00875480091207592, -21.02082945453180685, 998.7617465664258134 ) ) ;
#3377 = CARTESIAN_POINT ( 'NONE',  ( 31.10627501784522053, -18.16472688226932064, 998.7617465664258134 ) ) ;
#3378 = CARTESIAN_POINT ( 'NONE',  ( -32.24585850072318038, -14.23259327800182739, 998.2617465664258134 ) ) ;
#3379 = ORIENTED_EDGE ( 'NONE', *, *, #4439, .F. ) ;
#3380 = ADVANCED_FACE ( 'NONE', ( #3510 ), #711, .T. ) ;
#3381 = DIRECTION ( 'NONE',  ( 1.000000000000000000, 0.000000000000000000, 0.000000000000000000 ) ) ;
#3382 = PLANE ( 'NONE',  #1272 ) ;
#3383 = ORIENTED_EDGE ( 'NONE', *, *, #729, .F. ) ;
#3384 = DIRECTION ( 'NONE',  ( -0.000000000000000000, -0.000000000000000000, 1.000000000000000000 ) ) ;
#3385 = ORIENTED_EDGE ( 'NONE', *, *, #2973, .T. ) ;
#3386 = DIRECTION ( 'NONE',  ( 1.000000000000000000, 0.000000000000000000, 0.000000000000000000 ) ) ;
#3387 = ORIENTED_EDGE ( 'NONE', *, *, #2940, .T. ) ;
#3388 = LINE ( 'NONE', #628, #2765 ) ;
#3389 = AXIS2_PLACEMENT_3D ( 'NONE', #26, #1425, #2823 ) ;
#3390 = LINE ( 'NONE', #2618, #241 ) ;
#3391 = CARTESIAN_POINT ( 'NONE',  ( 33.13833229796444613, -9.904726882270324495, 998.7617465664258134 ) ) ;
#3392 = ORIENTED_EDGE ( 'NONE', *, *, #710, .F. ) ;
#3393 = DIRECTION ( 'NONE',  ( 1.000000000000000000, 0.000000000000000000, 0.000000000000000000 ) ) ;
#3394 = VECTOR ( 'NONE', #328, 1000.000000000000000 ) ;
#3395 = ORIENTED_EDGE ( 'NONE', *, *, #2881, .F. ) ;
#3396 = ORIENTED_EDGE ( 'NONE', *, *, #3896, .T. ) ;
#3397 = VECTOR ( 'NONE', #1223, 1000.000000000000000 ) ;
#3398 = CARTESIAN_POINT ( 'NONE',  ( 32.63833229796444613, -9.904726882270324495, 994.7617465664258134 ) ) ;
#3399 = PLANE ( 'NONE',  #2726 ) ;
#3400 = EDGE_CURVE ( 'NONE', #1369, #782, #3877, .T. ) ;
#3401 = ADVANCED_FACE ( 'NONE', ( #1894 ), #2536, .F. ) ;
#3402 = FACE_BOUND ( 'NONE', #2336, .T. ) ;
#3403 = VERTEX_POINT ( 'NONE', #2912 ) ;
#3404 = DIRECTION ( 'NONE',  ( -0.000000000000000000, -0.000000000000000000, -1.000000000000000000 ) ) ;
#3405 = CARTESIAN_POINT ( 'NONE',  ( -21.62579369198157053, 20.82163583045519673, 996.7617465664258134 ) ) ;
#3406 = ORIENTED_EDGE ( 'NONE', *, *, #1431, .T. ) ;
#3407 = AXIS2_PLACEMENT_3D ( 'NONE', #721, #1405, #3182 ) ;
#3408 = AXIS2_PLACEMENT_3D ( 'NONE', #1092, #3890, #2873 ) ;
#3409 = CARTESIAN_POINT ( 'NONE',  ( 14.82705365434144795, 20.82163583045518962, 996.7617465664258134 ) ) ;
#3410 = CARTESIAN_POINT ( 'NONE',  ( -2.248856400913074705, -19.52082945453180685, 998.2617465664258134 ) ) ;
#3411 = CARTESIAN_POINT ( 'NONE',  ( -18.12579369198158119, -23.15303777888382086, 996.7617465664258134 ) ) ;
#3412 = EDGE_CURVE ( 'NONE', #3790, #174, #3127, .T. ) ;
#3413 = VERTEX_POINT ( 'NONE', #4334 ) ;
#3414 = PLANE ( 'NONE',  #2916 ) ;
#3415 = AXIS2_PLACEMENT_3D ( 'NONE', #1299, #3799, #4051 ) ;
#3416 = CIRCLE ( 'NONE', #549, 1.665039331781817289 ) ;
#3417 = DIRECTION ( 'NONE',  ( 0.000000000000000000, 0.000000000000000000, 1.000000000000000000 ) ) ;
#3418 = VECTOR ( 'NONE', #1546, 1000.000000000000000 ) ;
#3419 = CARTESIAN_POINT ( 'NONE',  ( -1.248856400913074260, -19.52082945453180685, 994.7617465664258134 ) ) ;
#3420 = CC_DESIGN_PERSON_AND_ORGANIZATION_ASSIGNMENT ( #2534, #3524, ( #4400 ) ) ;
#3421 = EDGE_LOOP ( 'NONE', ( #1885, #291, #849, #3343 ) ) ;
#3422 = FACE_OUTER_BOUND ( 'NONE', #236, .T. ) ;
#3423 = VERTEX_POINT ( 'NONE', #800 ) ;
#3424 = ORIENTED_EDGE ( 'NONE', *, *, #3283, .T. ) ;
#3425 = LINE ( 'NONE', #941, #4056 ) ;
#3426 = DIRECTION ( 'NONE',  ( 0.000000000000000000, 0.000000000000000000, 1.000000000000000000 ) ) ;
#3427 = LINE ( 'NONE', #274, #4324 ) ;
#3428 = EDGE_CURVE ( 'NONE', #3059, #3859, #406, .T. ) ;
#3429 = CARTESIAN_POINT ( 'NONE',  ( 37.42847732750293233, -19.65303777888381731, 996.7617465664258134 ) ) ;
#3430 = CARTESIAN_POINT ( 'NONE',  ( 33.13833229796444613, -18.16472688226932064, 998.2617465664258134 ) ) ;
#3431 = ORIENTED_EDGE ( 'NONE', *, *, #767, .F. ) ;
#3432 = EDGE_CURVE ( 'NONE', #1880, #2755, #2086, .T. ) ;
#3433 = DIRECTION ( 'NONE',  ( 1.000000000000000000, 0.000000000000000000, 0.000000000000000000 ) ) ;
#3434 = CARTESIAN_POINT ( 'NONE',  ( -20.87579369198158474, -22.15303777888381731, 994.7617465664258134 ) ) ;
#3435 = VERTEX_POINT ( 'NONE', #3597 ) ;
#3436 = CYLINDRICAL_SURFACE ( 'NONE', #133, 0.9842597834286564984 ) ;
#3437 = AXIS2_PLACEMENT_3D ( 'NONE', #2549, #3958, #170 ) ;
#3438 = EDGE_CURVE ( 'NONE', #2119, #3867, #1851, .T. ) ;
#3439 = CARTESIAN_POINT ( 'NONE',  ( -40.62032776698665515, 6.577967428120442328, 996.7617465664258134 ) ) ;
#3440 = DIRECTION ( 'NONE',  ( -0.000000000000000000, -0.000000000000000000, -1.000000000000000000 ) ) ;
#3441 = EDGE_LOOP ( 'NONE', ( #4027, #1078, #1465, #2620 ) ) ;
#3442 = LINE ( 'NONE', #2715, #1286 ) ;
#3443 = VERTEX_POINT ( 'NONE', #866 ) ;
#3444 = EDGE_LOOP ( 'NONE', ( #1013, #1475, #741, #2563 ) ) ;
#3445 = CARTESIAN_POINT ( 'NONE',  ( -26.35978350296906925, -21.02082945453181395, 998.2617465664258134 ) ) ;
#3446 = CARTESIAN_POINT ( 'NONE',  ( 37.42847732750293233, 17.32163583045519317, 996.7617465664258134 ) ) ;
#3447 = CARTESIAN_POINT ( 'NONE',  ( -19.37579369198158119, -23.15303777888382086, 994.7617465664258134 ) ) ;
#3448 = LINE ( 'NONE', #4113, #2891 ) ;
#3449 = ORIENTED_EDGE ( 'NONE', *, *, #526, .T. ) ;
#3450 = DIRECTION ( 'NONE',  ( 1.000000000000000000, 0.000000000000000000, 0.000000000000000000 ) ) ;
#3451 = VERTEX_POINT ( 'NONE', #1507 ) ;
#3452 = EDGE_LOOP ( 'NONE', ( #533, #3691, #380, #2481 ) ) ;
#3453 = DIRECTION ( 'NONE',  ( -2.409364039434290716E-16, 1.000000000000000000, 0.000000000000000000 ) ) ;
#3454 = ADVANCED_FACE ( 'NONE', ( #3281 ), #135, .F. ) ;
#3455 = EDGE_CURVE ( 'NONE', #1658, #4240, #2015, .T. ) ;
#3456 = DIRECTION ( 'NONE',  ( 1.000000000000000000, 0.000000000000000000, 0.000000000000000000 ) ) ;
#3457 = DIRECTION ( 'NONE',  ( -0.000000000000000000, -0.000000000000000000, 1.000000000000000000 ) ) ;
#3458 = VERTEX_POINT ( 'NONE', #3643 ) ;
#3459 = LINE ( 'NONE', #4125, #4063 ) ;
#3460 = VERTEX_POINT ( 'NONE', #2932 ) ;
#3461 = ORIENTED_EDGE ( 'NONE', *, *, #2655, .F. ) ;
#3462 = CARTESIAN_POINT ( 'NONE',  ( 0.8422739011459239311, -14.12088745453381122, 998.2617465664258134 ) ) ;
#3463 = EDGE_CURVE ( 'NONE', #2138, #4310, #1502, .T. ) ;
#3464 = AXIS2_PLACEMENT_3D ( 'NONE', #212, #1884, #190 ) ;
#3465 = CARTESIAN_POINT ( 'NONE',  ( 35.92847732750292522, -9.409369376549081565, 994.7617465664258134 ) ) ;
#3466 = DIRECTION ( 'NONE',  ( 0.000000000000000000, 1.000000000000000000, 0.000000000000000000 ) ) ;
#3467 = VECTOR ( 'NONE', #934, 1000.000000000000000 ) ;
#3468 = VERTEX_POINT ( 'NONE', #3302 ) ;
#3469 = LINE ( 'NONE', #1696, #818 ) ;
#3470 = DIRECTION ( 'NONE',  ( -1.000000000000000000, 0.000000000000000000, 0.000000000000000000 ) ) ;
#3471 = ORIENTED_EDGE ( 'NONE', *, *, #2169, .T. ) ;
#3472 = FACE_OUTER_BOUND ( 'NONE', #3743, .T. ) ;
#3473 = AXIS2_PLACEMENT_3D ( 'NONE', #883, #513, #130 ) ;
#3474 = AXIS2_PLACEMENT_3D ( 'NONE', #354, #2435, #674 ) ;
#3475 = CARTESIAN_POINT ( 'NONE',  ( -41.47721736514306201, -18.65303777888382442, 996.7617465664258134 ) ) ;
#3476 = EDGE_CURVE ( 'NONE', #2999, #2778, #498, .T. ) ;
#3477 = EDGE_CURVE ( 'NONE', #3360, #4124, #2603, .T. ) ;
#3478 = CIRCLE ( 'NONE', #690, 1.250000000000001110 ) ;
#3479 = VECTOR ( 'NONE', #2793, 1000.000000000000000 ) ;
#3480 = PLANE ( 'NONE',  #2221 ) ;
#3481 = EDGE_LOOP ( 'NONE', ( #3513, #1911, #3869, #1471, #2028, #758, #2456, #3134 ) ) ;
#3482 = CARTESIAN_POINT ( 'NONE',  ( 31.10627501784522053, -18.16472688226932064, 994.7617465664258134 ) ) ;
#3483 = ORIENTED_EDGE ( 'NONE', *, *, #2691, .F. ) ;
#3484 = AXIS2_PLACEMENT_3D ( 'NONE', #3937, #1520, #857 ) ;
#3485 = ORIENTED_EDGE ( 'NONE', *, *, #614, .T. ) ;
#3486 = DIRECTION ( 'NONE',  ( -0.000000000000000000, -0.000000000000000000, -1.000000000000000000 ) ) ;
#3487 = VECTOR ( 'NONE', #802, 1000.000000000000000 ) ;
#3488 = DIRECTION ( 'NONE',  ( -4.927793081368463797E-17, -1.000000000000000000, 0.000000000000000000 ) ) ;
#3489 = ORIENTED_EDGE ( 'NONE', *, *, #2459, .T. ) ;
#3490 = ADVANCED_FACE ( 'NONE', ( #1211 ), #3002, .F. ) ;
#3491 = CARTESIAN_POINT ( 'NONE',  ( -12.00875480091207592, -19.52082945453180329, 994.7617465664258134 ) ) ;
#3492 = DIRECTION ( 'NONE',  ( -0.000000000000000000, -0.000000000000000000, -1.000000000000000000 ) ) ;
#3493 = FACE_OUTER_BOUND ( 'NONE', #856, .T. ) ;
#3494 = ORIENTED_EDGE ( 'NONE', *, *, #2018, .F. ) ;
#3495 = CYLINDRICAL_SURFACE ( 'NONE', #975, 1.500000000000004885 ) ;
#3496 = DIRECTION ( 'NONE',  ( -1.000000000000000000, 0.000000000000000000, 0.000000000000000000 ) ) ;
#3497 = ORIENTED_EDGE ( 'NONE', *, *, #1303, .T. ) ;
#3498 = DIRECTION ( 'NONE',  ( 8.417240438664429301E-16, 1.000000000000000000, 0.000000000000000000 ) ) ;
#3499 = CYLINDRICAL_SURFACE ( 'NONE', #3754, 0.9842597834286634928 ) ;
#3500 = LINE ( 'NONE', #352, #4223 ) ;
#3501 = ORIENTED_EDGE ( 'NONE', *, *, #4188, .F. ) ;
#3502 = CARTESIAN_POINT ( 'NONE',  ( -41.47721736514306201, 16.32163583045519673, 996.7617465664258134 ) ) ;
#3503 = VERTEX_POINT ( 'NONE', #820 ) ;
#3504 = CIRCLE ( 'NONE', #1519, 4.999999999999997335 ) ;
#3505 = ORIENTED_EDGE ( 'NONE', *, *, #2241, .F. ) ;
#3506 = DIRECTION ( 'NONE',  ( -0.000000000000000000, -0.000000000000000000, -1.000000000000000000 ) ) ;
#3507 = PERSON_AND_ORGANIZATION_ROLE ( 'creator' ) ;
#3508 = EDGE_CURVE ( 'NONE', #2372, #215, #3341, .T. ) ;
#3509 = ORIENTED_EDGE ( 'NONE', *, *, #1587, .F. ) ;
#3510 = FACE_OUTER_BOUND ( 'NONE', #1362, .T. ) ;
#3511 = CARTESIAN_POINT ( 'NONE',  ( 2.342273901145925041, -21.02082945453181040, 998.7617465664258134 ) ) ;
#3512 = DIRECTION ( 'NONE',  ( -0.000000000000000000, -0.000000000000000000, 1.000000000000000000 ) ) ;
#3513 = ORIENTED_EDGE ( 'NONE', *, *, #1291, .F. ) ;
#3514 = DIRECTION ( 'NONE',  ( 0.000000000000000000, 0.000000000000000000, 1.000000000000000000 ) ) ;
#3515 = CARTESIAN_POINT ( 'NONE',  ( -41.47721736514306201, 8.077967428120439664, 996.7617465664258134 ) ) ;
#3516 = ORIENTED_EDGE ( 'NONE', *, *, #233, .T. ) ;
#3517 = CARTESIAN_POINT ( 'NONE',  ( 2.342273901145925041, -21.02082945453181040, 998.2617465664258134 ) ) ;
#3518 = DIRECTION ( 'NONE',  ( -0.000000000000000000, -0.000000000000000000, 1.000000000000000000 ) ) ;
#3519 = CARTESIAN_POINT ( 'NONE',  ( -34.41089783250500034, -7.232593278003827564, 998.2617465664258134 ) ) ;
#3520 = ORIENTED_EDGE ( 'NONE', *, *, #2751, .T. ) ;
#3521 = CARTESIAN_POINT ( 'NONE',  ( 35.92847732750293943, 6.093707644691767733, 996.7617465664258134 ) ) ;
#3522 = EDGE_LOOP ( 'NONE', ( #770, #2313, #3960, #2687 ) ) ;
#3523 = LINE ( 'NONE', #1783, #3915 ) ;
#3524 = PERSON_AND_ORGANIZATION_ROLE ( 'creator' ) ;
#3525 = EDGE_LOOP ( 'NONE', ( #776, #1695, #3814, #3091 ) ) ;
#3526 = DIRECTION ( 'NONE',  ( -0.000000000000000000, -0.000000000000000000, -1.000000000000000000 ) ) ;
#3527 = AXIS2_PLACEMENT_3D ( 'NONE', #3175, #2454, #2177 ) ;
#3528 = EDGE_CURVE ( 'NONE', #1810, #813, #3326, .T. ) ;
#3529 = EDGE_CURVE ( 'NONE', #3254, #3721, #2979, .T. ) ;
#3530 = LINE ( 'NONE', #3193, #3918 ) ;
#3531 = CARTESIAN_POINT ( 'NONE',  ( 37.42847732750293233, -19.65303777888381731, 998.7617465664258134 ) ) ;
#3532 = VERTEX_POINT ( 'NONE', #4030 ) ;
#3533 = CARTESIAN_POINT ( 'NONE',  ( -16.59988510297007025, -14.12088745453381122, 994.7617465664258134 ) ) ;
#3534 = CARTESIAN_POINT ( 'NONE',  ( 12.10217230114492715, -19.52082945453181040, 994.7617465664258134 ) ) ;
#3535 = CIRCLE ( 'NONE', #1481, 4.999999999999997335 ) ;
#3536 = ORIENTED_EDGE ( 'NONE', *, *, #4213, .F. ) ;
#3537 = DIRECTION ( 'NONE',  ( 0.000000000000000000, 0.000000000000000000, 1.000000000000000000 ) ) ;
#3538 = DIRECTION ( 'NONE',  ( 0.000000000000000000, 0.000000000000000000, 1.000000000000000000 ) ) ;
#3539 = ADVANCED_FACE ( 'NONE', ( #2275 ), #1941, .F. ) ;
#3540 = PLANE ( 'NONE',  #1644 ) ;
#3541 = VERTEX_POINT ( 'NONE', #1912 ) ;
#3542 = DIRECTION ( 'NONE',  ( 1.000000000000000000, 0.000000000000000000, 0.000000000000000000 ) ) ;
#3543 = AXIS2_PLACEMENT_3D ( 'NONE', #1097, #2485, #726 ) ;
#3544 = ORIENTED_EDGE ( 'NONE', *, *, #893, .F. ) ;
#3545 = AXIS2_PLACEMENT_3D ( 'NONE', #267, #3457, #4495 ) ;
#3546 = CIRCLE ( 'NONE', #983, 4.999999999999997335 ) ;
#3547 = CIRCLE ( 'NONE', #1018, 4.999999999999997335 ) ;
#3548 = ORIENTED_EDGE ( 'NONE', *, *, #3463, .F. ) ;
#3549 = CARTESIAN_POINT ( 'NONE',  ( -12.00875480091207592, -13.12088745453381122, 998.2617465664258134 ) ) ;
#3550 = ORIENTED_EDGE ( 'NONE', *, *, #2231, .T. ) ;
#3551 = DIRECTION ( 'NONE',  ( 0.000000000000000000, 0.000000000000000000, 1.000000000000000000 ) ) ;
#3552 = EDGE_LOOP ( 'NONE', ( #147, #86, #3501, #2967 ) ) ;
#3553 = VECTOR ( 'NONE', #2770, 1000.000000000000000 ) ;
#3554 = DIRECTION ( 'NONE',  ( 1.000000000000000000, 0.000000000000000000, 0.000000000000000000 ) ) ;
#3555 = AXIS2_PLACEMENT_3D ( 'NONE', #2538, #413, #1170 ) ;
#3556 = VECTOR ( 'NONE', #3279, 1000.000000000000000 ) ;
#3557 = DIRECTION ( 'NONE',  ( 1.000000000000000000, 0.000000000000000000, 0.000000000000000000 ) ) ;
#3558 = CARTESIAN_POINT ( 'NONE',  ( -41.47721736514306201, 6.093707644691781944, 994.7617465664258134 ) ) ;
#3559 = ORIENTED_EDGE ( 'NONE', *, *, #335, .F. ) ;
#3560 = EDGE_CURVE ( 'NONE', #4242, #652, #2230, .T. ) ;
#3561 = DIRECTION ( 'NONE',  ( 0.000000000000000000, -1.000000000000000000, 0.000000000000000000 ) ) ;
#3562 = CARTESIAN_POINT ( 'NONE',  ( 1.342273901145924597, -14.12088745453381122, 994.7617465664258134 ) ) ;
#3563 = ORIENTED_EDGE ( 'NONE', *, *, #933, .T. ) ;
#3564 = DIRECTION ( 'NONE',  ( 1.000000000000000000, 0.000000000000000000, 0.000000000000000000 ) ) ;
#3565 = EDGE_CURVE ( 'NONE', #4398, #3541, #2600, .T. ) ;
#3566 = EDGE_CURVE ( 'NONE', #4164, #1615, #3995, .T. ) ;
#3567 = CARTESIAN_POINT ( 'NONE',  ( -2.248856400913074260, -12.62088745453381122, 998.2617465664258134 ) ) ;
#3568 = DIRECTION ( 'NONE',  ( -0.000000000000000000, -0.000000000000000000, 1.000000000000000000 ) ) ;
#3569 = VERTEX_POINT ( 'NONE', #4404 ) ;
#3570 = FACE_OUTER_BOUND ( 'NONE', #3837, .T. ) ;
#3571 = VERTEX_POINT ( 'NONE', #3683 ) ;
#3572 = EDGE_CURVE ( 'NONE', #3468, #927, #3349, .T. ) ;
#3573 = LINE ( 'NONE', #426, #1194 ) ;
#3574 = ORIENTED_EDGE ( 'NONE', *, *, #3565, .F. ) ;
#3575 = APPROVAL_STATUS ( 'not_yet_approved' ) ;
#3576 = AXIS2_PLACEMENT_3D ( 'NONE', #2387, #2294, #648 ) ;
#3577 = VERTEX_POINT ( 'NONE', #474 ) ;
#3578 = DIRECTION ( 'NONE',  ( 0.000000000000000000, 1.000000000000000000, 0.000000000000000000 ) ) ;
#3579 = CARTESIAN_POINT ( 'NONE',  ( -32.74585850072318038, -7.232593278003827564, 998.2617465664258134 ) ) ;
#3580 = DIRECTION ( 'NONE',  ( 0.000000000000000000, -1.000000000000000000, 0.000000000000000000 ) ) ;
#3581 = ORIENTED_EDGE ( 'NONE', *, *, #761, .T. ) ;
#3582 = DIRECTION ( 'NONE',  ( 0.000000000000000000, 0.000000000000000000, 1.000000000000000000 ) ) ;
#3583 = CARTESIAN_POINT ( 'NONE',  ( -27.35978350296907280, -14.12088745453381122, 994.7617465664258134 ) ) ;
#3584 = VERTEX_POINT ( 'NONE', #4053 ) ;
#3585 = DIRECTION ( 'NONE',  ( -1.000000000000000000, 0.000000000000000000, 0.000000000000000000 ) ) ;
#3586 = EDGE_CURVE ( 'NONE', #4310, #2590, #449, .T. ) ;
#3587 = CARTESIAN_POINT ( 'NONE',  ( -40.62032776698665515, 8.577967428120441440, 996.7617465664258134 ) ) ;
#3588 = EDGE_CURVE ( 'NONE', #1584, #2614, #1847, .T. ) ;
#3589 = ORIENTED_EDGE ( 'NONE', *, *, #3586, .T. ) ;
#3590 = FACE_OUTER_BOUND ( 'NONE', #3618, .T. ) ;
#3591 = ORIENTED_EDGE ( 'NONE', *, *, #1680, .F. ) ;
#3592 = FACE_OUTER_BOUND ( 'NONE', #939, .T. ) ;
#3593 = EDGE_CURVE ( 'NONE', #3686, #353, #3595, .T. ) ;
#3594 = ORIENTED_EDGE ( 'NONE', *, *, #3651, .T. ) ;
#3595 = LINE ( 'NONE', #4006, #2593 ) ;
#3596 = EDGE_LOOP ( 'NONE', ( #423, #973, #3672, #2714 ) ) ;
#3597 = CARTESIAN_POINT ( 'NONE',  ( 35.92847732750293943, 8.077967428120427229, 994.7617465664258134 ) ) ;
#3598 = DIRECTION ( 'NONE',  ( 0.000000000000000000, 0.000000000000000000, 1.000000000000000000 ) ) ;
#3599 = EDGE_CURVE ( 'NONE', #1167, #652, #2671, .T. ) ;
#3600 = DIRECTION ( 'NONE',  ( 0.000000000000000000, 0.000000000000000000, 1.000000000000000000 ) ) ;
#3601 = ORIENTED_EDGE ( 'NONE', *, *, #2260, .F. ) ;
#3602 = AXIS2_PLACEMENT_3D ( 'NONE', #2475, #1398, #4208 ) ;
#3603 = CARTESIAN_POINT ( 'NONE',  ( 1.342273901145924153, -19.52082945453180685, 994.7617465664258134 ) ) ;
#3604 = DIRECTION ( 'NONE',  ( 0.000000000000000000, -0.000000000000000000, -1.000000000000000000 ) ) ;
#3605 = ORIENTED_EDGE ( 'NONE', *, *, #1163, .F. ) ;
#3606 = AXIS2_PLACEMENT_3D ( 'NONE', #2350, #593, #612 ) ;
#3607 = CARTESIAN_POINT ( 'NONE',  ( -16.59988510297007025, -13.12088745453380945, 998.2617465664258134 ) ) ;
#3608 = AXIS2_PLACEMENT_3D ( 'NONE', #1535, #2989, #529 ) ;
#3609 = DIRECTION ( 'NONE',  ( -0.000000000000000000, -0.000000000000000000, -1.000000000000000000 ) ) ;
#3610 = VERTEX_POINT ( 'NONE', #4028 ) ;
#3611 = CARTESIAN_POINT ( 'NONE',  ( -12.00875480091207592, -19.52082945453180329, 998.2617465664258134 ) ) ;
#3612 = EDGE_CURVE ( 'NONE', #244, #3790, #2909, .T. ) ;
#3613 = EDGE_CURVE ( 'NONE', #4243, #2267, #3703, .T. ) ;
#3614 = AXIS2_PLACEMENT_3D ( 'NONE', #4216, #8, #3456 ) ;
#3615 = CARTESIAN_POINT ( 'NONE',  ( -41.47721736514306201, -10.40936937654906558, 996.7617465664258134 ) ) ;
#3616 = ORIENTED_EDGE ( 'NONE', *, *, #4330, .T. ) ;
#3617 = LINE ( 'NONE', #515, #696 ) ;
#3618 = EDGE_LOOP ( 'NONE', ( #76, #2060, #3826, #3186 ) ) ;
#3619 = CIRCLE ( 'NONE', #1055, 4.999999999999997335 ) ;
#3620 = CIRCLE ( 'NONE', #2148, 1.000000000000004441 ) ;
#3621 = VECTOR ( 'NONE', #1472, 1000.000000000000000 ) ;
#3622 = CARTESIAN_POINT ( 'NONE',  ( 26.70720151120292485, -19.52082945453180685, 998.2617465664258134 ) ) ;
#3623 = DIRECTION ( 'NONE',  ( -0.000000000000000000, 1.000000000000000000, -0.000000000000000000 ) ) ;
#3624 = DIRECTION ( 'NONE',  ( -0.000000000000000000, -0.000000000000000000, 1.000000000000000000 ) ) ;
#3625 = AXIS2_PLACEMENT_3D ( 'NONE', #3491, #2149, #383 ) ;
#3626 = ORIENTED_EDGE ( 'NONE', *, *, #2254, .T. ) ;
#3627 = ADVANCED_FACE ( 'NONE', ( #2251 ), #132, .F. ) ;
#3628 = CIRCLE ( 'NONE', #3922, 2.165039331781817733 ) ;
#3629 = DIRECTION ( 'NONE',  ( -6.424970771824775901E-16, -1.000000000000000000, 0.000000000000000000 ) ) ;
#3630 = DIRECTION ( 'NONE',  ( 3.212485385912387951E-16, 1.000000000000000000, 0.000000000000000000 ) ) ;
#3631 = AXIS2_PLACEMENT_3D ( 'NONE', #245, #290, #4171 ) ;
#3632 = EDGE_CURVE ( 'NONE', #2834, #1512, #4297, .T. ) ;
#3633 = DIRECTION ( 'NONE',  ( -1.000000000000000000, 0.000000000000000000, 0.000000000000000000 ) ) ;
#3634 = ORIENTED_EDGE ( 'NONE', *, *, #1493, .F. ) ;
#3635 = CARTESIAN_POINT ( 'NONE',  ( -16.59988510297007025, -12.62088745453381122, 998.2617465664258134 ) ) ;
#3636 = EDGE_LOOP ( 'NONE', ( #1337, #4176, #2486, #1235 ) ) ;
#3637 = CARTESIAN_POINT ( 'NONE',  ( 35.07158772934651836, -10.90936937654907801, 996.7617465664258134 ) ) ;
#3638 = DIRECTION ( 'NONE',  ( -1.000000000000000000, -1.683448087732883296E-15, 0.000000000000000000 ) ) ;
#3639 = CARTESIAN_POINT ( 'NONE',  ( -32.74585850072318038, -7.232593278003827564, 994.7617465664258134 ) ) ;
#3640 = ORIENTED_EDGE ( 'NONE', *, *, #3811, .F. ) ;
#3641 = CARTESIAN_POINT ( 'NONE',  ( 27.70720151120292840, -14.12088745453381122, 994.7617465664258134 ) ) ;
#3642 = EDGE_LOOP ( 'NONE', ( #3269, #375, #4328, #2539 ) ) ;
#3643 = CARTESIAN_POINT ( 'NONE',  ( 27.70720151120292485, -14.12088745453381122, 994.7617465664258134 ) ) ;
#3644 = CARTESIAN_POINT ( 'NONE',  ( 16.94730311120392940, -21.02082945453181395, 998.2617465664258134 ) ) ;
#3645 = DIRECTION ( 'NONE',  ( -0.000000000000000000, -0.000000000000000000, -1.000000000000000000 ) ) ;
#3646 = EDGE_CURVE ( 'NONE', #2304, #3571, #2305, .T. ) ;
#3647 = FACE_OUTER_BOUND ( 'NONE', #377, .T. ) ;
#3648 = EDGE_LOOP ( 'NONE', ( #799, #2864, #972, #958, #4348, #1229, #3424, #15 ) ) ;
#3649 = LINE ( 'NONE', #2656, #990 ) ;
#3650 = DIRECTION ( 'NONE',  ( 1.000000000000000000, 0.000000000000000000, 0.000000000000000000 ) ) ;
#3651 = EDGE_CURVE ( 'NONE', #4326, #476, #1166, .T. ) ;
#3652 = LINE ( 'NONE', #831, #4201 ) ;
#3653 = VECTOR ( 'NONE', #2701, 1000.000000000000000 ) ;
#3654 = ORIENTED_EDGE ( 'NONE', *, *, #1793, .T. ) ;
#3655 = DIRECTION ( 'NONE',  ( -0.000000000000000000, -0.000000000000000000, -1.000000000000000000 ) ) ;
#3656 = VERTEX_POINT ( 'NONE', #3300 ) ;
#3657 = CARTESIAN_POINT ( 'NONE',  ( -12.00875480091207592, -20.52082945453180685, 998.2617465664258134 ) ) ;
#3658 = LINE ( 'NONE', #493, #2062 ) ;
#3659 = DIRECTION ( 'NONE',  ( 0.000000000000000000, 0.000000000000000000, 1.000000000000000000 ) ) ;
#3660 = ORIENTED_EDGE ( 'NONE', *, *, #2108, .F. ) ;
#3661 = CARTESIAN_POINT ( 'NONE',  ( 15.94730311120392408, -19.52082945453180685, 994.7617465664258134 ) ) ;
#3662 = ORIENTED_EDGE ( 'NONE', *, *, #966, .T. ) ;
#3663 = DIRECTION ( 'NONE',  ( 0.000000000000000000, 1.000000000000000000, 0.000000000000000000 ) ) ;
#3664 = CARTESIAN_POINT ( 'NONE',  ( 32.42847732750293233, -24.65303777888381376, 998.7617465664258134 ) ) ;
#3665 = DIRECTION ( 'NONE',  ( -0.000000000000000000, -0.000000000000000000, 1.000000000000000000 ) ) ;
#3666 = CARTESIAN_POINT ( 'NONE',  ( -13.50875480091207592, -14.12088745453381122, 998.2617465664258134 ) ) ;
#3667 = EDGE_LOOP ( 'NONE', ( #1700, #2468, #3509, #2704 ) ) ;
#3668 = EDGE_CURVE ( 'NONE', #402, #2024, #3617, .T. ) ;
#3669 = ADVANCED_FACE ( 'NONE', ( #2554, #153 ), #1873, .T. ) ;
#3670 = LINE ( 'NONE', #3267, #160 ) ;
#3671 = FACE_OUTER_BOUND ( 'NONE', #2833, .T. ) ;
#3672 = ORIENTED_EDGE ( 'NONE', *, *, #3282, .F. ) ;
#3673 = DIRECTION ( 'NONE',  ( 0.000000000000000000, 0.000000000000000000, 1.000000000000000000 ) ) ;
#3674 = ORIENTED_EDGE ( 'NONE', *, *, #2347, .F. ) ;
#3675 = FACE_OUTER_BOUND ( 'NONE', #3063, .T. ) ;
#3676 = ORIENTED_EDGE ( 'NONE', *, *, #1371, .T. ) ;
#3677 = DIRECTION ( 'NONE',  ( 1.000000000000000000, 0.000000000000000000, 0.000000000000000000 ) ) ;
#3678 = AXIS2_PLACEMENT_3D ( 'NONE', #1176, #3384, #2613 ) ;
#3679 = EDGE_CURVE ( 'NONE', #3458, #1792, #1591, .T. ) ;
#3680 = CARTESIAN_POINT ( 'NONE',  ( -16.59988510297007025, -14.12088745453381122, 998.7617465664258134 ) ) ;
#3681 = DIRECTION ( 'NONE',  ( 0.000000000000000000, -1.000000000000000000, 0.000000000000000000 ) ) ;
#3682 = EDGE_LOOP ( 'NONE', ( #3847, #1683, #2673, #1580 ) ) ;
#3683 = CARTESIAN_POINT ( 'NONE',  ( 35.92847732750292522, -9.409369376549081565, 996.7617465664258134 ) ) ;
#3684 = VECTOR ( 'NONE', #1528, 1000.000000000000000 ) ;
#3685 = CIRCLE ( 'NONE', #3324, 0.5743212343493758754 ) ;
#3686 = VERTEX_POINT ( 'NONE', #1684 ) ;
#3687 = DIRECTION ( 'NONE',  ( 3.212485385912387951E-16, 1.000000000000000000, 0.000000000000000000 ) ) ;
#3688 = LINE ( 'NONE', #181, #544 ) ;
#3689 = CARTESIAN_POINT ( 'NONE',  ( -2.248856400913074260, -14.12088745453381122, 998.2617465664258134 ) ) ;
#3690 = CARTESIAN_POINT ( 'NONE',  ( 13.10217230114492537, -14.12088745453381122, 998.2617465664258134 ) ) ;
#3691 = ORIENTED_EDGE ( 'NONE', *, *, #2527, .F. ) ;
#3692 = CARTESIAN_POINT ( 'NONE',  ( -2.248856400913074260, -14.12088745453381122, 994.7617465664258134 ) ) ;
#3693 = VECTOR ( 'NONE', #1573, 1000.000000000000000 ) ;
#3694 = CARTESIAN_POINT ( 'NONE',  ( -20.37579369198157053, 20.82163583045519673, 994.7617465664258134 ) ) ;
#3695 = EDGE_CURVE ( 'NONE', #694, #4224, #1980, .T. ) ;
#3696 = ORIENTED_EDGE ( 'NONE', *, *, #420, .T. ) ;
#3697 = VECTOR ( 'NONE', #146, 1000.000000000000000 ) ;
#3698 = VECTOR ( 'NONE', #4159, 1000.000000000000000 ) ;
#3699 = CARTESIAN_POINT ( 'NONE',  ( -16.59988510297007025, -20.52082945453180685, 994.7617465664258134 ) ) ;
#3700 = ORIENTED_EDGE ( 'NONE', *, *, #221, .T. ) ;
#3701 = AXIS2_PLACEMENT_3D ( 'NONE', #1056, #3746, #930 ) ;
#3702 = CARTESIAN_POINT ( 'NONE',  ( 16.94730311120392940, -19.52082945453180685, 998.7617465664258134 ) ) ;
#3703 = CIRCLE ( 'NONE', #1725, 1.250000000000001110 ) ;
#3704 = VERTEX_POINT ( 'NONE', #2047 ) ;
#3705 = FACE_OUTER_BOUND ( 'NONE', #4115, .T. ) ;
#3706 = EDGE_CURVE ( 'NONE', #3571, #2899, #4105, .T. ) ;
#3707 = EDGE_CURVE ( 'NONE', #580, #4143, #4446, .T. ) ;
#3708 = DIRECTION ( 'NONE',  ( -3.212485385912385485E-16, -1.000000000000000000, 0.000000000000000000 ) ) ;
#3709 = CARTESIAN_POINT ( 'NONE',  ( 16.94730311120392940, -21.02082945453181395, 998.2617465664258134 ) ) ;
#3710 = ORIENTED_EDGE ( 'NONE', *, *, #345, .T. ) ;
#3711 = DIRECTION ( 'NONE',  ( 1.000000000000000000, 0.000000000000000000, 0.000000000000000000 ) ) ;
#3712 = EDGE_CURVE ( 'NONE', #4418, #4242, #1067, .T. ) ;
#3713 = VERTEX_POINT ( 'NONE', #2368 ) ;
#3714 = ORIENTED_EDGE ( 'NONE', *, *, #3009, .F. ) ;
#3715 = DIRECTION ( 'NONE',  ( 0.000000000000000000, 0.000000000000000000, 1.000000000000000000 ) ) ;
#3716 = DIRECTION ( 'NONE',  ( 0.000000000000000000, 0.000000000000000000, 1.000000000000000000 ) ) ;
#3717 = CARTESIAN_POINT ( 'NONE',  ( 26.70720151120292840, -12.62088745453381122, 998.7617465664258134 ) ) ;
#3718 = ORIENTED_EDGE ( 'NONE', *, *, #1184, .F. ) ;
#3719 = DIRECTION ( 'NONE',  ( 0.000000000000000000, -1.000000000000000000, 0.000000000000000000 ) ) ;
#3720 = CARTESIAN_POINT ( 'NONE',  ( -34.41089783250500034, -7.232593278003827564, 998.7617465664258134 ) ) ;
#3721 = VERTEX_POINT ( 'NONE', #2029 ) ;
#3722 = AXIS2_PLACEMENT_3D ( 'NONE', #563, #2043, #4473 ) ;
#3723 = CARTESIAN_POINT ( 'NONE',  ( -41.47721736514306201, 6.093707644691781944, 996.7617465664258134 ) ) ;
#3724 = ORIENTED_EDGE ( 'NONE', *, *, #788, .T. ) ;
#3725 = CARTESIAN_POINT ( 'NONE',  ( -37.97721736514308333, -24.65303777888381376, 996.7617465664258134 ) ) ;
#3726 = ORIENTED_EDGE ( 'NONE', *, *, #1934, .T. ) ;
#3727 = DIRECTION ( 'NONE',  ( 1.000000000000000000, 0.000000000000000000, 0.000000000000000000 ) ) ;
#3728 = CARTESIAN_POINT ( 'NONE',  ( 35.64590896369590212, 8.577967428120430782, 994.7617465664258134 ) ) ;
#3729 = ADVANCED_FACE ( 'NONE', ( #3753 ), #3049, .F. ) ;
#3730 = EDGE_CURVE ( 'NONE', #1751, #4413, #1325, .T. ) ;
#3731 = DIRECTION ( 'NONE',  ( 1.000000000000000000, 0.000000000000000000, 0.000000000000000000 ) ) ;
#3732 = VERTEX_POINT ( 'NONE', #3733 ) ;
#3733 = CARTESIAN_POINT ( 'NONE',  ( -41.47721736514306201, 7.077967428120442328, 996.7617465664258134 ) ) ;
#3734 = ORIENTED_EDGE ( 'NONE', *, *, #4439, .T. ) ;
#3735 = AXIS2_PLACEMENT_3D ( 'NONE', #2016, #3825, #658 ) ;
#3736 = ORIENTED_EDGE ( 'NONE', *, *, #3428, .F. ) ;
#3737 = LINE ( 'NONE', #1689, #1556 ) ;
#3738 = DIRECTION ( 'NONE',  ( 0.000000000000000000, -0.000000000000000000, 1.000000000000000000 ) ) ;
#3739 = LINE ( 'NONE', #594, #3153 ) ;
#3740 = EDGE_CURVE ( 'NONE', #1751, #4381, #4451, .T. ) ;
#3741 = LINE ( 'NONE', #576, #3698 ) ;
#3742 = FACE_OUTER_BOUND ( 'NONE', #3934, .T. ) ;
#3743 = EDGE_LOOP ( 'NONE', ( #993, #2925, #2685, #1071 ) ) ;
#3744 = CARTESIAN_POINT ( 'NONE',  ( -27.85978350296907280, -14.12088745453381122, 998.2617465664258134 ) ) ;
#3745 = ORIENTED_EDGE ( 'NONE', *, *, #4078, .F. ) ;
#3746 = DIRECTION ( 'NONE',  ( -1.000000000000000000, 0.000000000000000000, -0.000000000000000000 ) ) ;
#3747 = ORIENTED_EDGE ( 'NONE', *, *, #1095, .F. ) ;
#3748 = CARTESIAN_POINT ( 'NONE',  ( -26.35978350296907280, -13.12088745453381122, 998.2617465664258134 ) ) ;
#3749 = CIRCLE ( 'NONE', #3017, 1.000000000000000888 ) ;
#3750 = LINE ( 'NONE', #2760, #1850 ) ;
#3751 = DIRECTION ( 'NONE',  ( 1.000000000000000000, 0.000000000000000000, 0.000000000000000000 ) ) ;
#3752 = VERTEX_POINT ( 'NONE', #1003 ) ;
#3753 = FACE_OUTER_BOUND ( 'NONE', #4041, .T. ) ;
#3754 = AXIS2_PLACEMENT_3D ( 'NONE', #3158, #3068, #1681 ) ;
#3755 = EDGE_CURVE ( 'NONE', #3362, #580, #3442, .T. ) ;
#3756 = ORIENTED_EDGE ( 'NONE', *, *, #3463, .T. ) ;
#3757 = EDGE_CURVE ( 'NONE', #3541, #782, #3271, .T. ) ;
#3758 = EDGE_LOOP ( 'NONE', ( #2533, #234, #4458, #134 ) ) ;
#3759 = AXIS2_PLACEMENT_3D ( 'NONE', #637, #1308, #2720 ) ;
#3760 = LINE ( 'NONE', #3054, #2733 ) ;
#3761 = CARTESIAN_POINT ( 'NONE',  ( 31.42847732750293233, 20.82163583045519673, 996.7617465664258134 ) ) ;
#3762 = FACE_OUTER_BOUND ( 'NONE', #3217, .T. ) ;
#3763 = ORIENTED_EDGE ( 'NONE', *, *, #1827, .F. ) ;
#3764 = CARTESIAN_POINT ( 'NONE',  ( -16.59988510297007025, -12.62088745453381122, 998.2617465664258134 ) ) ;
#3765 = CARTESIAN_POINT ( 'NONE',  ( -41.47721736514306201, -10.40936937654906203, 994.7617465664258134 ) ) ;
#3766 = EDGE_CURVE ( 'NONE', #185, #1436, #1367, .T. ) ;
#3767 = ORIENTED_EDGE ( 'NONE', *, *, #4527, .F. ) ;
#3768 = AXIS2_PLACEMENT_3D ( 'NONE', #3346, #4004, #862 ) ;
#3769 = AXIS2_PLACEMENT_3D ( 'NONE', #3084, #4488, #3470 ) ;
#3770 = CARTESIAN_POINT ( 'NONE',  ( -41.47721736514306201, 16.32163583045519673, 994.7617465664258134 ) ) ;
#3771 = PLANE ( 'NONE',  #31 ) ;
#3772 = ORIENTED_EDGE ( 'NONE', *, *, #1800, .F. ) ;
#3773 = DIRECTION ( 'NONE',  ( 1.000000000000000000, 0.000000000000000000, 0.000000000000000000 ) ) ;
#3774 = VECTOR ( 'NONE', #276, 1000.000000000000000 ) ;
#3775 = APPROVAL ( #3252, '未' ) ;
#3776 = CARTESIAN_POINT ( 'NONE',  ( -12.00875480091207592, -12.62088745453381122, 998.2617465664258134 ) ) ;
#3777 = AXIS2_PLACEMENT_3D ( 'NONE', #2991, #1294, #1973 ) ;
#3778 = CARTESIAN_POINT ( 'NONE',  ( -26.35978350296907280, -12.62088745453381300, 998.7617465664258134 ) ) ;
#3779 = ORIENTED_EDGE ( 'NONE', *, *, #1259, .T. ) ;
#3780 = DIRECTION ( 'NONE',  ( 0.000000000000000000, 1.000000000000000000, 0.000000000000000000 ) ) ;
#3781 = ORIENTED_EDGE ( 'NONE', *, *, #4031, .F. ) ;
#3782 = ORIENTED_EDGE ( 'NONE', *, *, #1981, .T. ) ;
#3783 = DIRECTION ( 'NONE',  ( -0.000000000000000000, -0.000000000000000000, 1.000000000000000000 ) ) ;
#3784 = FACE_BOUND ( 'NONE', #199, .T. ) ;
#3785 = FACE_BOUND ( 'NONE', #6, .T. ) ;
#3786 = DIRECTION ( 'NONE',  ( -0.000000000000000000, -0.000000000000000000, -1.000000000000000000 ) ) ;
#3787 = EDGE_CURVE ( 'NONE', #2961, #813, #3459, .T. ) ;
#3788 = EDGE_CURVE ( 'NONE', #1377, #978, #688, .T. ) ;
#3789 = CARTESIAN_POINT ( 'NONE',  ( 2.342273901145924153, -12.62088745453381122, 998.7617465664258134 ) ) ;
#3790 = VERTEX_POINT ( 'NONE', #567 ) ;
#3791 = CARTESIAN_POINT ( 'NONE',  ( -26.35978350296907280, -14.12088745453381122, 994.7617465664258134 ) ) ;
#3792 = EDGE_CURVE ( 'NONE', #588, #4172, #607, .T. ) ;
#3793 = ORIENTED_EDGE ( 'NONE', *, *, #1509, .F. ) ;
#3794 = ORIENTED_EDGE ( 'NONE', *, *, #2442, .T. ) ;
#3795 = LINE ( 'NONE', #4424, #3067 ) ;
#3796 = AXIS2_PLACEMENT_3D ( 'NONE', #1222, #3344, #4283 ) ;
#3797 = LINE ( 'NONE', #629, #4432 ) ;
#3798 = EDGE_CURVE ( 'NONE', #4124, #4272, #4215, .T. ) ;
#3799 = DIRECTION ( 'NONE',  ( 0.000000000000000000, 0.000000000000000000, 1.000000000000000000 ) ) ;
#3800 = ORIENTED_EDGE ( 'NONE', *, *, #2513, .F. ) ;
#3801 = DIRECTION ( 'NONE',  ( 1.000000000000000000, 0.000000000000000000, 0.000000000000000000 ) ) ;
#3802 = ORIENTED_EDGE ( 'NONE', *, *, #1133, .F. ) ;
#3803 = EDGE_LOOP ( 'NONE', ( #4374, #2042, #3548, #3516 ) ) ;
#3804 = DIRECTION ( 'NONE',  ( 0.000000000000000000, -1.000000000000000000, 0.000000000000000000 ) ) ;
#3805 = PLANE ( 'NONE',  #4252 ) ;
#3806 = APPROVAL_PERSON_ORGANIZATION ( #2487, #2335, #4314 ) ;
#3807 = LINE ( 'NONE', #3465, #2010 ) ;
#3808 = CYLINDRICAL_SURFACE ( 'NONE', #3115, 0.9999999999999991118 ) ;
#3809 = ORIENTED_EDGE ( 'NONE', *, *, #420, .F. ) ;
#3810 = EDGE_CURVE ( 'NONE', #1052, #3435, #220, .T. ) ;
#3811 = EDGE_CURVE ( 'NONE', #3188, #948, #653, .T. ) ;
#3812 = LINE ( 'NONE', #1292, #19 ) ;
#3813 = DIRECTION ( 'NONE',  ( 0.000000000000000000, 1.000000000000000000, 0.000000000000000000 ) ) ;
#3814 = ORIENTED_EDGE ( 'NONE', *, *, #1431, .F. ) ;
#3815 = DIRECTION ( 'NONE',  ( -1.000000000000000000, 0.000000000000000000, 0.000000000000000000 ) ) ;
#3816 = DIRECTION ( 'NONE',  ( 0.000000000000000000, 0.000000000000000000, 1.000000000000000000 ) ) ;
#3817 = FACE_OUTER_BOUND ( 'NONE', #4096, .T. ) ;
#3818 = ORIENTED_EDGE ( 'NONE', *, *, #4330, .F. ) ;
#3819 = DIRECTION ( 'NONE',  ( -0.000000000000000000, -0.000000000000000000, -1.000000000000000000 ) ) ;
#3820 = ORIENTED_EDGE ( 'NONE', *, *, #2429, .F. ) ;
#3821 = ADVANCED_FACE ( 'NONE', ( #2674 ), #1709, .F. ) ;
#3822 = CIRCLE ( 'NONE', #2273, 1.500000000000000888 ) ;
#3823 = ORIENTED_EDGE ( 'NONE', *, *, #4298, .F. ) ;
#3824 = LINE ( 'NONE', #2679, #2219 ) ;
#3825 = DIRECTION ( 'NONE',  ( -0.000000000000000000, -0.000000000000000000, 1.000000000000000000 ) ) ;
#3826 = ORIENTED_EDGE ( 'NONE', *, *, #2122, .F. ) ;
#3827 = AXIS2_PLACEMENT_3D ( 'NONE', #205, #3716, #519 ) ;
#3828 = CIRCLE ( 'NONE', #2501, 1.499999999999997780 ) ;
#3829 = CARTESIAN_POINT ( 'NONE',  ( 12.10217230114492715, -14.12088745453381122, 998.7617465664258134 ) ) ;
#3830 = DIRECTION ( 'NONE',  ( -0.000000000000000000, -0.000000000000000000, -1.000000000000000000 ) ) ;
#3831 = CARTESIAN_POINT ( 'NONE',  ( 12.10217230114492715, -20.52082945453181040, 994.7617465664258134 ) ) ;
#3832 = AXIS2_PLACEMENT_3D ( 'NONE', #2611, #2965, #4016 ) ;
#3833 = ORIENTED_EDGE ( 'NONE', *, *, #24, .F. ) ;
#3834 = LINE ( 'NONE', #692, #382 ) ;
#3835 = LINE ( 'NONE', #2777, #395 ) ;
#3836 = ADVANCED_FACE ( 'NONE', ( #3422 ), #309, .F. ) ;
#3837 = EDGE_LOOP ( 'NONE', ( #3048, #4085, #1191, #434, #508, #3248, #4472, #4496 ) ) ;
#3838 = LINE ( 'NONE', #1064, #3870 ) ;
#3839 = AXIS2_PLACEMENT_3D ( 'NONE', #4529, #1006, #4174 ) ;
#3840 = CIRCLE ( 'NONE', #1557, 0.9999999999999974465 ) ;
#3841 = DIRECTION ( 'NONE',  ( -0.000000000000000000, -0.000000000000000000, 1.000000000000000000 ) ) ;
#3842 = AXIS2_PLACEMENT_3D ( 'NONE', #2187, #1503, #4311 ) ;
#3843 = ADVANCED_FACE ( 'NONE', ( #333 ), #1454, .T. ) ;
#3844 = CARTESIAN_POINT ( 'NONE',  ( -13.00875480091207770, -19.52082945453180329, 994.7617465664258134 ) ) ;
#3845 = VECTOR ( 'NONE', #2353, 1000.000000000000000 ) ;
#3846 = EDGE_CURVE ( 'NONE', #3237, #2400, #1435, .T. ) ;
#3847 = ORIENTED_EDGE ( 'NONE', *, *, #1266, .T. ) ;
#3848 = DIRECTION ( 'NONE',  ( -0.000000000000000000, -0.000000000000000000, 1.000000000000000000 ) ) ;
#3849 = ORIENTED_EDGE ( 'NONE', *, *, #1765, .F. ) ;
#3850 = VECTOR ( 'NONE', #3655, 1000.000000000000000 ) ;
#3851 = VECTOR ( 'NONE', #3072, 1000.000000000000000 ) ;
#3852 = VERTEX_POINT ( 'NONE', #1778 ) ;
#3853 = LINE ( 'NONE', #2466, #4284 ) ;
#3854 = ADVANCED_FACE ( 'NONE', ( #4221 ), #3226, .F. ) ;
#3855 = ORIENTED_EDGE ( 'NONE', *, *, #669, .T. ) ;
#3856 = DIRECTION ( 'NONE',  ( -0.000000000000000000, -0.000000000000000000, 1.000000000000000000 ) ) ;
#3857 = DIRECTION ( 'NONE',  ( 1.000000000000000000, 0.000000000000000000, 0.000000000000000000 ) ) ;
#3858 = CARTESIAN_POINT ( 'NONE',  ( -18.87579369198156698, 19.82163583045519317, 996.7617465664258134 ) ) ;
#3859 = VERTEX_POINT ( 'NONE', #3868 ) ;
#3860 = APPROVAL_PERSON_ORGANIZATION ( #2171, #1668, #2837 ) ;
#3861 = CARTESIAN_POINT ( 'NONE',  ( 29.07421773772599849, -9.904726882270329824, 998.2617465664258134 ) ) ;
#3862 = FACE_OUTER_BOUND ( 'NONE', #2244, .T. ) ;
#3863 = ORIENTED_EDGE ( 'NONE', *, *, #4296, .F. ) ;
#3864 = DIRECTION ( 'NONE',  ( 0.000000000000000000, 0.000000000000000000, 1.000000000000000000 ) ) ;
#3865 = CARTESIAN_POINT ( 'NONE',  ( -40.62032776698665515, -10.90936937654906558, 994.7617465664258134 ) ) ;
#3866 = CARTESIAN_POINT ( 'NONE',  ( 33.13833229796444613, -18.16472688226932064, 998.2617465664258134 ) ) ;
#3867 = VERTEX_POINT ( 'NONE', #1407 ) ;
#3868 = CARTESIAN_POINT ( 'NONE',  ( -15.09988510297007380, -19.52082945453180685, 998.7617465664258134 ) ) ;
#3869 = ORIENTED_EDGE ( 'NONE', *, *, #837, .F. ) ;
#3870 = VECTOR ( 'NONE', #2759, 1000.000000000000000 ) ;
#3871 = ADVANCED_FACE ( 'NONE', ( #2139 ), #77, .F. ) ;
#3872 = EDGE_CURVE ( 'NONE', #1468, #1264, #2832, .T. ) ;
#3873 = ORIENTED_EDGE ( 'NONE', *, *, #1068, .F. ) ;
#3874 = DIRECTION ( 'NONE',  ( -0.000000000000000000, -0.000000000000000000, 1.000000000000000000 ) ) ;
#3875 = AXIS2_PLACEMENT_3D ( 'NONE', #944, #1897, #228 ) ;
#3876 = ORIENTED_EDGE ( 'NONE', *, *, #1746, .F. ) ;
#3877 = LINE ( 'NONE', #1830, #256 ) ;
#3878 = LINE ( 'NONE', #1463, #1353 ) ;
#3879 = LINE ( 'NONE', #2889, #3487 ) ;
#3880 = ORIENTED_EDGE ( 'NONE', *, *, #2776, .F. ) ;
#3881 = EDGE_CURVE ( 'NONE', #4541, #1710, #3036, .T. ) ;
#3882 = LINE ( 'NONE', #2866, #2201 ) ;
#3883 = CC_DESIGN_APPROVAL ( #3775, ( #4023 ) ) ;
#3884 = CARTESIAN_POINT ( 'NONE',  ( -41.47721736514306201, -9.409369376549065578, 996.7617465664258134 ) ) ;
#3885 = VERTEX_POINT ( 'NONE', #3502 ) ;
#3886 = CARTESIAN_POINT ( 'NONE',  ( 12.10217230114492715, -19.52082945453181040, 998.2617465664258134 ) ) ;
#3887 = CARTESIAN_POINT ( 'NONE',  ( -26.35978350296907280, -12.62088745453381300, 998.2617465664258134 ) ) ;
#3888 = DIRECTION ( 'NONE',  ( 0.000000000000000000, 1.000000000000000000, 0.000000000000000000 ) ) ;
#3889 = ORIENTED_EDGE ( 'NONE', *, *, #631, .F. ) ;
#3890 = DIRECTION ( 'NONE',  ( -0.000000000000000000, -0.000000000000000000, -1.000000000000000000 ) ) ;
#3891 = ORIENTED_EDGE ( 'NONE', *, *, #1430, .T. ) ;
#3892 = VECTOR ( 'NONE', #4198, 1000.000000000000000 ) ;
#3893 = ORIENTED_EDGE ( 'NONE', *, *, #3959, .F. ) ;
#3894 = CARTESIAN_POINT ( 'NONE',  ( 15.32705365434144795, 19.82163583045518962, 996.7617465664258134 ) ) ;
#3895 = VERTEX_POINT ( 'NONE', #4241 ) ;
#3896 = EDGE_CURVE ( 'NONE', #4418, #1167, #3184, .T. ) ;
#3897 = APPROVAL_DATE_TIME ( #1077, #2335 ) ;
#3898 = ORIENTED_EDGE ( 'NONE', *, *, #2378, .T. ) ;
#3899 = CARTESIAN_POINT ( 'NONE',  ( 35.92847732750292522, -18.65303777888382086, 996.7617465664258134 ) ) ;
#3900 = CARTESIAN_POINT ( 'NONE',  ( 2.342273901145924153, -13.12088745453381122, 994.7617465664258134 ) ) ;
#3901 = CARTESIAN_POINT ( 'NONE',  ( -40.62032776698665515, 8.577967428120441440, 996.7617465664258134 ) ) ;
#3902 = EDGE_CURVE ( 'NONE', #562, #3532, #4289, .T. ) ;
#3903 = EDGE_LOOP ( 'NONE', ( #2936, #665, #18, #4420 ) ) ;
#3904 = CARTESIAN_POINT ( 'NONE',  ( 14.82705365434144795, 20.82163583045518962, 994.7617465664258134 ) ) ;
#3905 = CARTESIAN_POINT ( 'NONE',  ( 35.92847732750292522, -18.65303777888382086, 994.7617465664258134 ) ) ;
#3906 = CIRCLE ( 'NONE', #2877, 1.500000000000000888 ) ;
#3907 = CIRCLE ( 'NONE', #4515, 1.499999999999997780 ) ;
#3908 = EDGE_CURVE ( 'NONE', #3962, #1880, #4542, .T. ) ;
#3909 = ORIENTED_EDGE ( 'NONE', *, *, #733, .T. ) ;
#3910 = CARTESIAN_POINT ( 'NONE',  ( 26.70720151120292840, -12.62088745453381122, 998.2617465664258134 ) ) ;
#3911 = DIRECTION ( 'NONE',  ( 1.000000000000000000, 0.000000000000000000, 0.000000000000000000 ) ) ;
#3912 = CARTESIAN_POINT ( 'NONE',  ( -32.24585850072318038, -14.23259327800182739, 998.7617465664258134 ) ) ;
#3913 = EDGE_LOOP ( 'NONE', ( #984, #1396, #1842, #2412 ) ) ;
#3914 = FACE_BOUND ( 'NONE', #248, .T. ) ;
#3915 = VECTOR ( 'NONE', #151, 1000.000000000000000 ) ;
#3916 = ORIENTED_EDGE ( 'NONE', *, *, #499, .T. ) ;
#3917 = CIRCLE ( 'NONE', #1716, 1.000000000000000888 ) ;
#3918 = VECTOR ( 'NONE', #46, 1000.000000000000000 ) ;
#3919 = CARTESIAN_POINT ( 'NONE',  ( 37.42847732750293233, -19.65303777888381731, 998.7617465664258134 ) ) ;
#3920 = EDGE_LOOP ( 'NONE', ( #2179, #2571, #865, #2232 ) ) ;
#3921 = APPROVAL_DATE_TIME ( #1099, #3775 ) ;
#3922 = AXIS2_PLACEMENT_3D ( 'NONE', #3519, #35, #2092 ) ;
#3923 = ORIENTED_EDGE ( 'NONE', *, *, #795, .T. ) ;
#3924 = AXIS2_PLACEMENT_3D ( 'NONE', #3829, #730, #3554 ) ;
#3925 = DIRECTION ( 'NONE',  ( 1.000000000000000000, 0.000000000000000000, 0.000000000000000000 ) ) ;
#3926 = AXIS2_PLACEMENT_3D ( 'NONE', #3702, #238, #3150 ) ;
#3927 = LINE ( 'NONE', #1102, #3333 ) ;
#3928 = CARTESIAN_POINT ( 'NONE',  ( -40.62032776698665515, -8.909369376549067354, 996.7617465664258134 ) ) ;
#3929 = EDGE_LOOP ( 'NONE', ( #1279, #1302, #1487, #1563, #4502, #673, #2465, #1531 ) ) ;
#3930 = ADVANCED_FACE ( 'NONE', ( #2504 ), #1023, .T. ) ;
#3931 = ADVANCED_FACE ( 'NONE', ( #374 ), #59, .F. ) ;
#3932 = DIRECTION ( 'NONE',  ( 0.000000000000000000, -0.000000000000000000, -1.000000000000000000 ) ) ;
#3933 = DIRECTION ( 'NONE',  ( -4.015606732390484938E-17, -1.000000000000000000, 0.000000000000000000 ) ) ;
#3934 = EDGE_LOOP ( 'NONE', ( #4186, #3082, #2338, #3779 ) ) ;
#3935 = EDGE_CURVE ( 'NONE', #2509, #1226, #1804, .T. ) ;
#3936 = CARTESIAN_POINT ( 'NONE',  ( 35.92847732750292522, -18.65303777888382086, 996.7617465664258134 ) ) ;
#3937 = CARTESIAN_POINT ( 'NONE',  ( 35.64590896369588791, -10.90936937654907801, 996.7617465664258134 ) ) ;
#3938 = ORIENTED_EDGE ( 'NONE', *, *, #1203, .T. ) ;
#3939 = CARTESIAN_POINT ( 'NONE',  ( -40.62032776698665515, 8.577967428120441440, 994.7617465664258134 ) ) ;
#3940 = VERTEX_POINT ( 'NONE', #2116 ) ;
#3941 = ADVANCED_FACE ( 'NONE', ( #3140, #12, #1114, #3914, #771, #2167, #3570 ), #424, .T. ) ;
#3942 = CYLINDRICAL_SURFACE ( 'NONE', #616, 4.500000000000003553 ) ;
#3943 = ORIENTED_EDGE ( 'NONE', *, *, #4385, .T. ) ;
#3944 = COORDINATED_UNIVERSAL_TIME_OFFSET ( 8, 0, .AHEAD. ) ;
#3945 = ORIENTED_EDGE ( 'NONE', *, *, #3060, .T. ) ;
#3946 = DIRECTION ( 'NONE',  ( -0.000000000000000000, -0.000000000000000000, 1.000000000000000000 ) ) ;
#3947 = DIRECTION ( 'NONE',  ( -0.000000000000000000, 0.000000000000000000, 1.000000000000000000 ) ) ;
#3948 = FACE_OUTER_BOUND ( 'NONE', #4093, .T. ) ;
#3949 = ORIENTED_EDGE ( 'NONE', *, *, #1800, .T. ) ;
#3950 = LINE ( 'NONE', #3218, #3314 ) ;
#3951 = PLANE ( 'NONE',  #1790 ) ;
#3952 = VERTEX_POINT ( 'NONE', #2946 ) ;
#3953 = ADVANCED_FACE ( 'NONE', ( #4002 ), #1160, .F. ) ;
#3954 = ADVANCED_FACE ( 'NONE', ( #1140 ), #4022, .F. ) ;
#3955 = CARTESIAN_POINT ( 'NONE',  ( 32.42847732750293233, 22.32163583045518962, 998.7617465664258134 ) ) ;
#3956 = CYLINDRICAL_SURFACE ( 'NONE', #618, 4.500000000000003553 ) ;
#3957 = VERTEX_POINT ( 'NONE', #129 ) ;
#3958 = DIRECTION ( 'NONE',  ( -1.000000000000000000, 0.000000000000000000, 0.000000000000000000 ) ) ;
#3959 = EDGE_CURVE ( 'NONE', #694, #899, #3547, .T. ) ;
#3960 = ORIENTED_EDGE ( 'NONE', *, *, #955, .F. ) ;
#3961 = CARTESIAN_POINT ( 'NONE',  ( -2.248856400913074260, -13.12088745453381122, 998.2617465664258134 ) ) ;
#3962 = VERTEX_POINT ( 'NONE', #1180 ) ;
#3963 = DIRECTION ( 'NONE',  ( -0.000000000000000000, -0.000000000000000000, -1.000000000000000000 ) ) ;
#3964 = ADVANCED_FACE ( 'NONE', ( #3296 ), #4349, .F. ) ;
#3965 = ORIENTED_EDGE ( 'NONE', *, *, #2513, .T. ) ;
#3966 = CARTESIAN_POINT ( 'NONE',  ( -16.59988510297007025, -12.62088745453381122, 998.2617465664258134 ) ) ;
#3967 = CYLINDRICAL_SURFACE ( 'NONE', #1411, 1.250000000000002887 ) ;
#3968 = CARTESIAN_POINT ( 'NONE',  ( 29.57421773772599849, -18.16472688226932064, 994.7617465664258134 ) ) ;
#3969 = ORIENTED_EDGE ( 'NONE', *, *, #4157, .F. ) ;
#3970 = AXIS2_PLACEMENT_3D ( 'NONE', #987, #3056, #1390 ) ;
#3971 = LINE ( 'NONE', #3007, #840 ) ;
#3972 = DIRECTION ( 'NONE',  ( 0.000000000000000000, 0.000000000000000000, 1.000000000000000000 ) ) ;
#3973 = AXIS2_PLACEMENT_3D ( 'NONE', #4343, #3673, #2589 ) ;
#3974 = AXIS2_PLACEMENT_3D ( 'NONE', #2579, #1282, #2934 ) ;
#3975 = DIRECTION ( 'NONE',  ( 1.000000000000000000, 0.000000000000000000, 0.000000000000000000 ) ) ;
#3976 = AXIS2_PLACEMENT_3D ( 'NONE', #3723, #2423, #2087 ) ;
#3977 = ORIENTED_EDGE ( 'NONE', *, *, #4248, .F. ) ;
#3978 = CARTESIAN_POINT ( 'NONE',  ( -0.7488564009130722621, -19.52082945453180685, 998.7617465664258134 ) ) ;
#3979 = ORIENTED_EDGE ( 'NONE', *, *, #292, .F. ) ;
#3980 = LINE ( 'NONE', #1907, #3212 ) ;
#3981 = CIRCLE ( 'NONE', #2575, 1.250000000000002887 ) ;
#3982 = ADVANCED_FACE ( 'NONE', ( #2227 ), #4309, .F. ) ;
#3983 = EDGE_CURVE ( 'NONE', #1542, #2168, #1199, .T. ) ;
#3984 = CIRCLE ( 'NONE', #390, 1.500000000000003775 ) ;
#3985 = LINE ( 'NONE', #173, #178 ) ;
#3986 = ORIENTED_EDGE ( 'NONE', *, *, #3896, .F. ) ;
#3987 = CARTESIAN_POINT ( 'NONE',  ( -40.62032776698665515, 8.577967428120441440, 996.7617465664258134 ) ) ;
#3988 = EDGE_LOOP ( 'NONE', ( #4547, #3674, #2717, #4308 ) ) ;
#3989 = CARTESIAN_POINT ( 'NONE',  ( -15.09988510297007203, -19.52082945453180685, 998.2617465664258134 ) ) ;
#3990 = CARTESIAN_POINT ( 'NONE',  ( 37.42847732750293233, 17.32163583045519317, 998.7617465664258134 ) ) ;
#3991 = DIRECTION ( 'NONE',  ( 1.000000000000000000, 0.000000000000000000, 0.000000000000000000 ) ) ;
#3992 = AXIS2_PLACEMENT_3D ( 'NONE', #1030, #2035, #2398 ) ;
#3993 = CARTESIAN_POINT ( 'NONE',  ( -34.41089783250500034, -14.23259327800182739, 998.2617465664258134 ) ) ;
#3994 = ORIENTED_EDGE ( 'NONE', *, *, #1765, .T. ) ;
#3995 = CIRCLE ( 'NONE', #2377, 1.500000000000000888 ) ;
#3996 = LINE ( 'NONE', #4370, #1698 ) ;
#3997 = CARTESIAN_POINT ( 'NONE',  ( -15.59988510297007025, -19.52082945453180685, 994.7617465664258134 ) ) ;
#3998 = DIRECTION ( 'NONE',  ( -1.000000000000000000, 0.000000000000000000, -0.000000000000000000 ) ) ;
#3999 = ORIENTED_EDGE ( 'NONE', *, *, #111, .T. ) ;
#4000 = CARTESIAN_POINT ( 'NONE',  ( -12.00875480091207592, -14.12088745453381122, 994.7617465664258134 ) ) ;
#4001 = ORIENTED_EDGE ( 'NONE', *, *, #2855, .T. ) ;
#4002 = FACE_OUTER_BOUND ( 'NONE', #4444, .T. ) ;
#4003 = FACE_OUTER_BOUND ( 'NONE', #811, .T. ) ;
#4004 = DIRECTION ( 'NONE',  ( -0.000000000000000000, -0.000000000000000000, 1.000000000000000000 ) ) ;
#4005 = VERTEX_POINT ( 'NONE', #793 ) ;
#4006 = CARTESIAN_POINT ( 'NONE',  ( -20.87579369198158474, -22.15303777888381731, 996.7617465664258134 ) ) ;
#4007 = ADVANCED_FACE ( 'NONE', ( #3590 ), #2569, .T. ) ;
#4008 = ORIENTED_EDGE ( 'NONE', *, *, #1230, .F. ) ;
#4009 = EDGE_CURVE ( 'NONE', #927, #2635, #3980, .T. ) ;
#4010 = DIRECTION ( 'NONE',  ( -0.000000000000000000, -0.000000000000000000, -1.000000000000000000 ) ) ;
#4011 = LINE ( 'NONE', #822, #2296 ) ;
#4012 = DIRECTION ( 'NONE',  ( 0.000000000000000000, 1.000000000000000000, 0.000000000000000000 ) ) ;
#4013 = LINE ( 'NONE', #3378, #1610 ) ;
#4014 = EDGE_LOOP ( 'NONE', ( #2186, #437, #3505, #3802, #3736, #1247, #1757, #3227 ) ) ;
#4015 = DIRECTION ( 'NONE',  ( 0.000000000000000000, 1.000000000000000000, 0.000000000000000000 ) ) ;
#4016 = DIRECTION ( 'NONE',  ( 0.000000000000000000, 0.000000000000000000, -1.000000000000000000 ) ) ;
#4017 = ADVANCED_FACE ( 'NONE', ( #859 ), #2617, .T. ) ;
#4018 = CARTESIAN_POINT ( 'NONE',  ( 16.94730311120392585, -13.12088745453381300, 994.7617465664258134 ) ) ;
#4019 = ORIENTED_EDGE ( 'NONE', *, *, #1119, .T. ) ;
#4020 = LINE ( 'NONE', #3978, #3697 ) ;
#4021 = ORIENTED_EDGE ( 'NONE', *, *, #2494, .T. ) ;
#4022 = PLANE ( 'NONE',  #32 ) ;
#4023 = PRODUCT_DEFINITION ( '�', '', #4400, #444 ) ;
#4024 = ORGANIZATION ( '未', '未', '' ) ;
#4025 = CARTESIAN_POINT ( 'NONE',  ( -36.07593716428681319, -7.232593278003827564, 998.2617465664258134 ) ) ;
#4026 = DIRECTION ( 'NONE',  ( 1.000000000000000000, 0.000000000000000000, 0.000000000000000000 ) ) ;
#4027 = ORIENTED_EDGE ( 'NONE', *, *, #55, .T. ) ;
#4028 = CARTESIAN_POINT ( 'NONE',  ( -26.35978350296906925, -20.52082945453181395, 994.7617465664258134 ) ) ;
#4029 = EDGE_LOOP ( 'NONE', ( #2451, #11, #1768, #2839 ) ) ;
#4030 = CARTESIAN_POINT ( 'NONE',  ( 2.342273901145924153, -13.12088745453381122, 998.2617465664258134 ) ) ;
#4031 = EDGE_CURVE ( 'NONE', #4260, #3188, #881, .T. ) ;
#4032 = DIRECTION ( 'NONE',  ( 4.015606732390484938E-17, -1.000000000000000000, 0.000000000000000000 ) ) ;
#4033 = CARTESIAN_POINT ( 'NONE',  ( -36.57593716428681319, -7.232593278003832005, 998.2617465664258134 ) ) ;
#4034 = CARTESIAN_POINT ( 'NONE',  ( 32.42847732750293233, -19.65303777888381731, 998.7617465664258134 ) ) ;
#4035 = ORIENTED_EDGE ( 'NONE', *, *, #3253, .F. ) ;
#4036 = CARTESIAN_POINT ( 'NONE',  ( -34.41089783250500034, -7.232593278003827564, 998.2617465664258134 ) ) ;
#4037 = EDGE_CURVE ( 'NONE', #4052, #3443, #54, .T. ) ;
#4038 = EDGE_CURVE ( 'NONE', #4207, #1165, #2612, .T. ) ;
#4039 = DIRECTION ( 'NONE',  ( -0.000000000000000000, -0.000000000000000000, -1.000000000000000000 ) ) ;
#4040 = CIRCLE ( 'NONE', #1694, 1.250000000000002887 ) ;
#4041 = EDGE_LOOP ( 'NONE', ( #4480, #3986, #1906, #417 ) ) ;
#4042 = DIRECTION ( 'NONE',  ( -0.000000000000000000, -0.000000000000000000, -1.000000000000000000 ) ) ;
#4043 = EDGE_CURVE ( 'NONE', #3178, #4405, #1888, .T. ) ;
#4044 = ORIENTED_EDGE ( 'NONE', *, *, #1119, .F. ) ;
#4045 = DIRECTION ( 'NONE',  ( -1.000000000000000000, 0.000000000000000000, 0.000000000000000000 ) ) ;
#4046 = ORIENTED_EDGE ( 'NONE', *, *, #4362, .F. ) ;
#4047 = CARTESIAN_POINT ( 'NONE',  ( 26.70720151120292840, -14.12088745453381122, 994.7617465664258134 ) ) ;
#4048 = CIRCLE ( 'NONE', #2140, 0.5743212343493758754 ) ;
#4049 = AXIS2_PLACEMENT_3D ( 'NONE', #1218, #898, #506 ) ;
#4050 = PLANE ( 'NONE',  #2058 ) ;
#4051 = DIRECTION ( 'NONE',  ( 1.000000000000000000, 0.000000000000000000, 0.000000000000000000 ) ) ;
#4052 = VERTEX_POINT ( 'NONE', #3657 ) ;
#4053 = CARTESIAN_POINT ( 'NONE',  ( 12.10217230114492715, -20.52082945453181040, 994.7617465664258134 ) ) ;
#4054 = AXIS2_PLACEMENT_3D ( 'NONE', #4270, #2515, #2104 ) ;
#4055 = ORIENTED_EDGE ( 'NONE', *, *, #1329, .F. ) ;
#4056 = VECTOR ( 'NONE', #2699, 1000.000000000000000 ) ;
#4057 = ORIENTED_EDGE ( 'NONE', *, *, #3599, .F. ) ;
#4058 = LINE ( 'NONE', #1212, #2727 ) ;
#4059 = FACE_OUTER_BOUND ( 'NONE', #1361, .T. ) ;
#4060 = CARTESIAN_POINT ( 'NONE',  ( 15.94730311120392408, -19.52082945453180685, 994.7617465664258134 ) ) ;
#4061 = VECTOR ( 'NONE', #708, 1000.000000000000000 ) ;
#4062 = AXIS2_PLACEMENT_3D ( 'NONE', #3410, #646, #2404 ) ;
#4063 = VECTOR ( 'NONE', #2302, 1000.000000000000000 ) ;
#4064 = VERTEX_POINT ( 'NONE', #511 ) ;
#4065 = DIRECTION ( 'NONE',  ( -0.000000000000000000, -0.000000000000000000, 1.000000000000000000 ) ) ;
#4066 = CIRCLE ( 'NONE', #2963, 1.500000000000001332 ) ;
#4067 = AXIS2_PLACEMENT_3D ( 'NONE', #4090, #3404, #1355 ) ;
#4068 = DIRECTION ( 'NONE',  ( 1.000000000000000000, 0.000000000000000000, 0.000000000000000000 ) ) ;
#4069 = ORIENTED_EDGE ( 'NONE', *, *, #2318, .F. ) ;
#4070 = AXIS2_PLACEMENT_3D ( 'NONE', #1433, #1112, #740 ) ;
#4071 = ADVANCED_FACE ( 'NONE', ( #3317 ), #2530, .F. ) ;
#4072 = EDGE_CURVE ( 'NONE', #495, #3362, #3285, .T. ) ;
#4073 = CARTESIAN_POINT ( 'NONE',  ( 13.10217230114492359, -19.52082945453181040, 994.7617465664258134 ) ) ;
#4074 = EDGE_LOOP ( 'NONE', ( #4044, #1809, #2210, #128 ) ) ;
#4075 = DIRECTION ( 'NONE',  ( -0.000000000000000000, -0.000000000000000000, 1.000000000000000000 ) ) ;
#4076 = ORIENTED_EDGE ( 'NONE', *, *, #644, .T. ) ;
#4077 = LINE ( 'NONE', #4453, #1307 ) ;
#4078 = EDGE_CURVE ( 'NONE', #3577, #344, #1244, .T. ) ;
#4079 = DIRECTION ( 'NONE',  ( 0.000000000000000000, -1.000000000000000000, 0.000000000000000000 ) ) ;
#4080 = DIRECTION ( 'NONE',  ( 0.000000000000000000, 0.000000000000000000, 1.000000000000000000 ) ) ;
#4081 = ORIENTED_EDGE ( 'NONE', *, *, #2856, .T. ) ;
#4082 = DIRECTION ( 'NONE',  ( -1.000000000000000000, 0.000000000000000000, 0.000000000000000000 ) ) ;
#4083 = ORIENTED_EDGE ( 'NONE', *, *, #3572, .T. ) ;
#4084 = ADVANCED_FACE ( 'NONE', ( #1975 ), #2639, .F. ) ;
#4085 = ORIENTED_EDGE ( 'NONE', *, *, #1094, .T. ) ;
#4086 = DIRECTION ( 'NONE',  ( -0.000000000000000000, -0.000000000000000000, 1.000000000000000000 ) ) ;
#4087 = DIRECTION ( 'NONE',  ( -0.000000000000000000, -0.000000000000000000, 1.000000000000000000 ) ) ;
#4088 = CARTESIAN_POINT ( 'NONE',  ( 2.342273901145924153, -14.12088745453381122, 998.2617465664258134 ) ) ;
#4089 = ORIENTED_EDGE ( 'NONE', *, *, #4422, .F. ) ;
#4090 = CARTESIAN_POINT ( 'NONE',  ( 16.94730311120392940, -19.52082945453180685, 998.2617465664258134 ) ) ;
#4091 = VECTOR ( 'NONE', #1932, 1000.000000000000000 ) ;
#4092 = DIRECTION ( 'NONE',  ( 4.015606732390484938E-17, -1.000000000000000000, 0.000000000000000000 ) ) ;
#4093 = EDGE_LOOP ( 'NONE', ( #2652, #743, #3139, #2229 ) ) ;
#4094 = CIRCLE ( 'NONE', #719, 1.500000000000001332 ) ;
#4095 = CARTESIAN_POINT ( 'NONE',  ( -32.74585850072318038, -7.232593278003827564, 998.2617465664258134 ) ) ;
#4096 = EDGE_LOOP ( 'NONE', ( #1004, #73, #1161, #3938 ) ) ;
#4097 = EDGE_CURVE ( 'NONE', #4403, #2372, #240, .T. ) ;
#4098 = CARTESIAN_POINT ( 'NONE',  ( -27.85978350296907280, -19.52082945453181040, 998.2617465664258134 ) ) ;
#4099 = EDGE_CURVE ( 'NONE', #2996, #3957, #3795, .T. ) ;
#4100 = ORIENTED_EDGE ( 'NONE', *, *, #1562, .T. ) ;
#4101 = DIRECTION ( 'NONE',  ( -1.000000000000000000, 2.089849051658415380E-16, 0.000000000000000000 ) ) ;
#4102 = DIRECTION ( 'NONE',  ( 0.000000000000000000, -0.000000000000000000, 1.000000000000000000 ) ) ;
#4103 = PLANE ( 'NONE',  #2516 ) ;
#4104 = ORIENTED_EDGE ( 'NONE', *, *, #3679, .F. ) ;
#4105 = LINE ( 'NONE', #2326, #1866 ) ;
#4106 = ORIENTED_EDGE ( 'NONE', *, *, #1175, .T. ) ;
#4107 = EDGE_LOOP ( 'NONE', ( #4526, #4390, #4319, #1492 ) ) ;
#4108 = CARTESIAN_POINT ( 'NONE',  ( -12.00875480091207592, -14.12088745453381122, 998.7617465664258134 ) ) ;
#4109 = EDGE_CURVE ( 'NONE', #2393, #169, #1083, .T. ) ;
#4110 = CARTESIAN_POINT ( 'NONE',  ( -41.47721736514306201, -18.65303777888382086, 994.7617465664258134 ) ) ;
#4111 = FACE_BOUND ( 'NONE', #3648, .T. ) ;
#4112 = CARTESIAN_POINT ( 'NONE',  ( -16.59988510297007025, -13.12088745453380945, 994.7617465664258134 ) ) ;
#4113 = CARTESIAN_POINT ( 'NONE',  ( 12.10217230114492715, -12.62088745453381122, 998.2617465664258134 ) ) ;
#4114 = EDGE_CURVE ( 'NONE', #4064, #1677, #861, .T. ) ;
#4115 = EDGE_LOOP ( 'NONE', ( #1632, #4333, #1605, #1022 ) ) ;
#4116 = AXIS2_PLACEMENT_3D ( 'NONE', #4088, #2279, #2607 ) ;
#4117 = DIRECTION ( 'NONE',  ( 0.000000000000000000, 0.000000000000000000, 1.000000000000000000 ) ) ;
#4118 = ORIENTED_EDGE ( 'NONE', *, *, #4508, .F. ) ;
#4119 = EDGE_LOOP ( 'NONE', ( #1984, #3350, #542, #2678, #1422, #4535, #2969, #4152 ) ) ;
#4120 = CARTESIAN_POINT ( 'NONE',  ( -24.48979620296907456, -20.52082945453181040, 998.2617465664258134 ) ) ;
#4121 = CIRCLE ( 'NONE', #2805, 0.9999999999999991118 ) ;
#4122 = CARTESIAN_POINT ( 'NONE',  ( 31.42847732750293233, 20.82163583045519673, 996.7617465664258134 ) ) ;
#4123 = DIRECTION ( 'NONE',  ( 1.000000000000000000, 0.000000000000000000, 0.000000000000000000 ) ) ;
#4124 = VERTEX_POINT ( 'NONE', #4490 ) ;
#4125 = CARTESIAN_POINT ( 'NONE',  ( -36.97721736514306201, -23.15303777888382086, 994.7617465664258134 ) ) ;
#4126 = ORIENTED_EDGE ( 'NONE', *, *, #1451, .T. ) ;
#4127 = ADVANCED_FACE ( 'NONE', ( #3705 ), #1338, .F. ) ;
#4128 = ADVANCED_FACE ( 'NONE', ( #2341 ), #3042, .F. ) ;
#4129 = ORIENTED_EDGE ( 'NONE', *, *, #2436, .T. ) ;
#4130 = VECTOR ( 'NONE', #1031, 1000.000000000000000 ) ;
#4131 = PLANE ( 'NONE',  #2070 ) ;
#4132 = LINE ( 'NONE', #3044, #4200 ) ;
#4133 = LINE ( 'NONE', #1373, #3892 ) ;
#4134 = CIRCLE ( 'NONE', #1127, 4.999999999999997335 ) ;
#4135 = EDGE_CURVE ( 'NONE', #778, #891, #3388, .T. ) ;
#4136 = CARTESIAN_POINT ( 'NONE',  ( -16.59988510297007025, -13.12088745453381122, 998.2617465664258134 ) ) ;
#4137 = FACE_OUTER_BOUND ( 'NONE', #3758, .T. ) ;
#4138 = CIRCLE ( 'NONE', #2147, 1.000000000000000888 ) ;
#4139 = ORIENTED_EDGE ( 'NONE', *, *, #2781, .F. ) ;
#4140 = AXIS2_PLACEMENT_3D ( 'NONE', #363, #1148, #2448 ) ;
#4141 = DIRECTION ( 'NONE',  ( 0.000000000000000000, 0.000000000000000000, 1.000000000000000000 ) ) ;
#4142 = VERTEX_POINT ( 'NONE', #2993 ) ;
#4143 = VERTEX_POINT ( 'NONE', #3748 ) ;
#4144 = CARTESIAN_POINT ( 'NONE',  ( -0.7488564009130735943, -14.12088745453381122, 998.7617465664258134 ) ) ;
#4145 = VECTOR ( 'NONE', #1197, 1000.000000000000000 ) ;
#4146 = CIRCLE ( 'NONE', #3924, 1.500000000000001332 ) ;
#4147 = DIRECTION ( 'NONE',  ( 0.000000000000000000, 0.000000000000000000, 1.000000000000000000 ) ) ;
#4148 = VECTOR ( 'NONE', #2688, 1000.000000000000000 ) ;
#4149 = CARTESIAN_POINT ( 'NONE',  ( 26.70720151120292840, -12.62088745453381122, 998.2617465664258134 ) ) ;
#4150 = EDGE_LOOP ( 'NONE', ( #2384, #832, #1093, #960, #2858, #2811, #1033, #1635 ) ) ;
#4151 = DIRECTION ( 'NONE',  ( 0.000000000000000000, 0.000000000000000000, -1.000000000000000000 ) ) ;
#4152 = ORIENTED_EDGE ( 'NONE', *, *, #4306, .T. ) ;
#4153 = ORIENTED_EDGE ( 'NONE', *, *, #79, .F. ) ;
#4154 = DIRECTION ( 'NONE',  ( 1.000000000000000000, 0.000000000000000000, 0.000000000000000000 ) ) ;
#4155 = DIRECTION ( 'NONE',  ( -0.000000000000000000, -0.000000000000000000, 1.000000000000000000 ) ) ;
#4156 = EDGE_CURVE ( 'NONE', #1209, #2328, #1270, .T. ) ;
#4157 = EDGE_CURVE ( 'NONE', #4304, #3859, #1953, .T. ) ;
#4158 = FACE_OUTER_BOUND ( 'NONE', #2146, .T. ) ;
#4159 = DIRECTION ( 'NONE',  ( -0.000000000000000000, -0.000000000000000000, -1.000000000000000000 ) ) ;
#4160 = CARTESIAN_POINT ( 'NONE',  ( -19.37579369198158119, -23.15303777888382086, 996.7617465664258134 ) ) ;
#4161 = EDGE_CURVE ( 'NONE', #1512, #4541, #4077, .T. ) ;
#4162 = ORIENTED_EDGE ( 'NONE', *, *, #1290, .T. ) ;
#4163 = CARTESIAN_POINT ( 'NONE',  ( -36.97721736514306201, -18.65303777888382086, 994.7617465664258134 ) ) ;
#4164 = VERTEX_POINT ( 'NONE', #4144 ) ;
#4165 = ADVANCED_FACE ( 'NONE', ( #932 ), #3414, .F. ) ;
#4166 = ORIENTED_EDGE ( 'NONE', *, *, #3908, .F. ) ;
#4167 = DIRECTION ( 'NONE',  ( -1.000000000000000000, 0.000000000000000000, 0.000000000000000000 ) ) ;
#4168 = LINE ( 'NONE', #1000, #1637 ) ;
#4169 = CARTESIAN_POINT ( 'NONE',  ( 31.42847732750292522, 16.32163583045519673, 996.7617465664258134 ) ) ;
#4170 = ORIENTED_EDGE ( 'NONE', *, *, #3432, .T. ) ;
#4171 = DIRECTION ( 'NONE',  ( 1.000000000000000000, 0.000000000000000000, 0.000000000000000000 ) ) ;
#4172 = VERTEX_POINT ( 'NONE', #2709 ) ;
#4173 = EDGE_LOOP ( 'NONE', ( #1582, #2880, #4429, #1777 ) ) ;
#4174 = DIRECTION ( 'NONE',  ( 1.000000000000000000, 0.000000000000000000, 0.000000000000000000 ) ) ;
#4175 = CARTESIAN_POINT ( 'NONE',  ( 13.82705365434141598, -23.15303777888382086, 994.7617465664258134 ) ) ;
#4176 = ORIENTED_EDGE ( 'NONE', *, *, #3438, .F. ) ;
#4177 = EDGE_CURVE ( 'NONE', #4222, #495, #2732, .T. ) ;
#4178 = DIRECTION ( 'NONE',  ( -0.000000000000000000, -0.000000000000000000, 1.000000000000000000 ) ) ;
#4179 = CARTESIAN_POINT ( 'NONE',  ( -2.248856400913074260, -12.62088745453381122, 998.2617465664258134 ) ) ;
#4180 = DIRECTION ( 'NONE',  ( 1.000000000000000000, 0.000000000000000000, 0.000000000000000000 ) ) ;
#4181 = ORIENTED_EDGE ( 'NONE', *, *, #1742, .F. ) ;
#4182 = EDGE_CURVE ( 'NONE', #4224, #3190, #3504, .T. ) ;
#4183 = ADVANCED_FACE ( 'NONE', ( #2025 ), #3436, .T. ) ;
#4184 = DIRECTION ( 'NONE',  ( 0.000000000000000000, 1.000000000000000000, 0.000000000000000000 ) ) ;
#4185 = CARTESIAN_POINT ( 'NONE',  ( 15.44730311120392408, -19.52082945453180685, 998.7617465664258134 ) ) ;
#4186 = ORIENTED_EDGE ( 'NONE', *, *, #2828, .T. ) ;
#4187 = DIRECTION ( 'NONE',  ( 1.000000000000000000, 0.000000000000000000, 0.000000000000000000 ) ) ;
#4188 = EDGE_CURVE ( 'NONE', #2328, #1369, #4094, .T. ) ;
#4189 = DIRECTION ( 'NONE',  ( 1.000000000000000000, 0.000000000000000000, 0.000000000000000000 ) ) ;
#4190 = PLANE ( 'NONE',  #3260 ) ;
#4191 = VERTEX_POINT ( 'NONE', #3110 ) ;
#4192 = CARTESIAN_POINT ( 'NONE',  ( 33.13833229796444613, -18.16472688226932064, 998.7617465664258134 ) ) ;
#4193 = ORIENTED_EDGE ( 'NONE', *, *, #2376, .F. ) ;
#4194 = CIRCLE ( 'NONE', #2869, 4.500000000000003553 ) ;
#4195 = ORIENTED_EDGE ( 'NONE', *, *, #754, .F. ) ;
#4196 = DIRECTION ( 'NONE',  ( 1.000000000000000000, 0.000000000000000000, 0.000000000000000000 ) ) ;
#4197 = CIRCLE ( 'NONE', #3099, 1.000000000000002665 ) ;
#4198 = DIRECTION ( 'NONE',  ( -0.000000000000000000, -0.000000000000000000, 1.000000000000000000 ) ) ;
#4199 = VERTEX_POINT ( 'NONE', #2160 ) ;
#4200 = VECTOR ( 'NONE', #3297, 1000.000000000000000 ) ;
#4201 = VECTOR ( 'NONE', #3633, 1000.000000000000000 ) ;
#4202 = CARTESIAN_POINT ( 'NONE',  ( -42.97721736514308333, 17.32163583045519317, 998.7617465664258134 ) ) ;
#4203 = FACE_OUTER_BOUND ( 'NONE', #219, .T. ) ;
#4204 = FACE_OUTER_BOUND ( 'NONE', #3348, .T. ) ;
#4205 = CIRCLE ( 'NONE', #2658, 1.000000000000000444 ) ;
#4206 = VECTOR ( 'NONE', #1831, 1000.000000000000000 ) ;
#4207 = VERTEX_POINT ( 'NONE', #2428 ) ;
#4208 = DIRECTION ( 'NONE',  ( 1.000000000000000000, 0.000000000000000000, 0.000000000000000000 ) ) ;
#4209 = VECTOR ( 'NONE', #518, 1000.000000000000000 ) ;
#4210 = EDGE_LOOP ( 'NONE', ( #3387, #3489, #1536, #598, #1409, #2357, #2184, #2659 ) ) ;
#4211 = ORIENTED_EDGE ( 'NONE', *, *, #2459, .F. ) ;
#4212 = CARTESIAN_POINT ( 'NONE',  ( -16.59988510297007025, -20.52082945453180685, 998.2617465664258134 ) ) ;
#4213 = EDGE_CURVE ( 'NONE', #3571, #2285, #1730, .T. ) ;
#4214 = EDGE_CURVE ( 'NONE', #268, #1921, #3136, .T. ) ;
#4215 = CIRCLE ( 'NONE', #2739, 1.000000000000000888 ) ;
#4216 = CARTESIAN_POINT ( 'NONE',  ( -41.19464900133603180, 8.577967428120441440, 994.7617465664258134 ) ) ;
#4217 = VECTOR ( 'NONE', #1802, 1000.000000000000000 ) ;
#4218 = FACE_OUTER_BOUND ( 'NONE', #2529, .T. ) ;
#4219 = VECTOR ( 'NONE', #4249, 1000.000000000000000 ) ;
#4220 = EDGE_LOOP ( 'NONE', ( #1713, #3240, #3601, #1724 ) ) ;
#4221 = FACE_OUTER_BOUND ( 'NONE', #1141, .T. ) ;
#4222 = VERTEX_POINT ( 'NONE', #4212 ) ;
#4223 = VECTOR ( 'NONE', #1754, 1000.000000000000000 ) ;
#4224 = VERTEX_POINT ( 'NONE', #4539 ) ;
#4225 = DIRECTION ( 'NONE',  ( 1.000000000000000000, 0.000000000000000000, 0.000000000000000000 ) ) ;
#4226 = CALENDAR_DATE ( 2026, 27, 6 ) ;
#4227 = EDGE_CURVE ( 'NONE', #1782, #3458, #3838, .T. ) ;
#4228 = ORIENTED_EDGE ( 'NONE', *, *, #981, .F. ) ;
#4229 = CARTESIAN_POINT ( 'NONE',  ( -27.85978350296907280, -14.12088745453381122, 998.2617465664258134 ) ) ;
#4230 = CARTESIAN_POINT ( 'NONE',  ( -27.35978350296907280, -14.12088745453381122, 994.7617465664258134 ) ) ;
#4231 = DIRECTION ( 'NONE',  ( -0.000000000000000000, -0.000000000000000000, 1.000000000000000000 ) ) ;
#4232 = VERTEX_POINT ( 'NONE', #3517 ) ;
#4233 = CARTESIAN_POINT ( 'NONE',  ( -18.87579369198156698, 19.82163583045519317, 996.7617465664258134 ) ) ;
#4234 = DIRECTION ( 'NONE',  ( 1.000000000000000000, 0.000000000000000000, 0.000000000000000000 ) ) ;
#4235 = ORIENTED_EDGE ( 'NONE', *, *, #3038, .F. ) ;
#4236 = CARTESIAN_POINT ( 'NONE',  ( -16.59988510297007025, -20.52082945453180685, 994.7617465664258134 ) ) ;
#4237 = DIRECTION ( 'NONE',  ( 0.000000000000000000, 0.000000000000000000, 1.000000000000000000 ) ) ;
#4238 = ADVANCED_FACE ( 'NONE', ( #3179 ), #2457, .F. ) ;
#4239 = LINE ( 'NONE', #422, #3114 ) ;
#4240 = VERTEX_POINT ( 'NONE', #1363 ) ;
#4241 = CARTESIAN_POINT ( 'NONE',  ( -42.97721736514308333, 17.32163583045519317, 996.7617465664258134 ) ) ;
#4242 = VERTEX_POINT ( 'NONE', #3910 ) ;
#4243 = VERTEX_POINT ( 'NONE', #2826 ) ;
#4244 = CARTESIAN_POINT ( 'NONE',  ( 32.63833229796444613, -9.904726882270324495, 998.2617465664258134 ) ) ;
#4245 = ORIENTED_EDGE ( 'NONE', *, *, #2939, .T. ) ;
#4246 = MECHANICAL_CONTEXT ( 'NONE', #697, 'mechanical' ) ;
#4247 = ORIENTED_EDGE ( 'NONE', *, *, #2830, .T. ) ;
#4248 = EDGE_CURVE ( 'NONE', #1096, #2872, #4467, .T. ) ;
#4249 = DIRECTION ( 'NONE',  ( -0.000000000000000000, -0.000000000000000000, 1.000000000000000000 ) ) ;
#4250 = DIRECTION ( 'NONE',  ( 1.000000000000000000, 0.000000000000000000, 0.000000000000000000 ) ) ;
#4251 = LINE ( 'NONE', #1103, #1121 ) ;
#4252 = AXIS2_PLACEMENT_3D ( 'NONE', #1988, #3488, #314 ) ;
#4253 = ORIENTED_EDGE ( 'NONE', *, *, #2287, .T. ) ;
#4254 = DIRECTION ( 'NONE',  ( -0.000000000000000000, -0.000000000000000000, 1.000000000000000000 ) ) ;
#4255 = DIRECTION ( 'NONE',  ( 0.000000000000000000, 1.000000000000000000, 0.000000000000000000 ) ) ;
#4256 = EDGE_LOOP ( 'NONE', ( #2633, #2550, #1780, #2348 ) ) ;
#4257 = DIRECTION ( 'NONE',  ( 0.000000000000000000, 0.000000000000000000, 1.000000000000000000 ) ) ;
#4258 = CARTESIAN_POINT ( 'NONE',  ( -32.24585850072318038, -14.23259327800182739, 998.2617465664258134 ) ) ;
#4259 = DIRECTION ( 'NONE',  ( 0.000000000000000000, 1.000000000000000000, 0.000000000000000000 ) ) ;
#4260 = VERTEX_POINT ( 'NONE', #2112 ) ;
#4261 = DIRECTION ( 'NONE',  ( 0.000000000000000000, 1.000000000000000000, 0.000000000000000000 ) ) ;
#4262 = VERTEX_POINT ( 'NONE', #4236 ) ;
#4263 = DIRECTION ( 'NONE',  ( 1.000000000000000000, 0.000000000000000000, 0.000000000000000000 ) ) ;
#4264 = ORIENTED_EDGE ( 'NONE', *, *, #2108, .T. ) ;
#4265 = CARTESIAN_POINT ( 'NONE',  ( 0.000000000000000000, 0.000000000000000000, 0.000000000000000000 ) ) ;
#4266 = ADVANCED_FACE ( 'NONE', ( #3472 ), #738, .T. ) ;
#4267 = ORIENTED_EDGE ( 'NONE', *, *, #4422, .T. ) ;
#4268 = ADVANCED_FACE ( 'NONE', ( #370 ), #2803, .T. ) ;
#4269 = CARTESIAN_POINT ( 'NONE',  ( 26.70720151120292840, -13.12088745453381122, 994.7617465664258134 ) ) ;
#4270 = CARTESIAN_POINT ( 'NONE',  ( -34.41089783250500034, -14.23259327800182739, 998.2617465664258134 ) ) ;
#4271 = DIRECTION ( 'NONE',  ( -0.000000000000000000, -0.000000000000000000, -1.000000000000000000 ) ) ;
#4272 = VERTEX_POINT ( 'NONE', #1087 ) ;
#4273 = AXIS2_PLACEMENT_3D ( 'NONE', #790, #2922, #2136 ) ;
#4274 = LINE ( 'NONE', #366, #1185 ) ;
#4275 = CYLINDRICAL_SURFACE ( 'NONE', #4512, 1.250000000000001110 ) ;
#4276 = CIRCLE ( 'NONE', #2282, 1.250000000000001110 ) ;
#4277 = ORIENTED_EDGE ( 'NONE', *, *, #4416, .F. ) ;
#4278 = EDGE_CURVE ( 'NONE', #215, #2961, #1382, .T. ) ;
#4279 = AXIS2_PLACEMENT_3D ( 'NONE', #4361, #3715, #570 ) ;
#4280 = DIRECTION ( 'NONE',  ( 1.000000000000000000, 0.000000000000000000, 0.000000000000000000 ) ) ;
#4281 = CARTESIAN_POINT ( 'NONE',  ( -0.7488564009130722621, -19.52082945453180685, 998.7617465664258134 ) ) ;
#4282 = ORIENTED_EDGE ( 'NONE', *, *, #292, .T. ) ;
#4283 = DIRECTION ( 'NONE',  ( -6.424970771824775901E-16, -1.000000000000000000, 0.000000000000000000 ) ) ;
#4284 = VECTOR ( 'NONE', #3506, 1000.000000000000000 ) ;
#4285 = AXIS2_PLACEMENT_3D ( 'NONE', #3176, #27, #2824 ) ;
#4286 = ORIENTED_EDGE ( 'NONE', *, *, #1259, .F. ) ;
#4287 = CIRCLE ( 'NONE', #3415, 4.999999999999997335 ) ;
#4288 = AXIS2_PLACEMENT_3D ( 'NONE', #4387, #1876, #481 ) ;
#4289 = CIRCLE ( 'NONE', #3408, 1.000000000000000000 ) ;
#4290 = LINE ( 'NONE', #408, #3256 ) ;
#4291 = ORIENTED_EDGE ( 'NONE', *, *, #2018, .T. ) ;
#4292 = COORDINATED_UNIVERSAL_TIME_OFFSET ( 8, 0, .AHEAD. ) ;
#4293 = ORIENTED_EDGE ( 'NONE', *, *, #727, .T. ) ;
#4294 = VECTOR ( 'NONE', #4015, 1000.000000000000000 ) ;
#4295 = PLANE ( 'NONE',  #2588 ) ;
#4296 = EDGE_CURVE ( 'NONE', #3752, #3362, #2779, .T. ) ;
#4297 = CIRCLE ( 'NONE', #3192, 1.250000000000002887 ) ;
#4298 = EDGE_CURVE ( 'NONE', #2367, #361, #3144, .T. ) ;
#4299 = CYLINDRICAL_SURFACE ( 'NONE', #2737, 0.5743212343493758754 ) ;
#4300 = DIRECTION ( 'NONE',  ( 1.000000000000000000, 0.000000000000000000, 0.000000000000000000 ) ) ;
#4301 = ORIENTED_EDGE ( 'NONE', *, *, #1480, .F. ) ;
#4302 = LINE ( 'NONE', #804, #2564 ) ;
#4303 = DIRECTION ( 'NONE',  ( -1.777399113065546671E-16, 1.000000000000000000, 0.000000000000000000 ) ) ;
#4304 = VERTEX_POINT ( 'NONE', #2090 ) ;
#4305 = CARTESIAN_POINT ( 'NONE',  ( 0.8422739011459237091, -19.52082945453180685, 998.7617465664258134 ) ) ;
#4306 = EDGE_CURVE ( 'NONE', #610, #1658, #393, .T. ) ;
#4307 = DIRECTION ( 'NONE',  ( 0.000000000000000000, -1.000000000000000000, 0.000000000000000000 ) ) ;
#4308 = ORIENTED_EDGE ( 'NONE', *, *, #1827, .T. ) ;
#4309 = PLANE ( 'NONE',  #3437 ) ;
#4310 = VERTEX_POINT ( 'NONE', #52 ) ;
#4311 = DIRECTION ( 'NONE',  ( 1.000000000000000000, 0.000000000000000000, 0.000000000000000000 ) ) ;
#4312 = VERTEX_POINT ( 'NONE', #4519 ) ;
#4313 = DIRECTION ( 'NONE',  ( 1.000000000000000000, 0.000000000000000000, 0.000000000000000000 ) ) ;
#4314 = APPROVAL_ROLE ( '' ) ;
#4315 = ORIENTED_EDGE ( 'NONE', *, *, #3476, .F. ) ;
#4316 = CARTESIAN_POINT ( 'NONE',  ( -20.87579369198158474, -22.15303777888381731, 996.7617465664258134 ) ) ;
#4317 = LINE ( 'NONE', #2718, #315 ) ;
#4318 = DIRECTION ( 'NONE',  ( 0.000000000000000000, 0.000000000000000000, 1.000000000000000000 ) ) ;
#4319 = ORIENTED_EDGE ( 'NONE', *, *, #4214, .F. ) ;
#4320 = DIRECTION ( 'NONE',  ( 1.000000000000000000, 7.109596452262187670E-16, 0.000000000000000000 ) ) ;
#4321 = CARTESIAN_POINT ( 'NONE',  ( 4.212261201145924616, -20.52082945453181040, 994.7617465664258134 ) ) ;
#4322 = ADVANCED_FACE ( 'NONE', ( #1449 ), #2848, .T. ) ;
#4323 = ADVANCED_FACE ( 'NONE', ( #502 ), #2629, .F. ) ;
#4324 = VECTOR ( 'NONE', #339, 1000.000000000000000 ) ;
#4325 = DIRECTION ( 'NONE',  ( -1.000000000000000000, 0.000000000000000000, 0.000000000000000000 ) ) ;
#4326 = VERTEX_POINT ( 'NONE', #4060 ) ;
#4327 = PLANE ( 'NONE',  #1281 ) ;
#4328 = ORIENTED_EDGE ( 'NONE', *, *, #1652, .F. ) ;
#4329 = CARTESIAN_POINT ( 'NONE',  ( 35.07158772934651836, -10.90936937654907801, 996.7617465664258134 ) ) ;
#4330 = EDGE_CURVE ( 'NONE', #2046, #285, #2237, .T. ) ;
#4331 = CARTESIAN_POINT ( 'NONE',  ( 28.20720151120292840, -14.12088745453381122, 998.7617465664258134 ) ) ;
#4332 = DIRECTION ( 'NONE',  ( -0.000000000000000000, -0.000000000000000000, 1.000000000000000000 ) ) ;
#4333 = ORIENTED_EDGE ( 'NONE', *, *, #1345, .F. ) ;
#4334 = CARTESIAN_POINT ( 'NONE',  ( -26.35978350296907280, -13.12088745453381300, 994.7617465664258134 ) ) ;
#4335 = LINE ( 'NONE', #1548, #3180 ) ;
#4336 = FACE_OUTER_BOUND ( 'NONE', #969, .T. ) ;
#4337 = DIRECTION ( 'NONE',  ( -0.000000000000000000, -0.000000000000000000, 1.000000000000000000 ) ) ;
#4338 = ORIENTED_EDGE ( 'NONE', *, *, #1011, .F. ) ;
#4339 = VECTOR ( 'NONE', #1129, 1000.000000000000000 ) ;
#4340 = LINE ( 'NONE', #826, #744 ) ;
#4341 = DIRECTION ( 'NONE',  ( -0.000000000000000000, -0.000000000000000000, -1.000000000000000000 ) ) ;
#4342 = VECTOR ( 'NONE', #2650, 1000.000000000000000 ) ;
#4343 = CARTESIAN_POINT ( 'NONE',  ( -34.41089783250500034, -14.23259327800182739, 998.2617465664258134 ) ) ;
#4344 = ORIENTED_EDGE ( 'NONE', *, *, #4182, .T. ) ;
#4345 = ADVANCED_FACE ( 'NONE', ( #3029 ), #920, .T. ) ;
#4346 = FACE_BOUND ( 'NONE', #4150, .T. ) ;
#4347 = ADVANCED_FACE ( 'NONE', ( #2309 ), #2959, .F. ) ;
#4348 = ORIENTED_EDGE ( 'NONE', *, *, #892, .T. ) ;
#4349 = PLANE ( 'NONE',  #947 ) ;
#4350 = CIRCLE ( 'NONE', #4279, 1.500000000000004885 ) ;
#4351 = FACE_OUTER_BOUND ( 'NONE', #4396, .T. ) ;
#4352 = AXIS2_PLACEMENT_3D ( 'NONE', #2012, #1328, #2032 ) ;
#4353 = DIRECTION ( 'NONE',  ( 1.000000000000000000, 0.000000000000000000, 0.000000000000000000 ) ) ;
#4354 = EDGE_LOOP ( 'NONE', ( #348, #3660, #2390, #2124 ) ) ;
#4355 = DIRECTION ( 'NONE',  ( 1.000000000000000000, 0.000000000000000000, 0.000000000000000000 ) ) ;
#4356 = ORIENTED_EDGE ( 'NONE', *, *, #1662, .T. ) ;
#4357 = VECTOR ( 'NONE', #4428, 1000.000000000000000 ) ;
#4358 = AXIS2_PLACEMENT_3D ( 'NONE', #462, #1770, #1816 ) ;
#4359 = VECTOR ( 'NONE', #2345, 1000.000000000000000 ) ;
#4360 = DIRECTION ( 'NONE',  ( -0.000000000000000000, -0.000000000000000000, 1.000000000000000000 ) ) ;
#4361 = CARTESIAN_POINT ( 'NONE',  ( 26.70720151120292485, -19.52082945453180685, 998.7617465664258134 ) ) ;
#4362 = EDGE_CURVE ( 'NONE', #652, #4413, #138, .T. ) ;
#4363 = VECTOR ( 'NONE', #532, 1000.000000000000000 ) ;
#4364 = DIRECTION ( 'NONE',  ( 1.000000000000000000, 0.000000000000000000, 0.000000000000000000 ) ) ;
#4365 = VECTOR ( 'NONE', #3629, 1000.000000000000000 ) ;
#4366 = DIRECTION ( 'NONE',  ( 1.000000000000000000, 0.000000000000000000, 0.000000000000000000 ) ) ;
#4367 = ORIENTED_EDGE ( 'NONE', *, *, #956, .T. ) ;
#4368 = VECTOR ( 'NONE', #1, 1000.000000000000000 ) ;
#4369 = VECTOR ( 'NONE', #1572, 1000.000000000000000 ) ;
#4370 = CARTESIAN_POINT ( 'NONE',  ( 12.10217230114492715, -13.12088745453381122, 998.2617465664258134 ) ) ;
#4371 = DIRECTION ( 'NONE',  ( 7.109596452262187670E-16, -1.000000000000000000, 0.000000000000000000 ) ) ;
#4372 = ADVANCED_FACE ( 'NONE', ( #158 ), #1598, .F. ) ;
#4373 = DIRECTION ( 'NONE',  ( 0.000000000000000000, 0.000000000000000000, 1.000000000000000000 ) ) ;
#4374 = ORIENTED_EDGE ( 'NONE', *, *, #1705, .T. ) ;
#4375 = DIRECTION ( 'NONE',  ( 1.000000000000000000, 0.000000000000000000, -0.000000000000000000 ) ) ;
#4376 = VERTEX_POINT ( 'NONE', #2257 ) ;
#4377 = DIRECTION ( 'NONE',  ( -0.000000000000000000, -0.000000000000000000, -1.000000000000000000 ) ) ;
#4378 = ADVANCED_FACE ( 'NONE', ( #2935 ), #1818, .F. ) ;
#4379 = LINE ( 'NONE', #1540, #3323 ) ;
#4380 = DIRECTION ( 'NONE',  ( 1.000000000000000000, 0.000000000000000000, 0.000000000000000000 ) ) ;
#4381 = VERTEX_POINT ( 'NONE', #1190 ) ;
#4382 = DIRECTION ( 'NONE',  ( 0.000000000000000000, -1.000000000000000000, 0.000000000000000000 ) ) ;
#4383 = ORIENTED_EDGE ( 'NONE', *, *, #2430, .F. ) ;
#4384 = EDGE_CURVE ( 'NONE', #4191, #1945, #4408, .T. ) ;
#4385 = EDGE_CURVE ( 'NONE', #4381, #1931, #3355, .T. ) ;
#4386 = CARTESIAN_POINT ( 'NONE',  ( 31.42847732750292522, -18.65303777888382086, 994.7617465664258134 ) ) ;
#4387 = CARTESIAN_POINT ( 'NONE',  ( 16.94730311120392585, -14.12088745453381122, 998.2617465664258134 ) ) ;
#4388 = FACE_OUTER_BOUND ( 'NONE', #3316, .T. ) ;
#4389 = CARTESIAN_POINT ( 'NONE',  ( 28.20720151120292840, -14.12088745453381122, 998.2617465664258134 ) ) ;
#4390 = ORIENTED_EDGE ( 'NONE', *, *, #1392, .F. ) ;
#4391 = ADVANCED_FACE ( 'NONE', ( #1944 ), #1965, .F. ) ;
#4392 = FACE_OUTER_BOUND ( 'NONE', #3903, .T. ) ;
#4393 = CARTESIAN_POINT ( 'NONE',  ( -26.35978350296906925, -21.02082945453181395, 998.2617465664258134 ) ) ;
#4394 = EDGE_LOOP ( 'NONE', ( #1344, #1849, #2037, #4021 ) ) ;
#4395 = CARTESIAN_POINT ( 'NONE',  ( -36.57593716428681319, -7.232593278003832005, 998.2617465664258134 ) ) ;
#4396 = EDGE_LOOP ( 'NONE', ( #2057, #4104, #1669, #1128 ) ) ;
#4397 = CARTESIAN_POINT ( 'NONE',  ( 16.94730311120392940, -20.52082945453181395, 998.2617465664258134 ) ) ;
#4398 = VERTEX_POINT ( 'NONE', #418 ) ;
#4399 = DIRECTION ( 'NONE',  ( -0.000000000000000000, -0.000000000000000000, 1.000000000000000000 ) ) ;
#4400 = PRODUCT_DEFINITION_FORMATION_WITH_SPECIFIED_SOURCE ( '�', '', #1736, .NOT_KNOWN. ) ;
#4401 = PLANE ( 'NONE',  #2209 ) ;
#4402 = PLANE ( 'NONE',  #3473 ) ;
#4403 = VERTEX_POINT ( 'NONE', #550 ) ;
#4404 = CARTESIAN_POINT ( 'NONE',  ( 0.8422739011459239311, -14.12088745453381122, 998.7617465664258134 ) ) ;
#4405 = VERTEX_POINT ( 'NONE', #3690 ) ;
#4406 = ORIENTED_EDGE ( 'NONE', *, *, #2836, .F. ) ;
#4407 = LINE ( 'NONE', #867, #2064 ) ;
#4408 = CIRCLE ( 'NONE', #1977, 1.665039331781817289 ) ;
#4409 = LINE ( 'NONE', #4033, #1992 ) ;
#4410 = EDGE_CURVE ( 'NONE', #2462, #361, #4013, .T. ) ;
#4411 = ADVANCED_FACE ( 'NONE', ( #3647 ), #3329, .F. ) ;
#4412 = DIRECTION ( 'NONE',  ( 1.000000000000000000, 0.000000000000000000, 0.000000000000000000 ) ) ;
#4413 = VERTEX_POINT ( 'NONE', #1919 ) ;
#4414 = DIRECTION ( 'NONE',  ( 1.000000000000000000, 7.109596452262187670E-16, 0.000000000000000000 ) ) ;
#4415 = CARTESIAN_POINT ( 'NONE',  ( 15.44730311120392763, -14.12088745453381122, 998.2617465664258134 ) ) ;
#4416 = EDGE_CURVE ( 'NONE', #2439, #2731, #184, .T. ) ;
#4417 = CIRCLE ( 'NONE', #3389, 1.500000000000004885 ) ;
#4418 = VERTEX_POINT ( 'NONE', #4389 ) ;
#4419 = PLANE ( 'NONE',  #3608 ) ;
#4420 = ORIENTED_EDGE ( 'NONE', *, *, #3009, .T. ) ;
#4421 = DIRECTION ( 'NONE',  ( -0.000000000000000000, -0.000000000000000000, 1.000000000000000000 ) ) ;
#4422 = EDGE_CURVE ( 'NONE', #3656, #747, #2126, .T. ) ;
#4423 = ORIENTED_EDGE ( 'NONE', *, *, #3339, .F. ) ;
#4424 = CARTESIAN_POINT ( 'NONE',  ( -0.7488564009130722621, -19.52082945453180685, 998.2617465664258134 ) ) ;
#4425 = CIRCLE ( 'NONE', #3025, 2.032057280119223375 ) ;
#4426 = AXIS2_PLACEMENT_3D ( 'NONE', #2243, #4042, #4325 ) ;
#4427 = CARTESIAN_POINT ( 'NONE',  ( -41.19464900133603180, 8.577967428120441440, 996.7617465664258134 ) ) ;
#4428 = DIRECTION ( 'NONE',  ( -0.000000000000000000, -0.000000000000000000, -1.000000000000000000 ) ) ;
#4429 = ORIENTED_EDGE ( 'NONE', *, *, #3632, .F. ) ;
#4430 = DIRECTION ( 'NONE',  ( 1.000000000000000000, -0.000000000000000000, 0.000000000000000000 ) ) ;
#4431 = ORIENTED_EDGE ( 'NONE', *, *, #223, .F. ) ;
#4432 = VECTOR ( 'NONE', #2026, 1000.000000000000000 ) ;
#4433 = ORIENTED_EDGE ( 'NONE', *, *, #639, .F. ) ;
#4434 = CARTESIAN_POINT ( 'NONE',  ( 2.342273901145925041, -21.02082945453181040, 998.2617465664258134 ) ) ;
#4435 = PLANE ( 'NONE',  #3974 ) ;
#4436 = CARTESIAN_POINT ( 'NONE',  ( 2.342273901145924597, -19.52082945453180685, 998.2617465664258134 ) ) ;
#4437 = VECTOR ( 'NONE', #4341, 1000.000000000000000 ) ;
#4438 = EDGE_CURVE ( 'NONE', #1209, #4398, #4133, .T. ) ;
#4439 = EDGE_CURVE ( 'NONE', #3250, #2635, #1051, .T. ) ;
#4440 = DIRECTION ( 'NONE',  ( -8.417240438664429301E-16, -1.000000000000000000, 0.000000000000000000 ) ) ;
#4441 = VECTOR ( 'NONE', #3440, 1000.000000000000000 ) ;
#4442 = VECTOR ( 'NONE', #2418, 1000.000000000000000 ) ;
#4443 = CARTESIAN_POINT ( 'NONE',  ( -36.97721736514306201, -23.15303777888382086, 996.7617465664258134 ) ) ;
#4444 = EDGE_LOOP ( 'NONE', ( #1825, #880, #2484, #105 ) ) ;
#4445 = AXIS2_PLACEMENT_3D ( 'NONE', #2183, #1905, #509 ) ;
#4446 = CIRCLE ( 'NONE', #1870, 1.000000000000000888 ) ;
#4447 = ADVANCED_FACE ( 'NONE', ( #2379, #1691, #3147, #3785, #3402, #4111, #3762 ), #1351, .F. ) ;
#4448 = CARTESIAN_POINT ( 'NONE',  ( 15.32705365434144795, 19.82163583045518962, 996.7617465664258134 ) ) ;
#4449 = ORIENTED_EDGE ( 'NONE', *, *, #1133, .T. ) ;
#4450 = LINE ( 'NONE', #4471, #4148 ) ;
#4451 = CIRCLE ( 'NONE', #3052, 1.499999999999997780 ) ;
#4452 = ORIENTED_EDGE ( 'NONE', *, *, #3668, .T. ) ;
#4453 = CARTESIAN_POINT ( 'NONE',  ( 13.82705365434144440, 20.82163583045518962, 996.7617465664258134 ) ) ;
#4454 = LINE ( 'NONE', #1588, #3467 ) ;
#4455 = DIRECTION ( 'NONE',  ( 0.000000000000000000, -0.000000000000000000, -1.000000000000000000 ) ) ;
#4456 = ORIENTED_EDGE ( 'NONE', *, *, #454, .T. ) ;
#4457 = DIRECTION ( 'NONE',  ( 1.000000000000000000, 0.000000000000000000, -0.000000000000000000 ) ) ;
#4458 = ORIENTED_EDGE ( 'NONE', *, *, #2898, .F. ) ;
#4459 = ORIENTED_EDGE ( 'NONE', *, *, #4038, .F. ) ;
#4460 = CARTESIAN_POINT ( 'NONE',  ( 32.42847732750293233, 17.32163583045519317, 996.7617465664258134 ) ) ;
#4461 = CARTESIAN_POINT ( 'NONE',  ( -18.87579369198158119, -22.15303777888381731, 996.7617465664258134 ) ) ;
#4462 = LINE ( 'NONE', #2077, #2640 ) ;
#4463 = CARTESIAN_POINT ( 'NONE',  ( 15.32705365434141420, -22.15303777888381376, 996.7617465664258134 ) ) ;
#4464 = VECTOR ( 'NONE', #286, 1000.000000000000000 ) ;
#4465 = DIRECTION ( 'NONE',  ( 0.000000000000000000, -0.000000000000000000, 1.000000000000000000 ) ) ;
#4466 = ORIENTED_EDGE ( 'NONE', *, *, #1662, .F. ) ;
#4467 = CIRCLE ( 'NONE', #2841, 1.665039331781817289 ) ;
#4468 = DIRECTION ( 'NONE',  ( -0.000000000000000000, -0.000000000000000000, -1.000000000000000000 ) ) ;
#4469 = VERTEX_POINT ( 'NONE', #4175 ) ;
#4470 = VECTOR ( 'NONE', #1529, 1000.000000000000000 ) ;
#4471 = CARTESIAN_POINT ( 'NONE',  ( 29.57421773772599849, -9.904726882270324495, 994.7617465664258134 ) ) ;
#4472 = ORIENTED_EDGE ( 'NONE', *, *, #702, .T. ) ;
#4473 = DIRECTION ( 'NONE',  ( -0.000000000000000000, 0.000000000000000000, 1.000000000000000000 ) ) ;
#4474 = EDGE_CURVE ( 'NONE', #525, #4199, #1400, .T. ) ;
#4475 = DIRECTION ( 'NONE',  ( 1.000000000000000000, 0.000000000000000000, 0.000000000000000000 ) ) ;
#4476 = LINE ( 'NONE', #3419, #1352 ) ;
#4477 = ORIENTED_EDGE ( 'NONE', *, *, #3707, .F. ) ;
#4478 = DIRECTION ( 'NONE',  ( 0.000000000000000000, 0.000000000000000000, 1.000000000000000000 ) ) ;
#4479 = EDGE_CURVE ( 'NONE', #1833, #978, #2788, .T. ) ;
#4480 = ORIENTED_EDGE ( 'NONE', *, *, #535, .T. ) ;
#4481 = ORIENTED_EDGE ( 'NONE', *, *, #3476, .T. ) ;
#4482 = DIRECTION ( 'NONE',  ( 0.000000000000000000, -1.000000000000000000, 0.000000000000000000 ) ) ;
#4483 = DIRECTION ( 'NONE',  ( 1.000000000000000000, 0.000000000000000000, 0.000000000000000000 ) ) ;
#4484 = FACE_OUTER_BOUND ( 'NONE', #2852, .T. ) ;
#4485 = CARTESIAN_POINT ( 'NONE',  ( 10.23218500114592544, -20.52082945453181040, 994.7617465664258134 ) ) ;
#4486 = ORIENTED_EDGE ( 'NONE', *, *, #956, .F. ) ;
#4487 = PLANE ( 'NONE',  #2943 ) ;
#4488 = DIRECTION ( 'NONE',  ( -0.000000000000000000, -0.000000000000000000, -1.000000000000000000 ) ) ;
#4489 = VERTEX_POINT ( 'NONE', #681 ) ;
#4490 = CARTESIAN_POINT ( 'NONE',  ( 15.94730311120392408, -14.12088745453381122, 998.2617465664258134 ) ) ;
#4491 = VECTOR ( 'NONE', #2130, 1000.000000000000000 ) ;
#4492 = CARTESIAN_POINT ( 'NONE',  ( -2.248856400913075149, -21.02082945453181395, 998.2617465664258134 ) ) ;
#4493 = EDGE_CURVE ( 'NONE', #3245, #2367, #4462, .T. ) ;
#4494 = EDGE_CURVE ( 'NONE', #1117, #1500, #664, .T. ) ;
#4495 = DIRECTION ( 'NONE',  ( 1.000000000000000000, 0.000000000000000000, 0.000000000000000000 ) ) ;
#4496 = ORIENTED_EDGE ( 'NONE', *, *, #4416, .T. ) ;
#4497 = CARTESIAN_POINT ( 'NONE',  ( 16.94730311120392585, -14.12088745453381122, 998.2617465664258134 ) ) ;
#4498 = VECTOR ( 'NONE', #1236, 1000.000000000000000 ) ;
#4499 = VECTOR ( 'NONE', #438, 1000.000000000000000 ) ;
#4500 = ORIENTED_EDGE ( 'NONE', *, *, #1587, .T. ) ;
#4501 = EDGE_CURVE ( 'NONE', #3610, #495, #4507, .T. ) ;
#4502 = ORIENTED_EDGE ( 'NONE', *, *, #3038, .T. ) ;
#4503 = CIRCLE ( 'NONE', #3827, 1.499999999999997780 ) ;
#4504 = VECTOR ( 'NONE', #2381, 1000.000000000000000 ) ;
#4505 = LINE ( 'NONE', #4434, #760 ) ;
#4506 = FACE_OUTER_BOUND ( 'NONE', #578, .T. ) ;
#4507 = LINE ( 'NONE', #2351, #450 ) ;
#4508 = EDGE_CURVE ( 'NONE', #3852, #4243, #1028, .T. ) ;
#4509 = FACE_OUTER_BOUND ( 'NONE', #189, .T. ) ;
#4510 = LINE ( 'NONE', #3430, #4504 ) ;
#4511 = VECTOR ( 'NONE', #1759, 1000.000000000000000 ) ;
#4512 = AXIS2_PLACEMENT_3D ( 'NONE', #1467, #123, #1154 ) ;
#4513 = ORIENTED_EDGE ( 'NONE', *, *, #2096, .T. ) ;
#4514 = VECTOR ( 'NONE', #2389, 1000.000000000000000 ) ;
#4515 = AXIS2_PLACEMENT_3D ( 'NONE', #1766, #67, #4250 ) ;
#4516 = CARTESIAN_POINT ( 'NONE',  ( 13.32705365434144440, 19.82163583045518962, 996.7617465664258134 ) ) ;
#4517 = LINE ( 'NONE', #3434, #1639 ) ;
#4518 = ORIENTED_EDGE ( 'NONE', *, *, #2213, .T. ) ;
#4519 = CARTESIAN_POINT ( 'NONE',  ( -16.59988510297007025, -21.02082945453180685, 998.2617465664258134 ) ) ;
#4520 = CARTESIAN_POINT ( 'NONE',  ( 31.42847732750292522, 16.32163583045519673, 994.7617465664258134 ) ) ;
#4521 = AXIS2_PLACEMENT_3D ( 'NONE', #3261, #1420, #732 ) ;
#4522 = VECTOR ( 'NONE', #4360, 1000.000000000000000 ) ;
#4523 = DIRECTION ( 'NONE',  ( 0.000000000000000000, -1.000000000000000000, 0.000000000000000000 ) ) ;
#4524 = ORIENTED_EDGE ( 'NONE', *, *, #3200, .F. ) ;
#4525 = DIRECTION ( 'NONE',  ( 1.000000000000000000, 0.000000000000000000, 0.000000000000000000 ) ) ;
#4526 = ORIENTED_EDGE ( 'NONE', *, *, #3075, .F. ) ;
#4527 = EDGE_CURVE ( 'NONE', #159, #1833, #3739, .T. ) ;
#4528 = ORIENTED_EDGE ( 'NONE', *, *, #2812, .T. ) ;
#4529 = CARTESIAN_POINT ( 'NONE',  ( -41.19464900133603180, -10.90936937654906558, 996.7617465664258134 ) ) ;
#4530 = DIRECTION ( 'NONE',  ( -0.000000000000000000, -0.000000000000000000, 1.000000000000000000 ) ) ;
#4531 = ADVANCED_FACE ( 'NONE', ( #4158 ), #3805, .F. ) ;
#4532 = ORIENTED_EDGE ( 'NONE', *, *, #3706, .T. ) ;
#4533 = LINE ( 'NONE', #595, #2445 ) ;
#4534 = FACE_OUTER_BOUND ( 'NONE', #1898, .T. ) ;
#4535 = ORIENTED_EDGE ( 'NONE', *, *, #2723, .T. ) ;
#4536 = CARTESIAN_POINT ( 'NONE',  ( -18.12579369198156698, 20.82163583045519673, 994.7617465664258134 ) ) ;
#4537 = CARTESIAN_POINT ( 'NONE',  ( -34.41089783250500034, -14.23259327800182739, 994.7617465664258134 ) ) ;
#4538 = EDGE_LOOP ( 'NONE', ( #2382, #3379, #4055, #4083 ) ) ;
#4539 = CARTESIAN_POINT ( 'NONE',  ( 32.42847732750293233, -24.65303777888381376, 996.7617465664258134 ) ) ;
#4540 = CARTESIAN_POINT ( 'NONE',  ( -12.00875480091207592, -21.02082945453180685, 998.2617465664258134 ) ) ;
#4541 = VERTEX_POINT ( 'NONE', #251 ) ;
#4542 = LINE ( 'NONE', #3162, #2297 ) ;
#4543 = ORIENTED_EDGE ( 'NONE', *, *, #2316, .F. ) ;
#4544 = ORIENTED_EDGE ( 'NONE', *, *, #2578, .F. ) ;
#4545 = DIRECTION ( 'NONE',  ( -1.000000000000000000, 0.000000000000000000, 0.000000000000000000 ) ) ;
#4546 = CARTESIAN_POINT ( 'NONE',  ( -36.97721736514306201, -18.65303777888382086, 994.7617465664258134 ) ) ;
#4547 = ORIENTED_EDGE ( 'NONE', *, *, #3902, .F. ) ;
#4548 = DIRECTION ( 'NONE',  ( 1.000000000000000000, 0.000000000000000000, 0.000000000000000000 ) ) ;
#4549 = ADVANCED_FACE ( 'NONE', ( #2416 ), #2034, .F. ) ;
#4550 = EDGE_CURVE ( 'NONE', #1096, #2740, #3427, .T. ) ;
#4551 = CARTESIAN_POINT ( 'NONE',  ( 15.94730311120392408, -19.52082945453181040, 998.2617465664258134 ) ) ;
ENDSEC;
END-ISO-10303-21;
